article,date,views
Breast_cancer,2024-01-01,823
Breast_cancer,2024-01-02,956
Breast_cancer,2024-01-03,876
Breast_cancer,2024-01-04,874
Breast_cancer,2024-01-05,853
Breast_cancer,2024-01-06,789
Breast_cancer,2024-01-07,876
Breast_cancer,2024-01-08,953
Breast_cancer,2024-01-09,1507
Breast_cancer,2024-01-10,1833
Breast_cancer,2024-01-11,1270
Breast_cancer,2024-01-12,1226
Breast_cancer,2024-01-13,1006
Breast_cancer,2024-01-14,916
Breast_cancer,2024-01-15,938
Breast_cancer,2024-01-16,1159
Breast_cancer,2024-01-17,1013
Breast_cancer,2024-01-18,970
Breast_cancer,2024-01-19,894
Breast_cancer,2024-01-20,840
Breast_cancer,2024-01-21,897
Breast_cancer,2024-01-22,818
Breast_cancer,2024-01-23,949
Breast_cancer,2024-01-24,955
Breast_cancer,2024-01-25,912
Breast_cancer,2024-01-26,829
Breast_cancer,2024-01-27,808
Breast_cancer,2024-01-28,873
Breast_cancer,2024-01-29,905
Breast_cancer,2024-01-30,873
Breast_cancer,2024-01-31,956
Breast_cancer,2024-02-01,994
Breast_cancer,2024-02-02,1138
Breast_cancer,2024-02-03,888
Breast_cancer,2024-02-04,909
Breast_cancer,2024-02-05,1051
Breast_cancer,2024-02-06,973
Breast_cancer,2024-02-07,923
Breast_cancer,2024-02-08,868
Breast_cancer,2024-02-09,848
Breast_cancer,2024-02-10,780
Breast_cancer,2024-02-11,856
Breast_cancer,2024-02-12,844
Breast_cancer,2024-02-13,924
Breast_cancer,2024-02-14,896
Breast_cancer,2024-02-15,913
Breast_cancer,2024-02-16,888
Breast_cancer,2024-02-17,850
Breast_cancer,2024-02-18,898
Breast_cancer,2024-02-19,1058
Breast_cancer,2024-02-20,1000
Breast_cancer,2024-02-21,1054
Breast_cancer,2024-02-22,960
Breast_cancer,2024-02-23,843
Breast_cancer,2024-02-24,830
Breast_cancer,2024-02-25,829
Breast_cancer,2024-02-26,942
Breast_cancer,2024-02-27,945
Breast_cancer,2024-02-28,928
Breast_cancer,2024-02-29,955
Breast_cancer,2024-03-01,875
Breast_cancer,2024-03-02,807
Breast_cancer,2024-03-03,841
Breast_cancer,2024-03-04,842
Breast_cancer,2024-03-05,1073
Breast_cancer,2024-03-06,878
Breast_cancer,2024-03-07,831
Breast_cancer,2024-03-08,868
Breast_cancer,2024-03-09,844
Breast_cancer,2024-03-10,867
Breast_cancer,2024-03-11,807
Breast_cancer,2024-03-12,872
Breast_cancer,2024-03-13,1166
Breast_cancer,2024-03-14,1186
Breast_cancer,2024-03-15,1154
Breast_cancer,2024-03-16,912
Breast_cancer,2024-03-17,823
Breast_cancer,2024-03-18,1132
Breast_cancer,2024-03-19,946
Breast_cancer,2024-03-20,904
Breast_cancer,2024-03-21,908
Breast_cancer,2024-03-22,905
Breast_cancer,2024-03-23,1025
Breast_cancer,2024-03-24,960
Breast_cancer,2024-03-25,979
Breast_cancer,2024-03-26,762
Breast_cancer,2024-03-27,862
Breast_cancer,2024-03-28,1468
Breast_cancer,2024-03-29,1018
Breast_cancer,2024-03-30,884
Breast_cancer,2024-03-31,796
Breast_cancer,2024-04-01,843
Breast_cancer,2024-04-02,972
Breast_cancer,2024-04-03,1026
Breast_cancer,2024-04-04,1025
Breast_cancer,2024-04-05,917
Breast_cancer,2024-04-06,805
Breast_cancer,2024-04-07,744
Breast_cancer,2024-04-08,834
Breast_cancer,2024-04-09,854
Breast_cancer,2024-04-10,897
Breast_cancer,2024-04-11,939
Breast_cancer,2024-04-12,839
Breast_cancer,2024-04-13,750
Breast_cancer,2024-04-14,838
Breast_cancer,2024-04-15,863
Breast_cancer,2024-04-16,904
Breast_cancer,2024-04-17,960
Breast_cancer,2024-04-18,898
Breast_cancer,2024-04-19,868
Breast_cancer,2024-04-20,844
Breast_cancer,2024-04-21,879
Breast_cancer,2024-04-22,1039
Breast_cancer,2024-04-23,860
Breast_cancer,2024-04-24,871
Breast_cancer,2024-04-25,857
Breast_cancer,2024-04-26,843
Breast_cancer,2024-04-27,795
Breast_cancer,2024-04-28,834
Breast_cancer,2024-04-29,802
Breast_cancer,2024-04-30,835
Breast_cancer,2024-05-01,810
Breast_cancer,2024-05-02,901
Breast_cancer,2024-05-03,854
Breast_cancer,2024-05-04,752
Breast_cancer,2024-05-05,872
Breast_cancer,2024-05-06,915
Breast_cancer,2024-05-07,925
Breast_cancer,2024-05-08,881
Breast_cancer,2024-05-09,804
Breast_cancer,2024-05-10,785
Breast_cancer,2024-05-11,759
Breast_cancer,2024-05-12,776
Breast_cancer,2024-05-13,869
Breast_cancer,2024-05-14,992
Breast_cancer,2024-05-15,912
Breast_cancer,2024-05-16,914
Breast_cancer,2024-05-17,1002
Breast_cancer,2024-05-18,895
Breast_cancer,2024-05-19,914
Breast_cancer,2024-05-20,1027
Breast_cancer,2024-05-21,1131
Breast_cancer,2024-05-22,899
Breast_cancer,2024-05-23,832
Breast_cancer,2024-05-24,817
Breast_cancer,2024-05-25,749
Breast_cancer,2024-05-26,770
Breast_cancer,2024-05-27,847
Breast_cancer,2024-05-28,836
Breast_cancer,2024-05-29,917
Breast_cancer,2024-05-30,850
Breast_cancer,2024-05-31,753
Breast_cancer,2024-06-01,796
Breast_cancer,2024-06-02,744
Breast_cancer,2024-06-03,780
Breast_cancer,2024-06-04,839
Breast_cancer,2024-06-05,855
Breast_cancer,2024-06-06,878
Breast_cancer,2024-06-07,809
Breast_cancer,2024-06-08,786
Breast_cancer,2024-06-09,736
Breast_cancer,2024-06-10,866
Breast_cancer,2024-06-11,844
Breast_cancer,2024-06-12,969
Breast_cancer,2024-06-13,885
Breast_cancer,2024-06-14,865
Breast_cancer,2024-06-15,699
Breast_cancer,2024-06-16,846
Breast_cancer,2024-06-17,1394
Breast_cancer,2024-06-18,991
Breast_cancer,2024-06-19,930
Breast_cancer,2024-06-20,927
Breast_cancer,2024-06-21,735
Breast_cancer,2024-06-22,755
Breast_cancer,2024-06-23,742
Breast_cancer,2024-06-24,847
Breast_cancer,2024-06-25,775
Breast_cancer,2024-06-26,811
Breast_cancer,2024-06-27,743
Breast_cancer,2024-06-28,1590
Breast_cancer,2024-06-29,1433
Breast_cancer,2024-06-30,1097
Breast_cancer,2024-07-01,1079
Breast_cancer,2024-07-02,1160
Breast_cancer,2024-07-03,1100
Breast_cancer,2024-07-04,1564
Breast_cancer,2024-07-05,1508
Breast_cancer,2024-07-06,1312
Breast_cancer,2024-07-07,1123
Breast_cancer,2024-07-08,1048
Breast_cancer,2024-07-09,1048
Breast_cancer,2024-07-10,990
Breast_cancer,2024-07-11,1011
Breast_cancer,2024-07-12,942
Breast_cancer,2024-07-13,974
Breast_cancer,2024-07-14,2029
Breast_cancer,2024-07-15,1577
Breast_cancer,2024-07-16,1209
Breast_cancer,2024-07-17,1084
Breast_cancer,2024-07-18,851
Breast_cancer,2024-07-19,907
Breast_cancer,2024-07-20,883
Breast_cancer,2024-07-21,1117
Breast_cancer,2024-07-22,1250
Breast_cancer,2024-07-23,1239
Breast_cancer,2024-07-24,1093
Breast_cancer,2024-07-25,1017
Breast_cancer,2024-07-26,978
Breast_cancer,2024-07-27,912
Breast_cancer,2024-07-28,898
Breast_cancer,2024-07-29,892
Breast_cancer,2024-07-30,981
Breast_cancer,2024-07-31,1350
Breast_cancer,2024-08-01,1002
Breast_cancer,2024-08-02,935
Breast_cancer,2024-08-03,906
Breast_cancer,2024-08-04,843
Breast_cancer,2024-08-05,961
Breast_cancer,2024-08-06,983
Breast_cancer,2024-08-07,988
Breast_cancer,2024-08-08,996
Breast_cancer,2024-08-09,976
Breast_cancer,2024-08-10,859
Breast_cancer,2024-08-11,908
Breast_cancer,2024-08-12,2377
Breast_cancer,2024-08-13,1939
Breast_cancer,2024-08-14,1333
Breast_cancer,2024-08-15,1058
Breast_cancer,2024-08-16,1004
Breast_cancer,2024-08-17,987
Breast_cancer,2024-08-18,967
Breast_cancer,2024-08-19,961
Breast_cancer,2024-08-20,1010
Breast_cancer,2024-08-21,1048
Breast_cancer,2024-08-22,1055
Breast_cancer,2024-08-23,1294
Breast_cancer,2024-08-24,905
Breast_cancer,2024-08-25,853
Breast_cancer,2024-08-26,1260
Breast_cancer,2024-08-27,931
Breast_cancer,2024-08-28,960
Breast_cancer,2024-08-29,911
Breast_cancer,2024-08-30,828
Breast_cancer,2024-08-31,769
Breast_cancer,2024-09-01,787
Breast_cancer,2024-09-02,953
Breast_cancer,2024-09-03,1347
Breast_cancer,2024-09-04,1044
Breast_cancer,2024-09-05,879
Breast_cancer,2024-09-06,917
Breast_cancer,2024-09-07,810
Breast_cancer,2024-09-08,925
Breast_cancer,2024-09-09,1003
Breast_cancer,2024-09-10,874
Breast_cancer,2024-09-11,982
Breast_cancer,2024-09-12,940
Breast_cancer,2024-09-13,1005
Breast_cancer,2024-09-14,895
Breast_cancer,2024-09-15,854
Breast_cancer,2024-09-16,1015
Breast_cancer,2024-09-17,994
Breast_cancer,2024-09-18,910
Breast_cancer,2024-09-19,838
Breast_cancer,2024-09-20,852
Breast_cancer,2024-09-21,846
Breast_cancer,2024-09-22,854
Breast_cancer,2024-09-23,1000
Breast_cancer,2024-09-24,983
Breast_cancer,2024-09-25,1002
Breast_cancer,2024-09-26,1029
Breast_cancer,2024-09-27,1539
Breast_cancer,2024-09-28,1203
Breast_cancer,2024-09-29,1028
Breast_cancer,2024-09-30,1014
Breast_cancer,2024-10-01,1200
Breast_cancer,2024-10-02,1160
Breast_cancer,2024-10-03,1105
Breast_cancer,2024-10-04,1084
Breast_cancer,2024-10-05,951
Breast_cancer,2024-10-06,1026
Breast_cancer,2024-10-07,1128
Breast_cancer,2024-10-08,1114
Breast_cancer,2024-10-09,1189
Breast_cancer,2024-10-10,1153
Breast_cancer,2024-10-11,1043
Breast_cancer,2024-10-12,1078
Breast_cancer,2024-10-13,1206
Breast_cancer,2024-10-14,1231
Breast_cancer,2024-10-15,1256
Breast_cancer,2024-10-16,1245
Breast_cancer,2024-10-17,1208
Breast_cancer,2024-10-18,1247
Breast_cancer,2024-10-19,1073
Breast_cancer,2024-10-20,1096
Breast_cancer,2024-10-21,1213
Breast_cancer,2024-10-22,1161
Breast_cancer,2024-10-23,1149
Breast_cancer,2024-10-24,1090
Breast_cancer,2024-10-25,1144
Breast_cancer,2024-10-26,1069
Breast_cancer,2024-10-27,1063
Breast_cancer,2024-10-28,1136
Breast_cancer,2024-10-29,1082
Breast_cancer,2024-10-30,1031
Breast_cancer,2024-10-31,959
Breast_cancer,2024-11-01,938
Breast_cancer,2024-11-02,931
Breast_cancer,2024-11-03,912
Breast_cancer,2024-11-04,1012
Breast_cancer,2024-11-05,1038
Breast_cancer,2024-11-06,987
Breast_cancer,2024-11-07,967
Breast_cancer,2024-11-08,879
Breast_cancer,2024-11-09,985
Breast_cancer,2024-11-10,950
Breast_cancer,2024-11-11,931
Breast_cancer,2024-11-12,992
Breast_cancer,2024-11-13,962
Breast_cancer,2024-11-14,1001
Breast_cancer,2024-11-15,933
Breast_cancer,2024-11-16,866
Breast_cancer,2024-11-17,979
Breast_cancer,2024-11-18,948
Breast_cancer,2024-11-19,875
Breast_cancer,2024-11-20,1184
Breast_cancer,2024-11-21,1087
Breast_cancer,2024-11-22,835
Breast_cancer,2024-11-23,883
Breast_cancer,2024-11-24,1098
Breast_cancer,2024-11-25,1178
Breast_cancer,2024-11-26,1087
Breast_cancer,2024-11-27,977
Breast_cancer,2024-11-28,958
Breast_cancer,2024-11-29,937
Breast_cancer,2024-11-30,871
Breast_cancer,2024-12-01,894
Breast_cancer,2024-12-02,908
Breast_cancer,2024-12-03,887
Breast_cancer,2024-12-04,851
Breast_cancer,2024-12-05,897
Breast_cancer,2024-12-06,883
Breast_cancer,2024-12-07,855
Breast_cancer,2024-12-08,895
Breast_cancer,2024-12-09,946
Breast_cancer,2024-12-10,960
Breast_cancer,2024-12-11,916
Breast_cancer,2024-12-12,877
Breast_cancer,2024-12-13,838
Breast_cancer,2024-12-14,859
Breast_cancer,2024-12-15,857
Breast_cancer,2024-12-16,904
Breast_cancer,2024-12-17,877
Breast_cancer,2024-12-18,808
Breast_cancer,2024-12-19,832
Breast_cancer,2024-12-20,848
Breast_cancer,2024-12-21,828
Breast_cancer,2024-12-22,877
Breast_cancer,2024-12-23,929
Breast_cancer,2024-12-24,757
Breast_cancer,2024-12-25,772
Breast_cancer,2024-12-26,795
Breast_cancer,2024-12-27,775
Breast_cancer,2024-12-28,1059
Breast_cancer,2024-12-29,962
Breast_cancer,2024-12-30,1017
Breast_cancer,2024-12-31,884
Breast_cancer,2025-01-01,871
Breast_cancer,2025-01-02,858
Breast_cancer,2025-01-03,904
Breast_cancer,2025-01-04,878
Breast_cancer,2025-01-05,947
Breast_cancer,2025-01-06,927
Breast_cancer,2025-01-07,902
Breast_cancer,2025-01-08,802
Breast_cancer,2025-01-09,907
Breast_cancer,2025-01-10,795
Breast_cancer,2025-01-11,911
Breast_cancer,2025-01-12,941
Breast_cancer,2025-01-13,823
Breast_cancer,2025-01-14,968
Breast_cancer,2025-01-15,1006
Breast_cancer,2025-01-16,961
Breast_cancer,2025-01-17,810
Breast_cancer,2025-01-18,851
Breast_cancer,2025-01-19,847
Breast_cancer,2025-01-20,879
Breast_cancer,2025-01-21,913
Breast_cancer,2025-01-22,918
Breast_cancer,2025-01-23,963
Breast_cancer,2025-01-24,816
Breast_cancer,2025-01-25,708
Breast_cancer,2025-01-26,837
Breast_cancer,2025-01-27,821
Breast_cancer,2025-01-28,798
Breast_cancer,2025-01-29,838
Breast_cancer,2025-01-30,784
Breast_cancer,2025-01-31,750
Breast_cancer,2025-02-01,740
Breast_cancer,2025-02-02,768
Breast_cancer,2025-02-03,818
Breast_cancer,2025-02-04,951
Breast_cancer,2025-02-05,815
Breast_cancer,2025-02-06,866
Breast_cancer,2025-02-07,771
Breast_cancer,2025-02-08,749
Breast_cancer,2025-02-09,726
Breast_cancer,2025-02-10,824
Breast_cancer,2025-02-11,819
Breast_cancer,2025-02-12,780
Breast_cancer,2025-02-13,814
Breast_cancer,2025-02-14,783
Breast_cancer,2025-02-15,771
Breast_cancer,2025-02-16,823
Breast_cancer,2025-02-17,762
Breast_cancer,2025-02-18,881
Breast_cancer,2025-02-19,834
Breast_cancer,2025-02-20,809
Breast_cancer,2025-02-21,760
Breast_cancer,2025-02-22,778
Breast_cancer,2025-02-23,760
Breast_cancer,2025-02-24,911
Breast_cancer,2025-02-25,802
Breast_cancer,2025-02-26,787
Breast_cancer,2025-02-27,845
Breast_cancer,2025-02-28,731
Breast_cancer,2025-03-01,758
Breast_cancer,2025-03-02,758
Breast_cancer,2025-03-03,859
Breast_cancer,2025-03-04,801
Breast_cancer,2025-03-05,802
Breast_cancer,2025-03-06,934
Breast_cancer,2025-03-07,838
Breast_cancer,2025-03-08,807
Breast_cancer,2025-03-09,840
Breast_cancer,2025-03-10,817
Breast_cancer,2025-03-11,890
Breast_cancer,2025-03-12,815
Breast_cancer,2025-03-13,820
Breast_cancer,2025-03-14,843
Breast_cancer,2025-03-15,1037
Breast_cancer,2025-03-16,810
Breast_cancer,2025-03-17,798
Breast_cancer,2025-03-18,811
Breast_cancer,2025-03-19,837
Breast_cancer,2025-03-20,827
Breast_cancer,2025-03-21,798
Breast_cancer,2025-03-22,763
Breast_cancer,2025-03-23,771
Breast_cancer,2025-03-24,798
Breast_cancer,2025-03-25,893
Breast_cancer,2025-03-26,888
Breast_cancer,2025-03-27,986
Breast_cancer,2025-03-28,867
Breast_cancer,2025-03-29,864
Breast_cancer,2025-03-30,851
Breast_cancer,2025-03-31,829
Breast_cancer,2025-04-01,864
Breast_cancer,2025-04-02,797
Breast_cancer,2025-04-03,764
Breast_cancer,2025-04-04,776
Breast_cancer,2025-04-05,734
Breast_cancer,2025-04-06,712
Breast_cancer,2025-04-07,774
Breast_cancer,2025-04-08,834
Breast_cancer,2025-04-09,737
Breast_cancer,2025-04-10,832
Breast_cancer,2025-04-11,863
Breast_cancer,2025-04-12,749
Breast_cancer,2025-04-13,738
Breast_cancer,2025-04-14,807
Breast_cancer,2025-04-15,800
Breast_cancer,2025-04-16,814
Breast_cancer,2025-04-17,758
Breast_cancer,2025-04-18,778
Breast_cancer,2025-04-19,677
Breast_cancer,2025-04-20,712
Breast_cancer,2025-04-21,737
Breast_cancer,2025-04-22,830
Breast_cancer,2025-04-23,755
Breast_cancer,2025-04-24,728
Breast_cancer,2025-04-25,882
Breast_cancer,2025-04-26,693
Breast_cancer,2025-04-27,712
Breast_cancer,2025-04-28,777
Breast_cancer,2025-04-29,755
Breast_cancer,2025-04-30,709
Breast_cancer,2025-05-01,767
Breast_cancer,2025-05-02,734
Breast_cancer,2025-05-03,616
Breast_cancer,2025-05-04,724
Breast_cancer,2025-05-05,767
Breast_cancer,2025-05-06,735
Breast_cancer,2025-05-07,723
Breast_cancer,2025-05-08,726
Breast_cancer,2025-05-09,720
Breast_cancer,2025-05-10,701
Breast_cancer,2025-05-11,718
Breast_cancer,2025-05-12,832
Breast_cancer,2025-05-13,879
Breast_cancer,2025-05-14,779
Breast_cancer,2025-05-15,765
Breast_cancer,2025-05-16,744
Breast_cancer,2025-05-17,638
Breast_cancer,2025-05-18,653
Breast_cancer,2025-05-19,767
Breast_cancer,2025-05-20,804
Breast_cancer,2025-05-21,764
Breast_cancer,2025-05-22,756
Breast_cancer,2025-05-23,744
Breast_cancer,2025-05-24,702
Breast_cancer,2025-05-25,639
Breast_cancer,2025-05-26,720
Breast_cancer,2025-05-27,690
Breast_cancer,2025-05-28,763
Breast_cancer,2025-05-29,746
Breast_cancer,2025-05-30,685
Breast_cancer,2025-05-31,692
Breast_cancer,2025-06-01,736
Breast_cancer,2025-06-02,774
Breast_cancer,2025-06-03,783
Breast_cancer,2025-06-04,1073
Breast_cancer,2025-06-05,951
Breast_cancer,2025-06-06,772
Breast_cancer,2025-06-07,792
Breast_cancer,2025-06-08,664
Breast_cancer,2025-06-09,780
Breast_cancer,2025-06-10,759
Breast_cancer,2025-06-11,789
Breast_cancer,2025-06-12,1389
Breast_cancer,2025-06-13,886
Breast_cancer,2025-06-14,746
Breast_cancer,2025-06-15,730
Breast_cancer,2025-06-16,716
Breast_cancer,2025-06-17,723
Breast_cancer,2025-06-18,726
Breast_cancer,2025-06-19,700
Breast_cancer,2025-06-20,773
Breast_cancer,2025-06-21,698
Breast_cancer,2025-06-22,649
Breast_cancer,2025-06-23,726
Breast_cancer,2025-06-24,759
Breast_cancer,2025-06-25,783
Breast_cancer,2025-06-26,844
Breast_cancer,2025-06-27,832
Breast_cancer,2025-06-28,823
Breast_cancer,2025-06-29,664
Breast_cancer,2025-06-30,672
Breast_cancer,2025-07-01,688
Breast_cancer,2025-07-02,670
Breast_cancer,2025-07-03,626
Breast_cancer,2025-07-04,670
Breast_cancer,2025-07-05,612
Breast_cancer,2025-07-06,636
Breast_cancer,2025-07-07,683
Breast_cancer,2025-07-08,756
Breast_cancer,2025-07-09,680
Breast_cancer,2025-07-10,694
Breast_cancer,2025-07-11,662
Breast_cancer,2025-07-12,696
Breast_cancer,2025-07-13,683
Breast_cancer,2025-07-14,695
Breast_cancer,2025-07-15,747
Breast_cancer,2025-07-16,693
Breast_cancer,2025-07-17,749
Breast_cancer,2025-07-18,667
Breast_cancer,2025-07-19,603
Breast_cancer,2025-07-20,686
Breast_cancer,2025-07-21,610
Breast_cancer,2025-07-22,705
Breast_cancer,2025-07-23,735
Breast_cancer,2025-07-24,712
Breast_cancer,2025-07-25,661
Breast_cancer,2025-07-26,614
Breast_cancer,2025-07-27,660
Breast_cancer,2025-07-28,744
Breast_cancer,2025-07-29,731
Breast_cancer,2025-07-30,763
Breast_cancer,2025-07-31,767
Breast_cancer,2025-08-01,769
Breast_cancer,2025-08-02,676
Breast_cancer,2025-08-03,758
Breast_cancer,2025-08-04,808
Breast_cancer,2025-08-05,766
Breast_cancer,2025-08-06,721
Breast_cancer,2025-08-07,687
Breast_cancer,2025-08-08,920
Breast_cancer,2025-08-09,1090
Breast_cancer,2025-08-10,805
Breast_cancer,2025-08-11,796
Breast_cancer,2025-08-12,732
Breast_cancer,2025-08-13,810
Breast_cancer,2025-08-14,722
Breast_cancer,2025-08-15,712
Breast_cancer,2025-08-16,781
Breast_cancer,2025-08-17,732
Breast_cancer,2025-08-18,767
Breast_cancer,2025-08-19,726
Breast_cancer,2025-08-20,683
Breast_cancer,2025-08-21,730
Breast_cancer,2025-08-22,704
Breast_cancer,2025-08-23,691
Breast_cancer,2025-08-24,763
Breast_cancer,2025-08-25,765
Breast_cancer,2025-08-26,714
Breast_cancer,2025-08-27,718
Breast_cancer,2025-08-28,771
Breast_cancer,2025-08-29,694
Breast_cancer,2025-08-30,686
Breast_cancer,2025-08-31,638
Breast_cancer,2025-09-01,718
Breast_cancer,2025-09-02,694
Breast_cancer,2025-09-03,740
Breast_cancer,2025-09-04,918
Breast_cancer,2025-09-05,770
Breast_cancer,2025-09-06,776
Breast_cancer,2025-09-07,829
Breast_cancer,2025-09-08,742
Breast_cancer,2025-09-09,767
Breast_cancer,2025-09-10,673
Breast_cancer,2025-09-11,646
Breast_cancer,2025-09-12,719
Breast_cancer,2025-09-13,784
Breast_cancer,2025-09-14,702
Breast_cancer,2025-09-15,782
Breast_cancer,2025-09-16,707
Breast_cancer,2025-09-17,653
Breast_cancer,2025-09-18,685
Breast_cancer,2025-09-19,649
Breast_cancer,2025-09-20,800
Breast_cancer,2025-09-21,684
Breast_cancer,2025-09-22,736
Breast_cancer,2025-09-23,735
Breast_cancer,2025-09-24,683
Breast_cancer,2025-09-25,688
Breast_cancer,2025-09-26,611
Breast_cancer,2025-09-27,685
Breast_cancer,2025-09-28,703
Breast_cancer,2025-09-29,678
Breast_cancer,2025-09-30,644
Breast_cancer,2025-10-01,765
Breast_cancer,2025-10-02,777
Breast_cancer,2025-10-03,726
Breast_cancer,2025-10-04,834
Breast_cancer,2025-10-05,839
Breast_cancer,2025-10-06,884
Breast_cancer,2025-10-07,798
Breast_cancer,2025-10-08,825
Breast_cancer,2025-10-09,810
Breast_cancer,2025-10-10,820
Breast_cancer,2025-10-11,767
Breast_cancer,2025-10-12,761
Breast_cancer,2025-10-13,857
Breast_cancer,2025-10-14,894
Breast_cancer,2025-10-15,837
Breast_cancer,2025-10-16,905
Breast_cancer,2025-10-17,818
Breast_cancer,2025-10-18,798
Breast_cancer,2025-10-19,823
Breast_cancer,2025-10-20,819
Breast_cancer,2025-10-21,748
Breast_cancer,2025-10-22,847
Breast_cancer,2025-10-23,887
Breast_cancer,2025-10-24,785
Breast_cancer,2025-10-25,767
Breast_cancer,2025-10-26,783
Breast_cancer,2025-10-27,802
Breast_cancer,2025-10-28,865
Breast_cancer,2025-10-29,920
Breast_cancer,2025-10-30,877
Breast_cancer,2025-10-31,881
Breast_cancer,2025-11-01,778
Breast_cancer,2025-11-02,676
Breast_cancer,2025-11-03,784
Breast_cancer,2025-11-04,739
Breast_cancer,2025-11-05,758
Breast_cancer,2025-11-06,714
Breast_cancer,2025-11-07,648
Breast_cancer,2025-11-08,685
Breast_cancer,2025-11-09,656
Breast_cancer,2025-11-10,738
Breast_cancer,2025-11-11,652
Breast_cancer,2025-11-12,751
Breast_cancer,2025-11-13,688
Breast_cancer,2025-11-14,672
Breast_cancer,2025-11-15,649
Breast_cancer,2025-11-16,677
Breast_cancer,2025-11-17,675
Breast_cancer,2025-11-18,692
Breast_cancer,2025-11-19,640
Breast_cancer,2025-11-20,655
Breast_cancer,2025-11-21,637
Breast_cancer,2025-11-22,618
Breast_cancer,2025-11-23,710
Breast_cancer,2025-11-24,639
Breast_cancer,2025-11-25,716
Breast_cancer,2025-11-26,658
Breast_cancer,2025-11-27,574
Breast_cancer,2025-11-28,677
Breast_cancer,2025-11-29,638
Breast_cancer,2025-11-30,627
Breast_cancer,2025-12-01,615
Breast_cancer,2025-12-02,586
Breast_cancer,2025-12-03,630
Breast_cancer,2025-12-04,655
Breast_cancer,2025-12-05,636
Breast_cancer,2025-12-06,568
Breast_cancer,2025-12-07,626
Breast_cancer,2025-12-08,605
Breast_cancer,2025-12-09,597
Breast_cancer,2025-12-10,741
Breast_cancer,2025-12-11,671
Breast_cancer,2025-12-12,670
Breast_cancer,2025-12-13,606
Breast_cancer,2025-12-14,553
Breast_cancer,2025-12-15,618
Breast_cancer,2025-12-16,610
Breast_cancer,2025-12-17,570
Breast_cancer,2025-12-18,633
Breast_cancer,2025-12-19,604
Breast_cancer,2025-12-20,579
Breast_cancer,2025-12-21,581
Breast_cancer,2025-12-22,560
Breast_cancer,2025-12-23,570
Breast_cancer,2025-12-24,547
Breast_cancer,2025-12-25,644
Breast_cancer,2025-12-26,693
Breast_cancer,2025-12-27,645
Breast_cancer,2025-12-28,650
Breast_cancer,2025-12-29,727
Breast_cancer,2025-12-30,625
Breast_cancer,2025-12-31,753
Breast_cancer,2026-01-01,843
Breast_cancer,2026-01-02,712
Breast_cancer,2026-01-03,591
Breast_cancer,2026-01-04,620
Breast_cancer,2026-01-05,527
Breast_cancer,2026-01-06,557
Breast_cancer,2026-01-07,576
Breast_cancer,2026-01-08,691
Breast_cancer,2026-01-09,595
Breast_cancer,2026-01-10,652
Breast_cancer,2026-01-11,592
Breast_cancer,2026-01-12,639
Breast_cancer,2026-01-13,580
Breast_cancer,2026-01-14,582
Breast_cancer,2026-01-15,624
Breast_cancer,2026-01-16,572
Breast_cancer,2026-01-17,566
Breast_cancer,2026-01-18,573
Breast_cancer,2026-01-19,565
Breast_cancer,2026-01-20,536
Breast_cancer,2026-01-21,541
Breast_cancer,2026-01-22,527
Breast_cancer,2026-01-23,560
Breast_cancer,2026-01-24,479
Breast_cancer,2026-01-25,530
Breast_cancer,2026-01-26,561
Breast_cancer,2026-01-27,557
Breast_cancer,2026-01-28,560
Breast_cancer,2026-01-29,659
Breast_cancer,2026-01-30,668
Breast_cancer,2026-01-31,562
Breast_cancer,2026-02-01,531
Breast_cancer,2026-02-02,608
Breast_cancer,2026-02-03,589
Breast_cancer,2026-02-04,635
Breast_cancer,2026-02-05,614
Breast_cancer,2026-02-06,549
Breast_cancer,2026-02-07,471
Breast_cancer,2026-02-08,556
Breast_cancer,2026-02-09,527
Breast_cancer,2026-02-10,584
Breast_cancer,2026-02-11,575
Breast_cancer,2026-02-12,535
Breast_cancer,2026-02-13,545
Breast_cancer,2026-02-14,640
Breast_cancer,2026-02-15,514
Breast_cancer,2026-02-16,550
Breast_cancer,2026-02-17,566
Breast_cancer,2026-02-18,630
Breast_cancer,2026-02-19,619
Breast_cancer,2026-02-20,556
Breast_cancer,2026-02-21,566
Breast_cancer,2026-02-22,529
Breast_cancer,2026-02-23,545
Breast_cancer,2026-02-24,568
Breast_cancer,2026-02-25,466
Breast_cancer,2026-02-26,569
Breast_cancer,2026-02-27,503
Breast_cancer,2026-02-28,525
Breast_cancer,2026-03-01,573
Breast_cancer,2026-03-02,539
Breast_cancer,2026-03-03,637
Breast_cancer,2026-03-04,575
Breast_cancer,2026-03-05,512
Breast_cancer,2026-03-06,482
Breast_cancer,2026-03-07,482
Breast_cancer,2026-03-08,504
Breast_cancer,2026-03-09,524
Breast_cancer,2026-03-10,534
Breast_cancer,2026-03-11,657
Breast_cancer,2026-03-12,500
Breast_cancer,2026-03-13,545
Breast_cancer,2026-03-14,554
Breast_cancer,2026-03-15,569
Breast_cancer,2026-03-16,600
Breast_cancer,2026-03-17,557
Breast_cancer,2026-03-18,508
Breast_cancer,2026-03-19,552
Breast_cancer,2026-03-20,573
Breast_cancer,2026-03-21,513
Breast_cancer,2026-03-22,505
Breast_cancer,2026-03-23,549
Breast_cancer,2026-03-24,566
Breast_cancer,2026-03-25,593
Breast_cancer,2026-03-26,515
Breast_cancer,2026-03-27,498
Breast_cancer,2026-03-28,503
Breast_cancer,2026-03-29,601
Breast_cancer,2026-03-30,479
Breast_cancer,2026-03-31,533
Breast_cancer,2026-04-01,463
Breast_cancer,2026-04-02,528
Breast_cancer,2026-04-03,511
Breast_cancer,2026-04-04,547
Breast_cancer,2026-04-05,454
Breast_cancer,2026-04-06,513
Breast_cancer,2026-04-07,549
Breast_cancer,2026-04-08,569
Breast_cancer,2026-04-09,518
Breast_cancer,2026-04-10,506
Breast_cancer,2026-04-11,542
Breast_cancer,2026-04-12,534
Breast_cancer,2026-04-13,489
Breast_cancer,2026-04-14,587
Breast_cancer,2026-04-15,520
Breast_cancer,2026-04-16,594
Breast_cancer,2026-04-17,551
Breast_cancer,2026-04-18,491
Breast_cancer,2026-04-19,526
Breast_cancer,2026-04-20,559
Breast_cancer,2026-04-21,573
Breast_cancer,2026-04-22,577
Breast_cancer,2026-04-23,537
Breast_cancer,2026-04-24,562
Breast_cancer,2026-04-25,519
Breast_cancer,2026-04-26,516
Breast_cancer,2026-04-27,486
Breast_cancer,2026-04-28,533
Breast_cancer,2026-04-29,626
Breast_cancer,2026-04-30,570
Breast_cancer,2026-05-01,514
Breast_cancer,2026-05-02,504
Breast_cancer,2026-05-03,535
Breast_cancer,2026-05-04,548
Breast_cancer,2026-05-05,511
Breast_cancer,2026-05-06,566
Breast_cancer,2026-05-07,525
Breast_cancer,2026-05-08,535
Breast_cancer,2026-05-09,468
Breast_cancer,2026-05-10,538
Breast_cancer,2026-05-11,547
Breast_cancer,2026-05-12,508
Breast_cancer,2026-05-13,460
Breast_cancer,2026-05-14,529
Breast_cancer,2026-05-15,510
Breast_cancer,2026-05-16,561
Breast_cancer,2026-05-17,571
Breast_cancer,2026-05-18,578
Breast_cancer,2026-05-19,528
Breast_cancer,2026-05-20,663
Breast_cancer,2026-05-21,808
Breast_cancer,2026-05-22,817
Breast_cancer,2026-05-23,731
Breast_cancer,2026-05-24,686
Breast_cancer,2026-05-25,700
Breast_cancer,2026-05-26,666
Breast_cancer,2026-05-27,627
Breast_cancer,2026-05-28,670
Breast_cancer,2026-05-29,803
Breast_cancer,2026-05-30,622
Breast_cancer,2026-05-31,615
Breast_cancer,2026-06-01,582
Breast_cancer,2026-06-02,617
Breast_cancer,2026-06-03,597
Breast_cancer,2026-06-04,553
Breast_cancer,2026-06-05,551
Breast_cancer,2026-06-06,574
Breast_cancer,2026-06-07,520
Breast_cancer,2026-06-08,538
Breast_cancer,2026-06-09,530
Breast_cancer,2026-06-10,583
Breast_cancer,2026-06-11,538
Breast_cancer,2026-06-12,502
Breast_cancer,2026-06-13,527
Breast_cancer,2026-06-14,588
Breast_cancer,2026-06-15,591
Breast_cancer,2026-06-16,547
Breast_cancer,2026-06-17,494
Breast_cancer,2026-06-18,595
Breast_cancer,2026-06-19,545
Breast_cancer,2026-06-20,540
Breast_cancer,2026-06-21,495
Breast_cancer,2026-06-22,629
Breast_cancer,2026-06-23,731
Breast_cancer,2026-06-24,532
Breast_cancer,2026-06-25,488
Breast_cancer,2026-06-26,498
Breast_cancer,2026-06-27,517
Breast_cancer,2026-06-28,570
Breast_cancer,2026-06-29,503
Breast_cancer,2026-06-30,468
Breast_cancer,2026-07-01,467
Breast_cancer,2026-07-02,483
Breast_cancer,2026-07-03,505
Breast_cancer,2026-07-04,483
Breast_cancer,2026-07-05,504
Breast_cancer,2026-07-06,501
Breast_cancer,2026-07-07,507
Breast_cancer,2026-07-08,630
Breast_cancer,2026-07-09,831
Breast_cancer,2026-07-10,862
Breast_cancer,2026-07-11,998
Breast_cancer,2026-07-12,934
Breast_cancer,2026-07-13,986
Breast_cancer,2026-07-14,751
Breast_cancer,2026-07-15,653
Breast_cancer,2026-07-16,730
Breast_cancer,2026-07-17,607
Breast_cancer,2026-07-18,570
Breast_cancer,2026-07-19,602
Breast_cancer,2026-07-20,536
Breast_cancer,2026-07-21,516
Breast_cancer,2026-07-22,552
Breast_cancer,2026-07-23,554
Breast_cancer,2026-07-24,582
Breast_cancer,2026-07-25,598
Breast_cancer,2026-07-26,525
Breast_cancer,2026-07-27,557
Breast_cancer,2026-07-28,607
Breast_cancer,2026-07-29,582
Breast_cancer,2026-07-30,580
Breast_cancer,2026-07-31,529
Breast_cancer,2026-08-01,515
Breast_cancer,2026-08-02,531
Breast_cancer,2026-08-03,551
Breast_cancer,2026-08-04,481
Breast_cancer,2026-08-05,511
Breast_cancer,2026-08-06,461
Breast_cancer,2026-08-07,529
Breast_cancer,2026-08-08,504
Breast_cancer,2026-08-09,481
Breast_cancer,2026-08-10,512
Breast_cancer,2026-08-11,1038
Breast_cancer,2026-08-12,1188
Breast_cancer,2026-08-13,711
Breast_cancer,2026-08-14,523
Breast_cancer,2026-08-15,547
Breast_cancer,2026-08-16,514
Breast_cancer,2026-08-17,512
Breast_cancer,2026-08-18,522
Breast_cancer,2026-08-19,522
Breast_cancer,2026-08-20,482
Breast_cancer,2026-08-21,476
Breast_cancer,2026-08-22,476
Breast_cancer,2026-08-23,585
Breast_cancer,2026-08-24,511
Breast_cancer,2026-08-25,495
Breast_cancer,2026-08-26,482
Breast_cancer,2026-08-27,510
Breast_cancer,2026-08-28,457
Breast_cancer,2026-08-29,472
Breast_cancer,2026-08-30,454
Breast_cancer,2026-08-31,765
Breast_cancer,2026-09-01,453
Breast_cancer,2026-09-02,636
Breast_cancer,2026-09-03,782
Breast_cancer,2026-09-04,488
Breast_cancer,2026-09-05,544
Breast_cancer,2026-09-06,482
Breast_cancer,2026-09-07,478
Breast_cancer,2026-09-08,494
Breast_cancer,2026-09-09,422
Breast_cancer,2026-09-10,489
Breast_cancer,2026-09-11,497
Breast_cancer,2026-09-12,504
Breast_cancer,2026-09-13,521
Breast_cancer,2026-09-14,507
Breast_cancer,2026-09-15,535
Breast_cancer,2026-09-16,486
Breast_cancer,2026-09-17,506
Breast_cancer,2026-09-18,460
Breast_cancer,2026-09-19,534
Breast_cancer,2026-09-20,466
Breast_cancer,2026-09-21,538
Breast_cancer,2026-09-22,584
Breast_cancer,2026-09-23,489
Breast_cancer,2026-09-24,502
Breast_cancer,2026-09-25,407
Breast_cancer_awareness_month,2024-01-01,0
Breast_cancer_awareness_month,2024-01-03,0
Breast_cancer_awareness_month,2024-01-04,1
Breast_cancer_awareness_month,2024-01-10,0
Breast_cancer_awareness_month,2024-01-12,1
Breast_cancer_awareness_month,2024-01-13,0
Breast_cancer_awareness_month,2024-01-14,1
Breast_cancer_awareness_month,2024-01-16,0
Breast_cancer_awareness_month,2024-01-17,0
Breast_cancer_awareness_month,2024-01-18,1
Breast_cancer_awareness_month,2024-01-21,0
Breast_cancer_awareness_month,2024-01-22,0
Breast_cancer_awareness_month,2024-01-26,1
Breast_cancer_awareness_month,2024-01-27,0
Breast_cancer_awareness_month,2024-01-28,1
Breast_cancer_awareness_month,2024-01-30,0
Breast_cancer_awareness_month,2024-02-02,1
Breast_cancer_awareness_month,2024-02-03,0
Breast_cancer_awareness_month,2024-02-04,0
Breast_cancer_awareness_month,2024-02-05,0
Breast_cancer_awareness_month,2024-02-06,0
Breast_cancer_awareness_month,2024-02-07,0
Breast_cancer_awareness_month,2024-02-08,0
Breast_cancer_awareness_month,2024-02-10,1
Breast_cancer_awareness_month,2024-02-11,0
Breast_cancer_awareness_month,2024-02-13,0
Breast_cancer_awareness_month,2024-02-15,0
Breast_cancer_awareness_month,2024-02-16,1
Breast_cancer_awareness_month,2024-02-17,0
Breast_cancer_awareness_month,2024-02-21,0
Breast_cancer_awareness_month,2024-02-22,1
Breast_cancer_awareness_month,2024-02-24,0
Breast_cancer_awareness_month,2024-02-25,0
Breast_cancer_awareness_month,2024-02-29,1
Breast_cancer_awareness_month,2024-03-04,1
Breast_cancer_awareness_month,2024-03-05,1
Breast_cancer_awareness_month,2024-03-08,0
Breast_cancer_awareness_month,2024-03-09,0
Breast_cancer_awareness_month,2024-03-12,1
Breast_cancer_awareness_month,2024-03-13,0
Breast_cancer_awareness_month,2024-03-14,0
Breast_cancer_awareness_month,2024-03-15,0
Breast_cancer_awareness_month,2024-03-17,1
Breast_cancer_awareness_month,2024-03-20,1
Breast_cancer_awareness_month,2024-03-21,3
Breast_cancer_awareness_month,2024-03-22,12
Breast_cancer_awareness_month,2024-03-23,19
Breast_cancer_awareness_month,2024-03-24,10
Breast_cancer_awareness_month,2024-03-25,7
Breast_cancer_awareness_month,2024-03-26,5
Breast_cancer_awareness_month,2024-03-27,1
Breast_cancer_awareness_month,2024-03-28,1
Breast_cancer_awareness_month,2024-03-29,1
Breast_cancer_awareness_month,2024-03-30,1
Breast_cancer_awareness_month,2024-03-31,0
Breast_cancer_awareness_month,2024-04-04,1
Breast_cancer_awareness_month,2024-04-07,0
Breast_cancer_awareness_month,2024-04-08,0
Breast_cancer_awareness_month,2024-04-10,0
Breast_cancer_awareness_month,2024-04-11,0
Breast_cancer_awareness_month,2024-04-14,0
Breast_cancer_awareness_month,2024-04-15,2
Breast_cancer_awareness_month,2024-04-16,0
Breast_cancer_awareness_month,2024-04-17,0
Breast_cancer_awareness_month,2024-04-18,1
Breast_cancer_awareness_month,2024-04-20,0
Breast_cancer_awareness_month,2024-04-21,0
Breast_cancer_awareness_month,2024-04-22,0
Breast_cancer_awareness_month,2024-04-23,2
Breast_cancer_awareness_month,2024-04-24,1
Breast_cancer_awareness_month,2024-04-26,1
Breast_cancer_awareness_month,2024-04-30,0
Breast_cancer_awareness_month,2024-05-03,1
Breast_cancer_awareness_month,2024-05-04,0
Breast_cancer_awareness_month,2024-05-06,4
Breast_cancer_awareness_month,2024-05-07,2
Breast_cancer_awareness_month,2024-05-08,1
Breast_cancer_awareness_month,2024-05-09,1
Breast_cancer_awareness_month,2024-05-10,3
Breast_cancer_awareness_month,2024-05-11,2
Breast_cancer_awareness_month,2024-05-13,1
Breast_cancer_awareness_month,2024-05-14,0
Breast_cancer_awareness_month,2024-05-15,0
Breast_cancer_awareness_month,2024-05-16,1
Breast_cancer_awareness_month,2024-05-17,0
Breast_cancer_awareness_month,2024-05-18,0
Breast_cancer_awareness_month,2024-05-20,0
Breast_cancer_awareness_month,2024-05-21,0
Breast_cancer_awareness_month,2024-05-22,0
Breast_cancer_awareness_month,2024-05-26,0
Breast_cancer_awareness_month,2024-05-27,0
Breast_cancer_awareness_month,2024-05-29,0
Breast_cancer_awareness_month,2024-05-31,0
Breast_cancer_awareness_month,2024-06-03,1
Breast_cancer_awareness_month,2024-06-04,1
Breast_cancer_awareness_month,2024-06-05,0
Breast_cancer_awareness_month,2024-06-06,0
Breast_cancer_awareness_month,2024-06-07,0
Breast_cancer_awareness_month,2024-06-08,0
Breast_cancer_awareness_month,2024-06-10,0
Breast_cancer_awareness_month,2024-06-11,0
Breast_cancer_awareness_month,2024-06-12,0
Breast_cancer_awareness_month,2024-06-13,0
Breast_cancer_awareness_month,2024-06-14,1
Breast_cancer_awareness_month,2024-06-18,0
Breast_cancer_awareness_month,2024-06-21,1
Breast_cancer_awareness_month,2024-06-22,0
Breast_cancer_awareness_month,2024-06-23,0
Breast_cancer_awareness_month,2024-06-24,0
Breast_cancer_awareness_month,2024-06-25,0
Breast_cancer_awareness_month,2024-06-26,0
Breast_cancer_awareness_month,2024-06-27,0
Breast_cancer_awareness_month,2024-06-28,0
Breast_cancer_awareness_month,2024-06-30,0
Breast_cancer_awareness_month,2024-07-01,1
Breast_cancer_awareness_month,2024-07-02,1
Breast_cancer_awareness_month,2024-07-03,0
Breast_cancer_awareness_month,2024-07-04,0
Breast_cancer_awareness_month,2024-07-06,0
Breast_cancer_awareness_month,2024-07-07,0
Breast_cancer_awareness_month,2024-07-08,0
Breast_cancer_awareness_month,2024-07-09,1
Breast_cancer_awareness_month,2024-07-10,0
Breast_cancer_awareness_month,2024-07-11,0
Breast_cancer_awareness_month,2024-07-12,0
Breast_cancer_awareness_month,2024-07-13,0
Breast_cancer_awareness_month,2024-07-14,0
Breast_cancer_awareness_month,2024-07-15,0
Breast_cancer_awareness_month,2024-07-16,0
Breast_cancer_awareness_month,2024-07-19,0
Breast_cancer_awareness_month,2024-07-20,0
Breast_cancer_awareness_month,2024-07-21,0
Breast_cancer_awareness_month,2024-07-24,0
Breast_cancer_awareness_month,2024-07-25,1
Breast_cancer_awareness_month,2024-07-27,0
Breast_cancer_awareness_month,2024-07-28,1
Breast_cancer_awareness_month,2024-07-29,0
Breast_cancer_awareness_month,2024-07-30,1
Breast_cancer_awareness_month,2024-08-01,0
Breast_cancer_awareness_month,2024-08-03,0
Breast_cancer_awareness_month,2024-08-04,0
Breast_cancer_awareness_month,2024-08-05,1
Breast_cancer_awareness_month,2024-08-06,0
Breast_cancer_awareness_month,2024-08-07,0
Breast_cancer_awareness_month,2024-08-08,0
Breast_cancer_awareness_month,2024-08-09,0
Breast_cancer_awareness_month,2024-08-10,0
Breast_cancer_awareness_month,2024-08-11,0
Breast_cancer_awareness_month,2024-08-12,0
Breast_cancer_awareness_month,2024-08-13,1
Breast_cancer_awareness_month,2024-08-14,0
Breast_cancer_awareness_month,2024-08-15,0
Breast_cancer_awareness_month,2024-08-16,0
Breast_cancer_awareness_month,2024-08-17,0
Breast_cancer_awareness_month,2024-08-18,1
Breast_cancer_awareness_month,2024-08-20,0
Breast_cancer_awareness_month,2024-08-21,1
Breast_cancer_awareness_month,2024-08-22,0
Breast_cancer_awareness_month,2024-08-23,0
Breast_cancer_awareness_month,2024-08-26,0
Breast_cancer_awareness_month,2024-08-27,1
Breast_cancer_awareness_month,2024-08-28,0
Breast_cancer_awareness_month,2024-08-29,1
Breast_cancer_awareness_month,2024-08-31,1
Breast_cancer_awareness_month,2024-09-02,0
Breast_cancer_awareness_month,2024-09-03,0
Breast_cancer_awareness_month,2024-09-04,0
Breast_cancer_awareness_month,2024-09-05,1
Breast_cancer_awareness_month,2024-09-06,0
Breast_cancer_awareness_month,2024-09-10,0
Breast_cancer_awareness_month,2024-09-11,0
Breast_cancer_awareness_month,2024-09-12,1
Breast_cancer_awareness_month,2024-09-13,0
Breast_cancer_awareness_month,2024-09-14,0
Breast_cancer_awareness_month,2024-09-15,0
Breast_cancer_awareness_month,2024-09-16,0
Breast_cancer_awareness_month,2024-09-17,0
Breast_cancer_awareness_month,2024-09-18,1
Breast_cancer_awareness_month,2024-09-19,1
Breast_cancer_awareness_month,2024-09-20,1
Breast_cancer_awareness_month,2024-09-21,1
Breast_cancer_awareness_month,2024-09-22,0
Breast_cancer_awareness_month,2024-09-23,0
Breast_cancer_awareness_month,2024-09-24,1
Breast_cancer_awareness_month,2024-09-25,2
Breast_cancer_awareness_month,2024-09-26,3
Breast_cancer_awareness_month,2024-09-27,1
Breast_cancer_awareness_month,2024-09-28,0
Breast_cancer_awareness_month,2024-09-29,0
Breast_cancer_awareness_month,2024-09-30,1
Breast_cancer_awareness_month,2024-10-01,7
Breast_cancer_awareness_month,2024-10-02,5
Breast_cancer_awareness_month,2024-10-04,2
Breast_cancer_awareness_month,2024-10-05,0
Breast_cancer_awareness_month,2024-10-06,1
Breast_cancer_awareness_month,2024-10-07,1
Breast_cancer_awareness_month,2024-10-08,1
Breast_cancer_awareness_month,2024-10-09,0
Breast_cancer_awareness_month,2024-10-10,1
Breast_cancer_awareness_month,2024-10-11,0
Breast_cancer_awareness_month,2024-10-12,2
Breast_cancer_awareness_month,2024-10-13,0
Breast_cancer_awareness_month,2024-10-14,1
Breast_cancer_awareness_month,2024-10-15,0
Breast_cancer_awareness_month,2024-10-16,0
Breast_cancer_awareness_month,2024-10-17,0
Breast_cancer_awareness_month,2024-10-18,2
Breast_cancer_awareness_month,2024-10-19,0
Breast_cancer_awareness_month,2024-10-20,0
Breast_cancer_awareness_month,2024-10-21,1
Breast_cancer_awareness_month,2024-10-23,0
Breast_cancer_awareness_month,2024-10-24,0
Breast_cancer_awareness_month,2024-10-25,0
Breast_cancer_awareness_month,2024-10-26,1
Breast_cancer_awareness_month,2024-10-27,0
Breast_cancer_awareness_month,2024-10-28,2
Breast_cancer_awareness_month,2024-10-29,1
Breast_cancer_awareness_month,2024-10-30,1
Breast_cancer_awareness_month,2024-10-31,1
Breast_cancer_awareness_month,2024-11-01,2
Breast_cancer_awareness_month,2024-11-02,1
Breast_cancer_awareness_month,2024-11-03,0
Breast_cancer_awareness_month,2024-11-04,0
Breast_cancer_awareness_month,2024-11-05,1
Breast_cancer_awareness_month,2024-11-06,0
Breast_cancer_awareness_month,2024-11-07,2
Breast_cancer_awareness_month,2024-11-08,0
Breast_cancer_awareness_month,2024-11-10,0
Breast_cancer_awareness_month,2024-11-11,0
Breast_cancer_awareness_month,2024-11-12,0
Breast_cancer_awareness_month,2024-11-13,0
Breast_cancer_awareness_month,2024-11-14,0
Breast_cancer_awareness_month,2024-11-16,0
Breast_cancer_awareness_month,2024-11-17,1
Breast_cancer_awareness_month,2024-11-18,0
Breast_cancer_awareness_month,2024-11-19,0
Breast_cancer_awareness_month,2024-11-20,0
Breast_cancer_awareness_month,2024-11-21,0
Breast_cancer_awareness_month,2024-11-22,0
Breast_cancer_awareness_month,2024-11-23,1
Breast_cancer_awareness_month,2024-11-25,2
Breast_cancer_awareness_month,2024-11-29,1
Breast_cancer_awareness_month,2024-11-30,1
Breast_cancer_awareness_month,2024-12-02,1
Breast_cancer_awareness_month,2024-12-03,0
Breast_cancer_awareness_month,2024-12-05,1
Breast_cancer_awareness_month,2024-12-06,0
Breast_cancer_awareness_month,2024-12-07,1
Breast_cancer_awareness_month,2024-12-08,1
Breast_cancer_awareness_month,2024-12-09,1
Breast_cancer_awareness_month,2024-12-10,0
Breast_cancer_awareness_month,2024-12-11,0
Breast_cancer_awareness_month,2024-12-12,0
Breast_cancer_awareness_month,2024-12-13,1
Breast_cancer_awareness_month,2024-12-14,0
Breast_cancer_awareness_month,2024-12-17,1
Breast_cancer_awareness_month,2024-12-19,0
Breast_cancer_awareness_month,2024-12-20,0
Breast_cancer_awareness_month,2024-12-23,0
Breast_cancer_awareness_month,2024-12-24,0
Breast_cancer_awareness_month,2024-12-26,2
Breast_cancer_awareness_month,2024-12-27,1
Breast_cancer_awareness_month,2024-12-28,0
Breast_cancer_awareness_month,2024-12-30,1
Breast_cancer_awareness_month,2024-12-31,0
Breast_cancer_awareness_month,2025-01-02,0
Breast_cancer_awareness_month,2025-01-03,0
Breast_cancer_awareness_month,2025-01-04,1
Breast_cancer_awareness_month,2025-01-05,4
Breast_cancer_awareness_month,2025-01-06,1
Breast_cancer_awareness_month,2025-01-07,1
Breast_cancer_awareness_month,2025-01-08,1
Breast_cancer_awareness_month,2025-01-09,1
Breast_cancer_awareness_month,2025-01-10,2
Breast_cancer_awareness_month,2025-01-11,2
Breast_cancer_awareness_month,2025-01-13,0
Breast_cancer_awareness_month,2025-01-15,1
Breast_cancer_awareness_month,2025-01-16,0
Breast_cancer_awareness_month,2025-01-17,0
Breast_cancer_awareness_month,2025-01-18,0
Breast_cancer_awareness_month,2025-01-19,0
Breast_cancer_awareness_month,2025-01-21,0
Breast_cancer_awareness_month,2025-01-22,1
Breast_cancer_awareness_month,2025-01-23,0
Breast_cancer_awareness_month,2025-01-24,0
Breast_cancer_awareness_month,2025-01-25,1
Breast_cancer_awareness_month,2025-01-26,5
Breast_cancer_awareness_month,2025-01-27,0
Breast_cancer_awareness_month,2025-01-28,2
Breast_cancer_awareness_month,2025-01-29,0
Breast_cancer_awareness_month,2025-01-30,2
Breast_cancer_awareness_month,2025-01-31,0
Breast_cancer_awareness_month,2025-02-01,1
Breast_cancer_awareness_month,2025-02-02,0
Breast_cancer_awareness_month,2025-02-03,3
Breast_cancer_awareness_month,2025-02-04,1
Breast_cancer_awareness_month,2025-02-05,1
Breast_cancer_awareness_month,2025-02-06,1
Breast_cancer_awareness_month,2025-02-07,0
Breast_cancer_awareness_month,2025-02-09,0
Breast_cancer_awareness_month,2025-02-10,1
Breast_cancer_awareness_month,2025-02-11,2
Breast_cancer_awareness_month,2025-02-13,2
Breast_cancer_awareness_month,2025-02-14,1
Breast_cancer_awareness_month,2025-02-15,1
Breast_cancer_awareness_month,2025-02-16,0
Breast_cancer_awareness_month,2025-02-17,1
Breast_cancer_awareness_month,2025-02-18,1
Breast_cancer_awareness_month,2025-02-19,2
Breast_cancer_awareness_month,2025-02-20,0
Breast_cancer_awareness_month,2025-02-21,1
Breast_cancer_awareness_month,2025-02-23,0
Breast_cancer_awareness_month,2025-02-24,1
Breast_cancer_awareness_month,2025-02-25,2
Breast_cancer_awareness_month,2025-02-26,11
Breast_cancer_awareness_month,2025-02-28,2
Breast_cancer_awareness_month,2025-03-01,0
Breast_cancer_awareness_month,2025-03-02,1
Breast_cancer_awareness_month,2025-03-03,3
Breast_cancer_awareness_month,2025-03-04,1
Breast_cancer_awareness_month,2025-03-05,0
Breast_cancer_awareness_month,2025-03-06,2
Breast_cancer_awareness_month,2025-03-07,4
Breast_cancer_awareness_month,2025-03-10,0
Breast_cancer_awareness_month,2025-03-11,1
Breast_cancer_awareness_month,2025-03-12,0
Breast_cancer_awareness_month,2025-03-13,2
Breast_cancer_awareness_month,2025-03-14,0
Breast_cancer_awareness_month,2025-03-15,1
Breast_cancer_awareness_month,2025-03-16,1
Breast_cancer_awareness_month,2025-03-17,1
Breast_cancer_awareness_month,2025-03-18,1
Breast_cancer_awareness_month,2025-03-19,1
Breast_cancer_awareness_month,2025-03-20,0
Breast_cancer_awareness_month,2025-03-21,3
Breast_cancer_awareness_month,2025-03-22,0
Breast_cancer_awareness_month,2025-03-23,0
Breast_cancer_awareness_month,2025-03-24,2
Breast_cancer_awareness_month,2025-03-25,1
Breast_cancer_awareness_month,2025-03-26,0
Breast_cancer_awareness_month,2025-03-27,1
Breast_cancer_awareness_month,2025-03-29,3
Breast_cancer_awareness_month,2025-03-30,6
Breast_cancer_awareness_month,2025-03-31,2
Breast_cancer_awareness_month,2025-04-01,0
Breast_cancer_awareness_month,2025-04-02,1
Breast_cancer_awareness_month,2025-04-03,1
Breast_cancer_awareness_month,2025-04-04,1
Breast_cancer_awareness_month,2025-04-05,1
Breast_cancer_awareness_month,2025-04-06,4
Breast_cancer_awareness_month,2025-04-07,0
Breast_cancer_awareness_month,2025-04-08,0
Breast_cancer_awareness_month,2025-04-09,0
Breast_cancer_awareness_month,2025-04-10,0
Breast_cancer_awareness_month,2025-04-11,0
Breast_cancer_awareness_month,2025-04-12,2
Breast_cancer_awareness_month,2025-04-13,1
Breast_cancer_awareness_month,2025-04-14,0
Breast_cancer_awareness_month,2025-04-15,0
Breast_cancer_awareness_month,2025-04-16,0
Breast_cancer_awareness_month,2025-04-17,1
Breast_cancer_awareness_month,2025-04-18,0
Breast_cancer_awareness_month,2025-04-19,0
Breast_cancer_awareness_month,2025-04-20,2
Breast_cancer_awareness_month,2025-04-22,1
Breast_cancer_awareness_month,2025-04-23,0
Breast_cancer_awareness_month,2025-04-24,0
Breast_cancer_awareness_month,2025-04-25,1
Breast_cancer_awareness_month,2025-04-26,0
Breast_cancer_awareness_month,2025-04-27,1
Breast_cancer_awareness_month,2025-04-28,1
Breast_cancer_awareness_month,2025-04-29,0
Breast_cancer_awareness_month,2025-04-30,1
Breast_cancer_awareness_month,2025-05-01,1
Breast_cancer_awareness_month,2025-05-02,0
Breast_cancer_awareness_month,2025-05-04,0
Breast_cancer_awareness_month,2025-05-05,1
Breast_cancer_awareness_month,2025-05-06,1
Breast_cancer_awareness_month,2025-05-08,4
Breast_cancer_awareness_month,2025-05-09,1
Breast_cancer_awareness_month,2025-05-10,2
Breast_cancer_awareness_month,2025-05-11,0
Breast_cancer_awareness_month,2025-05-12,0
Breast_cancer_awareness_month,2025-05-13,0
Breast_cancer_awareness_month,2025-05-15,2
Breast_cancer_awareness_month,2025-05-16,1
Breast_cancer_awareness_month,2025-05-17,2
Breast_cancer_awareness_month,2025-05-18,2
Breast_cancer_awareness_month,2025-05-20,1
Breast_cancer_awareness_month,2025-05-21,0
Breast_cancer_awareness_month,2025-05-22,0
Breast_cancer_awareness_month,2025-05-23,1
Breast_cancer_awareness_month,2025-05-24,0
Breast_cancer_awareness_month,2025-05-25,0
Breast_cancer_awareness_month,2025-05-26,4
Breast_cancer_awareness_month,2025-05-27,0
Breast_cancer_awareness_month,2025-05-28,2
Breast_cancer_awareness_month,2025-05-29,1
Breast_cancer_awareness_month,2025-05-30,1
Breast_cancer_awareness_month,2025-05-31,1
Breast_cancer_awareness_month,2025-06-01,0
Breast_cancer_awareness_month,2025-06-02,0
Breast_cancer_awareness_month,2025-06-03,0
Breast_cancer_awareness_month,2025-06-04,1
Breast_cancer_awareness_month,2025-06-05,1
Breast_cancer_awareness_month,2025-06-06,0
Breast_cancer_awareness_month,2025-06-07,4
Breast_cancer_awareness_month,2025-06-08,1
Breast_cancer_awareness_month,2025-06-09,0
Breast_cancer_awareness_month,2025-06-10,1
Breast_cancer_awareness_month,2025-06-11,0
Breast_cancer_awareness_month,2025-06-12,1
Breast_cancer_awareness_month,2025-06-13,1
Breast_cancer_awareness_month,2025-06-14,0
Breast_cancer_awareness_month,2025-06-15,1
Breast_cancer_awareness_month,2025-06-16,0
Breast_cancer_awareness_month,2025-06-17,0
Breast_cancer_awareness_month,2025-06-19,2
Breast_cancer_awareness_month,2025-06-20,0
Breast_cancer_awareness_month,2025-06-21,2
Breast_cancer_awareness_month,2025-06-22,0
Breast_cancer_awareness_month,2025-06-27,3
Breast_cancer_awareness_month,2025-06-28,2
Breast_cancer_awareness_month,2025-06-30,1
Breast_cancer_awareness_month,2025-07-01,1
Breast_cancer_awareness_month,2025-07-02,0
Breast_cancer_awareness_month,2025-07-03,0
Breast_cancer_awareness_month,2025-07-04,1
Breast_cancer_awareness_month,2025-07-05,3
Breast_cancer_awareness_month,2025-07-06,1
Breast_cancer_awareness_month,2025-07-07,0
Breast_cancer_awareness_month,2025-07-09,1
Breast_cancer_awareness_month,2025-07-10,1
Breast_cancer_awareness_month,2025-07-11,3
Breast_cancer_awareness_month,2025-07-12,2
Breast_cancer_awareness_month,2025-07-13,1
Breast_cancer_awareness_month,2025-07-15,2
Breast_cancer_awareness_month,2025-07-16,1
Breast_cancer_awareness_month,2025-07-17,1
Breast_cancer_awareness_month,2025-07-18,0
Breast_cancer_awareness_month,2025-07-19,0
Breast_cancer_awareness_month,2025-07-20,2
Breast_cancer_awareness_month,2025-07-21,1
Breast_cancer_awareness_month,2025-07-22,0
Breast_cancer_awareness_month,2025-07-23,3
Breast_cancer_awareness_month,2025-07-24,1
Breast_cancer_awareness_month,2025-07-25,2
Breast_cancer_awareness_month,2025-07-27,1
Breast_cancer_awareness_month,2025-07-28,0
Breast_cancer_awareness_month,2025-07-30,1
Breast_cancer_awareness_month,2025-07-31,1
Breast_cancer_awareness_month,2025-08-01,0
Breast_cancer_awareness_month,2025-08-02,0
Breast_cancer_awareness_month,2025-08-03,2
Breast_cancer_awareness_month,2025-08-04,1
Breast_cancer_awareness_month,2025-08-05,0
Breast_cancer_awareness_month,2025-08-06,1
Breast_cancer_awareness_month,2025-08-07,2
Breast_cancer_awareness_month,2025-08-08,2
Breast_cancer_awareness_month,2025-08-09,1
Breast_cancer_awareness_month,2025-08-10,3
Breast_cancer_awareness_month,2025-08-11,3
Breast_cancer_awareness_month,2025-08-12,3
Breast_cancer_awareness_month,2025-08-15,2
Breast_cancer_awareness_month,2025-08-16,1
Breast_cancer_awareness_month,2025-08-18,3
Breast_cancer_awareness_month,2025-08-19,1
Breast_cancer_awareness_month,2025-08-20,0
Breast_cancer_awareness_month,2025-08-21,1
Breast_cancer_awareness_month,2025-08-22,1
Breast_cancer_awareness_month,2025-08-24,0
Breast_cancer_awareness_month,2025-08-25,1
Breast_cancer_awareness_month,2025-08-26,2
Breast_cancer_awareness_month,2025-08-27,1
Breast_cancer_awareness_month,2025-08-28,1
Breast_cancer_awareness_month,2025-08-29,2
Breast_cancer_awareness_month,2025-08-30,3
Breast_cancer_awareness_month,2025-08-31,0
Breast_cancer_awareness_month,2025-09-01,1
Breast_cancer_awareness_month,2025-09-02,1
Breast_cancer_awareness_month,2025-09-03,3
Breast_cancer_awareness_month,2025-09-04,1
Breast_cancer_awareness_month,2025-09-05,2
Breast_cancer_awareness_month,2025-09-06,1
Breast_cancer_awareness_month,2025-09-07,1
Breast_cancer_awareness_month,2025-09-08,0
Breast_cancer_awareness_month,2025-09-09,1
Breast_cancer_awareness_month,2025-09-10,2
Breast_cancer_awareness_month,2025-09-11,0
Breast_cancer_awareness_month,2025-09-12,1
Breast_cancer_awareness_month,2025-09-13,1
Breast_cancer_awareness_month,2025-09-14,2
Breast_cancer_awareness_month,2025-09-15,0
Breast_cancer_awareness_month,2025-09-16,2
Breast_cancer_awareness_month,2025-09-17,1
Breast_cancer_awareness_month,2025-09-18,1
Breast_cancer_awareness_month,2025-09-20,0
Breast_cancer_awareness_month,2025-09-21,2
Breast_cancer_awareness_month,2025-09-22,2
Breast_cancer_awareness_month,2025-09-23,2
Breast_cancer_awareness_month,2025-09-24,0
Breast_cancer_awareness_month,2025-09-25,1
Breast_cancer_awareness_month,2025-09-26,0
Breast_cancer_awareness_month,2025-09-27,0
Breast_cancer_awareness_month,2025-09-28,0
Breast_cancer_awareness_month,2025-09-29,3
Breast_cancer_awareness_month,2025-09-30,1
Breast_cancer_awareness_month,2025-10-01,3
Breast_cancer_awareness_month,2025-10-02,1
Breast_cancer_awareness_month,2025-10-03,4
Breast_cancer_awareness_month,2025-10-04,0
Breast_cancer_awareness_month,2025-10-05,1
Breast_cancer_awareness_month,2025-10-06,0
Breast_cancer_awareness_month,2025-10-07,2
Breast_cancer_awareness_month,2025-10-08,0
Breast_cancer_awareness_month,2025-10-09,1
Breast_cancer_awareness_month,2025-10-10,3
Breast_cancer_awareness_month,2025-10-11,1
Breast_cancer_awareness_month,2025-10-12,0
Breast_cancer_awareness_month,2025-10-13,1
Breast_cancer_awareness_month,2025-10-14,2
Breast_cancer_awareness_month,2025-10-15,0
Breast_cancer_awareness_month,2025-10-16,1
Breast_cancer_awareness_month,2025-10-17,1
Breast_cancer_awareness_month,2025-10-18,1
Breast_cancer_awareness_month,2025-10-19,0
Breast_cancer_awareness_month,2025-10-20,2
Breast_cancer_awareness_month,2025-10-21,1
Breast_cancer_awareness_month,2025-10-22,0
Breast_cancer_awareness_month,2025-10-23,1
Breast_cancer_awareness_month,2025-10-24,1
Breast_cancer_awareness_month,2025-10-25,1
Breast_cancer_awareness_month,2025-10-26,3
Breast_cancer_awareness_month,2025-10-27,1
Breast_cancer_awareness_month,2025-10-28,1
Breast_cancer_awareness_month,2025-10-29,3
Breast_cancer_awareness_month,2025-10-30,1
Breast_cancer_awareness_month,2025-10-31,3
Breast_cancer_awareness_month,2025-11-02,1
Breast_cancer_awareness_month,2025-11-03,2
Breast_cancer_awareness_month,2025-11-04,2
Breast_cancer_awareness_month,2025-11-05,3
Breast_cancer_awareness_month,2025-11-06,2
Breast_cancer_awareness_month,2025-11-07,0
Breast_cancer_awareness_month,2025-11-08,1
Breast_cancer_awareness_month,2025-11-09,3
Breast_cancer_awareness_month,2025-11-10,1
Breast_cancer_awareness_month,2025-11-11,1
Breast_cancer_awareness_month,2025-11-12,0
Breast_cancer_awareness_month,2025-11-13,0
Breast_cancer_awareness_month,2025-11-14,3
Breast_cancer_awareness_month,2025-11-16,1
Breast_cancer_awareness_month,2025-11-17,0
Breast_cancer_awareness_month,2025-11-19,3
Breast_cancer_awareness_month,2025-11-20,3
Breast_cancer_awareness_month,2025-11-21,3
Breast_cancer_awareness_month,2025-11-22,1
Breast_cancer_awareness_month,2025-11-23,0
Breast_cancer_awareness_month,2025-11-24,0
Breast_cancer_awareness_month,2025-11-25,0
Breast_cancer_awareness_month,2025-11-27,0
Breast_cancer_awareness_month,2025-11-28,1
Breast_cancer_awareness_month,2025-11-29,1
Breast_cancer_awareness_month,2025-11-30,0
Breast_cancer_awareness_month,2025-12-01,0
Breast_cancer_awareness_month,2025-12-02,1
Breast_cancer_awareness_month,2025-12-03,3
Breast_cancer_awareness_month,2025-12-04,0
Breast_cancer_awareness_month,2025-12-05,0
Breast_cancer_awareness_month,2025-12-06,0
Breast_cancer_awareness_month,2025-12-07,0
Breast_cancer_awareness_month,2025-12-08,0
Breast_cancer_awareness_month,2025-12-09,0
Breast_cancer_awareness_month,2025-12-10,0
Breast_cancer_awareness_month,2025-12-12,1
Breast_cancer_awareness_month,2025-12-13,4
Breast_cancer_awareness_month,2025-12-14,0
Breast_cancer_awareness_month,2025-12-17,0
Breast_cancer_awareness_month,2025-12-18,1
Breast_cancer_awareness_month,2025-12-19,2
Breast_cancer_awareness_month,2025-12-21,1
Breast_cancer_awareness_month,2025-12-22,0
Breast_cancer_awareness_month,2025-12-24,2
Breast_cancer_awareness_month,2025-12-25,0
Breast_cancer_awareness_month,2025-12-27,1
Breast_cancer_awareness_month,2025-12-28,0
Breast_cancer_awareness_month,2025-12-29,1
Breast_cancer_awareness_month,2025-12-30,1
Breast_cancer_awareness_month,2026-01-01,1
Breast_cancer_awareness_month,2026-01-02,0
Breast_cancer_awareness_month,2026-01-03,2
Breast_cancer_awareness_month,2026-01-05,1
Breast_cancer_awareness_month,2026-01-06,1
Breast_cancer_awareness_month,2026-01-07,1
Breast_cancer_awareness_month,2026-01-08,1
Breast_cancer_awareness_month,2026-01-09,0
Breast_cancer_awareness_month,2026-01-10,1
Breast_cancer_awareness_month,2026-01-11,1
Breast_cancer_awareness_month,2026-01-12,0
Breast_cancer_awareness_month,2026-01-13,0
Breast_cancer_awareness_month,2026-01-14,2
Breast_cancer_awareness_month,2026-01-15,0
Breast_cancer_awareness_month,2026-01-16,0
Breast_cancer_awareness_month,2026-01-17,0
Breast_cancer_awareness_month,2026-01-18,0
Breast_cancer_awareness_month,2026-01-19,0
Breast_cancer_awareness_month,2026-01-20,0
Breast_cancer_awareness_month,2026-01-21,0
Breast_cancer_awareness_month,2026-01-22,1
Breast_cancer_awareness_month,2026-01-23,1
Breast_cancer_awareness_month,2026-01-24,0
Breast_cancer_awareness_month,2026-01-25,1
Breast_cancer_awareness_month,2026-01-26,1
Breast_cancer_awareness_month,2026-01-27,1
Breast_cancer_awareness_month,2026-01-28,2
Breast_cancer_awareness_month,2026-01-29,1
Breast_cancer_awareness_month,2026-01-30,1
Breast_cancer_awareness_month,2026-01-31,0
Breast_cancer_awareness_month,2026-02-01,0
Breast_cancer_awareness_month,2026-02-02,1
Breast_cancer_awareness_month,2026-02-03,0
Breast_cancer_awareness_month,2026-02-04,0
Breast_cancer_awareness_month,2026-02-05,1
Breast_cancer_awareness_month,2026-02-06,1
Breast_cancer_awareness_month,2026-02-08,0
Breast_cancer_awareness_month,2026-02-09,1
Breast_cancer_awareness_month,2026-02-10,2
Breast_cancer_awareness_month,2026-02-11,0
Breast_cancer_awareness_month,2026-02-13,2
Breast_cancer_awareness_month,2026-02-14,1
Breast_cancer_awareness_month,2026-02-15,0
Breast_cancer_awareness_month,2026-02-16,0
Breast_cancer_awareness_month,2026-02-17,1
Breast_cancer_awareness_month,2026-02-18,1
Breast_cancer_awareness_month,2026-02-19,1
Breast_cancer_awareness_month,2026-02-20,2
Breast_cancer_awareness_month,2026-02-21,2
Breast_cancer_awareness_month,2026-02-22,0
Breast_cancer_awareness_month,2026-02-23,0
Breast_cancer_awareness_month,2026-02-24,0
Breast_cancer_awareness_month,2026-02-25,0
Breast_cancer_awareness_month,2026-02-26,2
Breast_cancer_awareness_month,2026-02-28,0
Breast_cancer_awareness_month,2026-03-01,0
Breast_cancer_awareness_month,2026-03-03,1
Breast_cancer_awareness_month,2026-03-04,0
Breast_cancer_awareness_month,2026-03-05,0
Breast_cancer_awareness_month,2026-03-06,1
Breast_cancer_awareness_month,2026-03-07,1
Breast_cancer_awareness_month,2026-03-08,0
Breast_cancer_awareness_month,2026-03-10,1
Breast_cancer_awareness_month,2026-03-11,1
Breast_cancer_awareness_month,2026-03-12,0
Breast_cancer_awareness_month,2026-03-13,1
Breast_cancer_awareness_month,2026-03-14,1
Breast_cancer_awareness_month,2026-03-16,0
Breast_cancer_awareness_month,2026-03-18,0
Breast_cancer_awareness_month,2026-03-19,2
Breast_cancer_awareness_month,2026-03-20,0
Breast_cancer_awareness_month,2026-03-21,1
Breast_cancer_awareness_month,2026-03-22,0
Breast_cancer_awareness_month,2026-03-23,1
Breast_cancer_awareness_month,2026-03-24,0
Breast_cancer_awareness_month,2026-03-25,1
Breast_cancer_awareness_month,2026-03-26,0
Breast_cancer_awareness_month,2026-03-27,3
Breast_cancer_awareness_month,2026-03-29,1
Breast_cancer_awareness_month,2026-03-30,0
Breast_cancer_awareness_month,2026-04-02,0
Breast_cancer_awareness_month,2026-04-04,1
Breast_cancer_awareness_month,2026-04-05,0
Breast_cancer_awareness_month,2026-04-06,0
Breast_cancer_awareness_month,2026-04-07,0
Breast_cancer_awareness_month,2026-04-10,0
Breast_cancer_awareness_month,2026-04-11,0
Breast_cancer_awareness_month,2026-04-12,1
Breast_cancer_awareness_month,2026-04-13,1
Breast_cancer_awareness_month,2026-04-14,1
Breast_cancer_awareness_month,2026-04-15,1
Breast_cancer_awareness_month,2026-04-16,0
Breast_cancer_awareness_month,2026-04-17,0
Breast_cancer_awareness_month,2026-04-18,2
Breast_cancer_awareness_month,2026-04-19,0
Breast_cancer_awareness_month,2026-04-20,2
Breast_cancer_awareness_month,2026-04-21,0
Breast_cancer_awareness_month,2026-04-22,0
Breast_cancer_awareness_month,2026-04-23,1
Breast_cancer_awareness_month,2026-04-24,0
Breast_cancer_awareness_month,2026-04-26,0
Breast_cancer_awareness_month,2026-04-27,1
Breast_cancer_awareness_month,2026-04-28,1
Breast_cancer_awareness_month,2026-04-30,1
Breast_cancer_awareness_month,2026-05-01,0
Breast_cancer_awareness_month,2026-05-02,0
Breast_cancer_awareness_month,2026-05-03,0
Breast_cancer_awareness_month,2026-05-04,0
Breast_cancer_awareness_month,2026-05-05,1
Breast_cancer_awareness_month,2026-05-06,1
Breast_cancer_awareness_month,2026-05-08,2
Breast_cancer_awareness_month,2026-05-10,1
Breast_cancer_awareness_month,2026-05-12,1
Breast_cancer_awareness_month,2026-05-13,1
Breast_cancer_awareness_month,2026-05-14,0
Breast_cancer_awareness_month,2026-05-15,1
Breast_cancer_awareness_month,2026-05-16,0
Breast_cancer_awareness_month,2026-05-17,2
Breast_cancer_awareness_month,2026-05-18,1
Breast_cancer_awareness_month,2026-05-19,2
Breast_cancer_awareness_month,2026-05-20,0
Breast_cancer_awareness_month,2026-05-21,5
Breast_cancer_awareness_month,2026-05-22,1
Breast_cancer_awareness_month,2026-05-23,1
Breast_cancer_awareness_month,2026-05-24,0
Breast_cancer_awareness_month,2026-05-28,0
Breast_cancer_awareness_month,2026-05-29,0
Breast_cancer_awareness_month,2026-05-30,0
Breast_cancer_awareness_month,2026-05-31,1
Breast_cancer_awareness_month,2026-06-01,0
Breast_cancer_awareness_month,2026-06-02,2
Breast_cancer_awareness_month,2026-06-03,1
Breast_cancer_awareness_month,2026-06-05,0
Breast_cancer_awareness_month,2026-06-06,1
Breast_cancer_awareness_month,2026-06-07,0
Breast_cancer_awareness_month,2026-06-08,0
Breast_cancer_awareness_month,2026-06-09,0
Breast_cancer_awareness_month,2026-06-10,0
Breast_cancer_awareness_month,2026-06-11,2
Breast_cancer_awareness_month,2026-06-12,2
Breast_cancer_awareness_month,2026-06-13,3
Breast_cancer_awareness_month,2026-06-14,0
Breast_cancer_awareness_month,2026-06-15,1
Breast_cancer_awareness_month,2026-06-16,1
Breast_cancer_awareness_month,2026-06-17,1
Breast_cancer_awareness_month,2026-06-18,0
Breast_cancer_awareness_month,2026-06-19,1
Breast_cancer_awareness_month,2026-06-20,1
Breast_cancer_awareness_month,2026-06-21,1
Breast_cancer_awareness_month,2026-06-22,2
Breast_cancer_awareness_month,2026-06-23,1
Breast_cancer_awareness_month,2026-06-24,1
Breast_cancer_awareness_month,2026-06-25,2
Breast_cancer_awareness_month,2026-06-26,0
Breast_cancer_awareness_month,2026-06-27,0
Breast_cancer_awareness_month,2026-06-28,0
Breast_cancer_awareness_month,2026-06-29,0
Breast_cancer_awareness_month,2026-06-30,1
Breast_cancer_awareness_month,2026-07-02,0
Breast_cancer_awareness_month,2026-07-03,2
Breast_cancer_awareness_month,2026-07-06,0
Breast_cancer_awareness_month,2026-07-07,0
Breast_cancer_awareness_month,2026-07-08,0
Breast_cancer_awareness_month,2026-07-09,0
Breast_cancer_awareness_month,2026-07-10,1
Breast_cancer_awareness_month,2026-07-13,0
Breast_cancer_awareness_month,2026-07-14,1
Breast_cancer_awareness_month,2026-07-15,0
Breast_cancer_awareness_month,2026-07-17,1
Breast_cancer_awareness_month,2026-07-18,0
Breast_cancer_awareness_month,2026-07-19,0
Breast_cancer_awareness_month,2026-07-20,2
Breast_cancer_awareness_month,2026-07-21,1
Breast_cancer_awareness_month,2026-07-22,3
Breast_cancer_awareness_month,2026-07-23,1
Breast_cancer_awareness_month,2026-07-24,1
Breast_cancer_awareness_month,2026-07-25,1
Breast_cancer_awareness_month,2026-07-26,0
Breast_cancer_awareness_month,2026-07-27,1
Breast_cancer_awareness_month,2026-07-28,0
Breast_cancer_awareness_month,2026-07-29,0
Breast_cancer_awareness_month,2026-07-30,1
Breast_cancer_awareness_month,2026-07-31,0
Breast_cancer_awareness_month,2026-08-01,1
Breast_cancer_awareness_month,2026-08-02,1
Breast_cancer_awareness_month,2026-08-03,0
Breast_cancer_awareness_month,2026-08-04,2
Breast_cancer_awareness_month,2026-08-05,0
Breast_cancer_awareness_month,2026-08-06,0
Breast_cancer_awareness_month,2026-08-07,0
Breast_cancer_awareness_month,2026-08-09,0
Breast_cancer_awareness_month,2026-08-10,1
Breast_cancer_awareness_month,2026-08-11,1
Breast_cancer_awareness_month,2026-08-12,0
Breast_cancer_awareness_month,2026-08-13,1
Breast_cancer_awareness_month,2026-08-14,0
Breast_cancer_awareness_month,2026-08-15,1
Breast_cancer_awareness_month,2026-08-18,1
Breast_cancer_awareness_month,2026-08-19,0
Breast_cancer_awareness_month,2026-08-20,2
Breast_cancer_awareness_month,2026-08-21,0
Breast_cancer_awareness_month,2026-08-22,0
Breast_cancer_awareness_month,2026-08-23,1
Breast_cancer_awareness_month,2026-08-24,1
Breast_cancer_awareness_month,2026-08-25,1
Breast_cancer_awareness_month,2026-08-26,0
Breast_cancer_awareness_month,2026-08-27,1
Breast_cancer_awareness_month,2026-08-28,2
Breast_cancer_awareness_month,2026-08-29,1
Breast_cancer_awareness_month,2026-08-30,0
Breast_cancer_awareness_month,2026-08-31,1
Breast_cancer_awareness_month,2026-09-01,1
Breast_cancer_awareness_month,2026-09-02,0
Breast_cancer_awareness_month,2026-09-03,1
Breast_cancer_awareness_month,2026-09-04,0
Breast_cancer_awareness_month,2026-09-05,1
Breast_cancer_awareness_month,2026-09-06,0
Breast_cancer_awareness_month,2026-09-07,0
Breast_cancer_awareness_month,2026-09-09,1
Breast_cancer_awareness_month,2026-09-10,0
Breast_cancer_awareness_month,2026-09-11,2
Breast_cancer_awareness_month,2026-09-12,1
Breast_cancer_awareness_month,2026-09-13,2
Breast_cancer_awareness_month,2026-09-14,0
Breast_cancer_awareness_month,2026-09-15,0
Breast_cancer_awareness_month,2026-09-16,1
Breast_cancer_awareness_month,2026-09-17,1
Breast_cancer_awareness_month,2026-09-18,0
Breast_cancer_awareness_month,2026-09-19,1
Breast_cancer_awareness_month,2026-09-20,3
Breast_cancer_awareness_month,2026-09-23,1
Breast_cancer_awareness_month,2026-09-24,3
Breast_cancer_awareness_month,2026-09-25,0
Breast_self-examination,2024-01-01,30
Breast_self-examination,2024-01-02,41
Breast_self-examination,2024-01-03,34
Breast_self-examination,2024-01-04,36
Breast_self-examination,2024-01-05,39
Breast_self-examination,2024-01-06,33
Breast_self-examination,2024-01-07,41
Breast_self-examination,2024-01-08,40
Breast_self-examination,2024-01-09,29
Breast_self-examination,2024-01-10,45
Breast_self-examination,2024-01-11,40
Breast_self-examination,2024-01-12,41
Breast_self-examination,2024-01-13,42
Breast_self-examination,2024-01-14,28
Breast_self-examination,2024-01-15,50
Breast_self-examination,2024-01-16,38
Breast_self-examination,2024-01-17,38
Breast_self-examination,2024-01-18,48
Breast_self-examination,2024-01-19,32
Breast_self-examination,2024-01-20,33
Breast_self-examination,2024-01-21,22
Breast_self-examination,2024-01-22,42
Breast_self-examination,2024-01-23,19
Breast_self-examination,2024-01-24,33
Breast_self-examination,2024-01-25,41
Breast_self-examination,2024-01-26,58
Breast_self-examination,2024-01-27,20
Breast_self-examination,2024-01-28,29
Breast_self-examination,2024-01-29,44
Breast_self-examination,2024-01-30,49
Breast_self-examination,2024-01-31,31
Breast_self-examination,2024-02-01,46
Breast_self-examination,2024-02-02,27
Breast_self-examination,2024-02-03,26
Breast_self-examination,2024-02-04,34
Breast_self-examination,2024-02-05,59
Breast_self-examination,2024-02-06,44
Breast_self-examination,2024-02-07,43
Breast_self-examination,2024-02-08,27
Breast_self-examination,2024-02-09,35
Breast_self-examination,2024-02-10,25
Breast_self-examination,2024-02-11,23
Breast_self-examination,2024-02-12,49
Breast_self-examination,2024-02-13,44
Breast_self-examination,2024-02-14,38
Breast_self-examination,2024-02-15,43
Breast_self-examination,2024-02-16,32
Breast_self-examination,2024-02-17,33
Breast_self-examination,2024-02-18,48
Breast_self-examination,2024-02-19,28
Breast_self-examination,2024-02-20,40
Breast_self-examination,2024-02-21,42
Breast_self-examination,2024-02-22,36
Breast_self-examination,2024-02-23,33
Breast_self-examination,2024-02-24,34
Breast_self-examination,2024-02-25,41
Breast_self-examination,2024-02-26,43
Breast_self-examination,2024-02-27,27
Breast_self-examination,2024-02-28,49
Breast_self-examination,2024-02-29,39
Breast_self-examination,2024-03-01,22
Breast_self-examination,2024-03-02,49
Breast_self-examination,2024-03-03,41
Breast_self-examination,2024-03-04,47
Breast_self-examination,2024-03-05,59
Breast_self-examination,2024-03-06,45
Breast_self-examination,2024-03-07,43
Breast_self-examination,2024-03-08,30
Breast_self-examination,2024-03-09,60
Breast_self-examination,2024-03-10,34
Breast_self-examination,2024-03-11,55
Breast_self-examination,2024-03-12,51
Breast_self-examination,2024-03-13,55
Breast_self-examination,2024-03-14,62
Breast_self-examination,2024-03-15,42
Breast_self-examination,2024-03-16,43
Breast_self-examination,2024-03-17,33
Breast_self-examination,2024-03-18,29
Breast_self-examination,2024-03-19,51
Breast_self-examination,2024-03-20,35
Breast_self-examination,2024-03-21,56
Breast_self-examination,2024-03-22,34
Breast_self-examination,2024-03-23,42
Breast_self-examination,2024-03-24,51
Breast_self-examination,2024-03-25,28
Breast_self-examination,2024-03-26,35
Breast_self-examination,2024-03-27,35
Breast_self-examination,2024-03-28,35
Breast_self-examination,2024-03-29,19
Breast_self-examination,2024-03-30,28
Breast_self-examination,2024-03-31,34
Breast_self-examination,2024-04-01,52
Breast_self-examination,2024-04-02,44
Breast_self-examination,2024-04-03,43
Breast_self-examination,2024-04-04,38
Breast_self-examination,2024-04-05,40
Breast_self-examination,2024-04-06,33
Breast_self-examination,2024-04-07,46
Breast_self-examination,2024-04-08,39
Breast_self-examination,2024-04-09,52
Breast_self-examination,2024-04-10,30
Breast_self-examination,2024-04-11,36
Breast_self-examination,2024-04-12,36
Breast_self-examination,2024-04-13,29
Breast_self-examination,2024-04-14,32
Breast_self-examination,2024-04-15,44
Breast_self-examination,2024-04-16,32
Breast_self-examination,2024-04-17,47
Breast_self-examination,2024-04-18,66
Breast_self-examination,2024-04-19,33
Breast_self-examination,2024-04-20,42
Breast_self-examination,2024-04-21,29
Breast_self-examination,2024-04-22,35
Breast_self-examination,2024-04-23,32
Breast_self-examination,2024-04-24,47
Breast_self-examination,2024-04-25,44
Breast_self-examination,2024-04-26,61
Breast_self-examination,2024-04-27,35
Breast_self-examination,2024-04-28,34
Breast_self-examination,2024-04-29,51
Breast_self-examination,2024-04-30,38
Breast_self-examination,2024-05-01,40
Breast_self-examination,2024-05-02,51
Breast_self-examination,2024-05-03,30
Breast_self-examination,2024-05-04,30
Breast_self-examination,2024-05-05,42
Breast_self-examination,2024-05-06,44
Breast_self-examination,2024-05-07,44
Breast_self-examination,2024-05-08,45
Breast_self-examination,2024-05-09,41
Breast_self-examination,2024-05-10,38
Breast_self-examination,2024-05-11,34
Breast_self-examination,2024-05-12,33
Breast_self-examination,2024-05-13,33
Breast_self-examination,2024-05-14,50
Breast_self-examination,2024-05-15,39
Breast_self-examination,2024-05-16,45
Breast_self-examination,2024-05-17,36
Breast_self-examination,2024-05-18,32
Breast_self-examination,2024-05-19,34
Breast_self-examination,2024-05-20,32
Breast_self-examination,2024-05-21,46
Breast_self-examination,2024-05-22,40
Breast_self-examination,2024-05-23,36
Breast_self-examination,2024-05-24,44
Breast_self-examination,2024-05-25,31
Breast_self-examination,2024-05-26,37
Breast_self-examination,2024-05-27,50
Breast_self-examination,2024-05-28,39
Breast_self-examination,2024-05-29,52
Breast_self-examination,2024-05-30,40
Breast_self-examination,2024-05-31,49
Breast_self-examination,2024-06-01,30
Breast_self-examination,2024-06-02,27
Breast_self-examination,2024-06-03,51
Breast_self-examination,2024-06-04,42
Breast_self-examination,2024-06-05,55
Breast_self-examination,2024-06-06,41
Breast_self-examination,2024-06-07,26
Breast_self-examination,2024-06-08,35
Breast_self-examination,2024-06-09,41
Breast_self-examination,2024-06-10,50
Breast_self-examination,2024-06-11,45
Breast_self-examination,2024-06-12,38
Breast_self-examination,2024-06-13,50
Breast_self-examination,2024-06-14,31
Breast_self-examination,2024-06-15,27
Breast_self-examination,2024-06-16,22
Breast_self-examination,2024-06-17,48
Breast_self-examination,2024-06-18,46
Breast_self-examination,2024-06-19,47
Breast_self-examination,2024-06-20,52
Breast_self-examination,2024-06-21,40
Breast_self-examination,2024-06-22,37
Breast_self-examination,2024-06-23,35
Breast_self-examination,2024-06-24,42
Breast_self-examination,2024-06-25,44
Breast_self-examination,2024-06-26,58
Breast_self-examination,2024-06-27,53
Breast_self-examination,2024-06-28,45
Breast_self-examination,2024-06-29,51
Breast_self-examination,2024-06-30,35
Breast_self-examination,2024-07-01,40
Breast_self-examination,2024-07-02,48
Breast_self-examination,2024-07-03,61
Breast_self-examination,2024-07-04,48
Breast_self-examination,2024-07-05,28
Breast_self-examination,2024-07-06,50
Breast_self-examination,2024-07-07,26
Breast_self-examination,2024-07-08,30
Breast_self-examination,2024-07-09,36
Breast_self-examination,2024-07-10,39
Breast_self-examination,2024-07-11,51
Breast_self-examination,2024-07-12,51
Breast_self-examination,2024-07-13,34
Breast_self-examination,2024-07-14,44
Breast_self-examination,2024-07-15,68
Breast_self-examination,2024-07-16,54
Breast_self-examination,2024-07-17,53
Breast_self-examination,2024-07-18,39
Breast_self-examination,2024-07-19,59
Breast_self-examination,2024-07-20,31
Breast_self-examination,2024-07-21,28
Breast_self-examination,2024-07-22,29
Breast_self-examination,2024-07-23,41
Breast_self-examination,2024-07-24,36
Breast_self-examination,2024-07-25,41
Breast_self-examination,2024-07-26,52
Breast_self-examination,2024-07-27,36
Breast_self-examination,2024-07-28,55
Breast_self-examination,2024-07-29,42
Breast_self-examination,2024-07-30,40
Breast_self-examination,2024-07-31,54
Breast_self-examination,2024-08-01,41
Breast_self-examination,2024-08-02,48
Breast_self-examination,2024-08-03,38
Breast_self-examination,2024-08-04,31
Breast_self-examination,2024-08-05,60
Breast_self-examination,2024-08-06,41
Breast_self-examination,2024-08-07,42
Breast_self-examination,2024-08-08,61
Breast_self-examination,2024-08-09,45
Breast_self-examination,2024-08-10,54
Breast_self-examination,2024-08-11,48
Breast_self-examination,2024-08-12,43
Breast_self-examination,2024-08-13,46
Breast_self-examination,2024-08-14,41
Breast_self-examination,2024-08-15,51
Breast_self-examination,2024-08-16,48
Breast_self-examination,2024-08-17,28
Breast_self-examination,2024-08-18,23
Breast_self-examination,2024-08-19,38
Breast_self-examination,2024-08-20,54
Breast_self-examination,2024-08-21,53
Breast_self-examination,2024-08-22,37
Breast_self-examination,2024-08-23,40
Breast_self-examination,2024-08-24,26
Breast_self-examination,2024-08-25,39
Breast_self-examination,2024-08-26,49
Breast_self-examination,2024-08-27,44
Breast_self-examination,2024-08-28,42
Breast_self-examination,2024-08-29,46
Breast_self-examination,2024-08-30,54
Breast_self-examination,2024-08-31,27
Breast_self-examination,2024-09-01,55
Breast_self-examination,2024-09-02,45
Breast_self-examination,2024-09-03,48
Breast_self-examination,2024-09-04,40
Breast_self-examination,2024-09-05,54
Breast_self-examination,2024-09-06,44
Breast_self-examination,2024-09-07,42
Breast_self-examination,2024-09-08,45
Breast_self-examination,2024-09-09,38
Breast_self-examination,2024-09-10,47
Breast_self-examination,2024-09-11,48
Breast_self-examination,2024-09-12,66
Breast_self-examination,2024-09-13,27
Breast_self-examination,2024-09-14,34
Breast_self-examination,2024-09-15,24
Breast_self-examination,2024-09-16,51
Breast_self-examination,2024-09-17,31
Breast_self-examination,2024-09-18,43
Breast_self-examination,2024-09-19,35
Breast_self-examination,2024-09-20,44
Breast_self-examination,2024-09-21,43
Breast_self-examination,2024-09-22,43
Breast_self-examination,2024-09-23,54
Breast_self-examination,2024-09-24,47
Breast_self-examination,2024-09-25,53
Breast_self-examination,2024-09-26,35
Breast_self-examination,2024-09-27,39
Breast_self-examination,2024-09-28,44
Breast_self-examination,2024-09-29,33
Breast_self-examination,2024-09-30,44
Breast_self-examination,2024-10-01,55
Breast_self-examination,2024-10-02,41
Breast_self-examination,2024-10-03,48
Breast_self-examination,2024-10-04,57
Breast_self-examination,2024-10-05,41
Breast_self-examination,2024-10-06,45
Breast_self-examination,2024-10-07,49
Breast_self-examination,2024-10-08,51
Breast_self-examination,2024-10-09,53
Breast_self-examination,2024-10-10,69
Breast_self-examination,2024-10-11,61
Breast_self-examination,2024-10-12,61
Breast_self-examination,2024-10-13,43
Breast_self-examination,2024-10-14,49
Breast_self-examination,2024-10-15,70
Breast_self-examination,2024-10-16,43
Breast_self-examination,2024-10-17,48
Breast_self-examination,2024-10-18,47
Breast_self-examination,2024-10-19,39
Breast_self-examination,2024-10-20,32
Breast_self-examination,2024-10-21,48
Breast_self-examination,2024-10-22,52
Breast_self-examination,2024-10-23,65
Breast_self-examination,2024-10-24,53
Breast_self-examination,2024-10-25,49
Breast_self-examination,2024-10-26,38
Breast_self-examination,2024-10-27,39
Breast_self-examination,2024-10-28,32
Breast_self-examination,2024-10-29,60
Breast_self-examination,2024-10-30,50
Breast_self-examination,2024-10-31,45
Breast_self-examination,2024-11-01,28
Breast_self-examination,2024-11-02,39
Breast_self-examination,2024-11-03,28
Breast_self-examination,2024-11-04,32
Breast_self-examination,2024-11-05,37
Breast_self-examination,2024-11-06,32
Breast_self-examination,2024-11-07,41
Breast_self-examination,2024-11-08,34
Breast_self-examination,2024-11-09,42
Breast_self-examination,2024-11-10,42
Breast_self-examination,2024-11-11,43
Breast_self-examination,2024-11-12,31
Breast_self-examination,2024-11-13,45
Breast_self-examination,2024-11-14,38
Breast_self-examination,2024-11-15,26
Breast_self-examination,2024-11-16,32
Breast_self-examination,2024-11-17,23
Breast_self-examination,2024-11-18,37
Breast_self-examination,2024-11-19,33
Breast_self-examination,2024-11-20,35
Breast_self-examination,2024-11-21,36
Breast_self-examination,2024-11-22,37
Breast_self-examination,2024-11-23,33
Breast_self-examination,2024-11-24,37
Breast_self-examination,2024-11-25,41
Breast_self-examination,2024-11-26,41
Breast_self-examination,2024-11-27,32
Breast_self-examination,2024-11-28,24
Breast_self-examination,2024-11-29,44
Breast_self-examination,2024-11-30,30
Breast_self-examination,2024-12-01,29
Breast_self-examination,2024-12-02,38
Breast_self-examination,2024-12-03,45
Breast_self-examination,2024-12-04,31
Breast_self-examination,2024-12-05,38
Breast_self-examination,2024-12-06,37
Breast_self-examination,2024-12-07,29
Breast_self-examination,2024-12-08,29
Breast_self-examination,2024-12-09,30
Breast_self-examination,2024-12-10,45
Breast_self-examination,2024-12-11,33
Breast_self-examination,2024-12-12,28
Breast_self-examination,2024-12-13,31
Breast_self-examination,2024-12-14,31
Breast_self-examination,2024-12-15,27
Breast_self-examination,2024-12-16,47
Breast_self-examination,2024-12-17,41
Breast_self-examination,2024-12-18,27
Breast_self-examination,2024-12-19,42
Breast_self-examination,2024-12-20,32
Breast_self-examination,2024-12-21,24
Breast_self-examination,2024-12-22,31
Breast_self-examination,2024-12-23,31
Breast_self-examination,2024-12-24,37
Breast_self-examination,2024-12-25,28
Breast_self-examination,2024-12-26,29
Breast_self-examination,2024-12-27,27
Breast_self-examination,2024-12-28,27
Breast_self-examination,2024-12-29,29
Breast_self-examination,2024-12-30,43
Breast_self-examination,2024-12-31,27
Breast_self-examination,2025-01-01,27
Breast_self-examination,2025-01-02,30
Breast_self-examination,2025-01-03,32
Breast_self-examination,2025-01-04,29
Breast_self-examination,2025-01-05,40
Breast_self-examination,2025-01-06,43
Breast_self-examination,2025-01-07,33
Breast_self-examination,2025-01-08,40
Breast_self-examination,2025-01-09,29
Breast_self-examination,2025-01-10,35
Breast_self-examination,2025-01-11,29
Breast_self-examination,2025-01-12,33
Breast_self-examination,2025-01-13,22
Breast_self-examination,2025-01-14,45
Breast_self-examination,2025-01-15,43
Breast_self-examination,2025-01-16,45
Breast_self-examination,2025-01-17,32
Breast_self-examination,2025-01-18,39
Breast_self-examination,2025-01-19,25
Breast_self-examination,2025-01-20,38
Breast_self-examination,2025-01-21,34
Breast_self-examination,2025-01-22,31
Breast_self-examination,2025-01-23,38
Breast_self-examination,2025-01-24,33
Breast_self-examination,2025-01-25,30
Breast_self-examination,2025-01-26,41
Breast_self-examination,2025-01-27,34
Breast_self-examination,2025-01-28,35
Breast_self-examination,2025-01-29,38
Breast_self-examination,2025-01-30,39
Breast_self-examination,2025-01-31,33
Breast_self-examination,2025-02-01,34
Breast_self-examination,2025-02-02,29
Breast_self-examination,2025-02-03,51
Breast_self-examination,2025-02-04,47
Breast_self-examination,2025-02-05,43
Breast_self-examination,2025-02-06,45
Breast_self-examination,2025-02-07,19
Breast_self-examination,2025-02-08,33
Breast_self-examination,2025-02-09,50
Breast_self-examination,2025-02-10,33
Breast_self-examination,2025-02-11,32
Breast_self-examination,2025-02-12,37
Breast_self-examination,2025-02-13,43
Breast_self-examination,2025-02-14,54
Breast_self-examination,2025-02-15,36
Breast_self-examination,2025-02-16,48
Breast_self-examination,2025-02-17,38
Breast_self-examination,2025-02-18,35
Breast_self-examination,2025-02-19,47
Breast_self-examination,2025-02-20,32
Breast_self-examination,2025-02-21,39
Breast_self-examination,2025-02-22,32
Breast_self-examination,2025-02-23,34
Breast_self-examination,2025-02-24,28
Breast_self-examination,2025-02-25,45
Breast_self-examination,2025-02-26,44
Breast_self-examination,2025-02-27,39
Breast_self-examination,2025-02-28,27
Breast_self-examination,2025-03-01,25
Breast_self-examination,2025-03-02,46
Breast_self-examination,2025-03-03,35
Breast_self-examination,2025-03-04,39
Breast_self-examination,2025-03-05,34
Breast_self-examination,2025-03-06,38
Breast_self-examination,2025-03-07,41
Breast_self-examination,2025-03-08,25
Breast_self-examination,2025-03-09,28
Breast_self-examination,2025-03-10,40
Breast_self-examination,2025-03-11,53
Breast_self-examination,2025-03-12,40
Breast_self-examination,2025-03-13,42
Breast_self-examination,2025-03-14,30
Breast_self-examination,2025-03-15,40
Breast_self-examination,2025-03-16,32
Breast_self-examination,2025-03-17,27
Breast_self-examination,2025-03-18,34
Breast_self-examination,2025-03-19,39
Breast_self-examination,2025-03-20,34
Breast_self-examination,2025-03-21,41
Breast_self-examination,2025-03-22,34
Breast_self-examination,2025-03-23,33
Breast_self-examination,2025-03-24,49
Breast_self-examination,2025-03-25,40
Breast_self-examination,2025-03-26,24
Breast_self-examination,2025-03-27,36
Breast_self-examination,2025-03-28,27
Breast_self-examination,2025-03-29,29
Breast_self-examination,2025-03-30,36
Breast_self-examination,2025-03-31,32
Breast_self-examination,2025-04-01,29
Breast_self-examination,2025-04-02,27
Breast_self-examination,2025-04-03,44
Breast_self-examination,2025-04-04,31
Breast_self-examination,2025-04-05,28
Breast_self-examination,2025-04-06,33
Breast_self-examination,2025-04-07,36
Breast_self-examination,2025-04-08,36
Breast_self-examination,2025-04-09,38
Breast_self-examination,2025-04-10,47
Breast_self-examination,2025-04-11,31
Breast_self-examination,2025-04-12,23
Breast_self-examination,2025-04-13,25
Breast_self-examination,2025-04-14,26
Breast_self-examination,2025-04-15,46
Breast_self-examination,2025-04-16,22
Breast_self-examination,2025-04-17,36
Breast_self-examination,2025-04-18,36
Breast_self-examination,2025-04-19,30
Breast_self-examination,2025-04-20,25
Breast_self-examination,2025-04-21,30
Breast_self-examination,2025-04-22,45
Breast_self-examination,2025-04-23,37
Breast_self-examination,2025-04-24,32
Breast_self-examination,2025-04-25,25
Breast_self-examination,2025-04-26,34
Breast_self-examination,2025-04-27,29
Breast_self-examination,2025-04-28,26
Breast_self-examination,2025-04-29,42
Breast_self-examination,2025-04-30,30
Breast_self-examination,2025-05-01,28
Breast_self-examination,2025-05-02,45
Breast_self-examination,2025-05-03,28
Breast_self-examination,2025-05-04,34
Breast_self-examination,2025-05-05,25
Breast_self-examination,2025-05-06,33
Breast_self-examination,2025-05-07,36
Breast_self-examination,2025-05-08,26
Breast_self-examination,2025-05-09,32
Breast_self-examination,2025-05-10,37
Breast_self-examination,2025-05-11,40
Breast_self-examination,2025-05-12,35
Breast_self-examination,2025-05-13,26
Breast_self-examination,2025-05-14,26
Breast_self-examination,2025-05-15,41
Breast_self-examination,2025-05-16,31
Breast_self-examination,2025-05-17,21
Breast_self-examination,2025-05-18,43
Breast_self-examination,2025-05-19,31
Breast_self-examination,2025-05-20,42
Breast_self-examination,2025-05-21,27
Breast_self-examination,2025-05-22,31
Breast_self-examination,2025-05-23,27
Breast_self-examination,2025-05-24,31
Breast_self-examination,2025-05-25,16
Breast_self-examination,2025-05-26,34
Breast_self-examination,2025-05-27,26
Breast_self-examination,2025-05-28,34
Breast_self-examination,2025-05-29,20
Breast_self-examination,2025-05-30,29
Breast_self-examination,2025-05-31,28
Breast_self-examination,2025-06-01,33
Breast_self-examination,2025-06-02,20
Breast_self-examination,2025-06-03,41
Breast_self-examination,2025-06-04,30
Breast_self-examination,2025-06-05,29
Breast_self-examination,2025-06-06,31
Breast_self-examination,2025-06-07,21
Breast_self-examination,2025-06-08,42
Breast_self-examination,2025-06-09,24
Breast_self-examination,2025-06-10,34
Breast_self-examination,2025-06-11,44
Breast_self-examination,2025-06-12,34
Breast_self-examination,2025-06-13,30
Breast_self-examination,2025-06-14,23
Breast_self-examination,2025-06-15,32
Breast_self-examination,2025-06-16,35
Breast_self-examination,2025-06-17,57
Breast_self-examination,2025-06-18,26
Breast_self-examination,2025-06-19,42
Breast_self-examination,2025-06-20,29
Breast_self-examination,2025-06-21,29
Breast_self-examination,2025-06-22,34
Breast_self-examination,2025-06-23,23
Breast_self-examination,2025-06-24,41
Breast_self-examination,2025-06-25,36
Breast_self-examination,2025-06-26,31
Breast_self-examination,2025-06-27,26
Breast_self-examination,2025-06-28,25
Breast_self-examination,2025-06-29,32
Breast_self-examination,2025-06-30,27
Breast_self-examination,2025-07-01,21
Breast_self-examination,2025-07-02,33
Breast_self-examination,2025-07-03,20
Breast_self-examination,2025-07-04,21
Breast_self-examination,2025-07-05,28
Breast_self-examination,2025-07-06,25
Breast_self-examination,2025-07-07,26
Breast_self-examination,2025-07-08,42
Breast_self-examination,2025-07-09,22
Breast_self-examination,2025-07-10,38
Breast_self-examination,2025-07-11,33
Breast_self-examination,2025-07-12,41
Breast_self-examination,2025-07-13,35
Breast_self-examination,2025-07-14,32
Breast_self-examination,2025-07-15,36
Breast_self-examination,2025-07-16,27
Breast_self-examination,2025-07-17,37
Breast_self-examination,2025-07-18,24
Breast_self-examination,2025-07-19,23
Breast_self-examination,2025-07-20,35
Breast_self-examination,2025-07-21,30
Breast_self-examination,2025-07-22,30
Breast_self-examination,2025-07-23,26
Breast_self-examination,2025-07-24,25
Breast_self-examination,2025-07-25,31
Breast_self-examination,2025-07-26,21
Breast_self-examination,2025-07-27,33
Breast_self-examination,2025-07-28,34
Breast_self-examination,2025-07-29,34
Breast_self-examination,2025-07-30,30
Breast_self-examination,2025-07-31,35
Breast_self-examination,2025-08-01,31
Breast_self-examination,2025-08-02,24
Breast_self-examination,2025-08-03,33
Breast_self-examination,2025-08-04,21
Breast_self-examination,2025-08-05,29
Breast_self-examination,2025-08-06,34
Breast_self-examination,2025-08-07,33
Breast_self-examination,2025-08-08,18
Breast_self-examination,2025-08-09,65
Breast_self-examination,2025-08-10,26
Breast_self-examination,2025-08-11,34
Breast_self-examination,2025-08-12,37
Breast_self-examination,2025-08-13,25
Breast_self-examination,2025-08-14,28
Breast_self-examination,2025-08-15,35
Breast_self-examination,2025-08-16,20
Breast_self-examination,2025-08-17,22
Breast_self-examination,2025-08-18,30
Breast_self-examination,2025-08-19,27
Breast_self-examination,2025-08-20,35
Breast_self-examination,2025-08-21,28
Breast_self-examination,2025-08-22,36
Breast_self-examination,2025-08-23,28
Breast_self-examination,2025-08-24,23
Breast_self-examination,2025-08-25,32
Breast_self-examination,2025-08-26,33
Breast_self-examination,2025-08-27,58
Breast_self-examination,2025-08-28,51
Breast_self-examination,2025-08-29,33
Breast_self-examination,2025-08-30,31
Breast_self-examination,2025-08-31,22
Breast_self-examination,2025-09-01,38
Breast_self-examination,2025-09-02,27
Breast_self-examination,2025-09-03,23
Breast_self-examination,2025-09-04,30
Breast_self-examination,2025-09-05,29
Breast_self-examination,2025-09-06,29
Breast_self-examination,2025-09-07,36
Breast_self-examination,2025-09-08,28
Breast_self-examination,2025-09-09,34
Breast_self-examination,2025-09-10,28
Breast_self-examination,2025-09-11,22
Breast_self-examination,2025-09-12,22
Breast_self-examination,2025-09-13,17
Breast_self-examination,2025-09-14,25
Breast_self-examination,2025-09-15,29
Breast_self-examination,2025-09-16,19
Breast_self-examination,2025-09-17,27
Breast_self-examination,2025-09-18,32
Breast_self-examination,2025-09-19,32
Breast_self-examination,2025-09-20,23
Breast_self-examination,2025-09-21,21
Breast_self-examination,2025-09-22,25
Breast_self-examination,2025-09-23,29
Breast_self-examination,2025-09-24,23
Breast_self-examination,2025-09-25,20
Breast_self-examination,2025-09-26,23
Breast_self-examination,2025-09-27,20
Breast_self-examination,2025-09-28,32
Breast_self-examination,2025-09-29,42
Breast_self-examination,2025-09-30,31
Breast_self-examination,2025-10-01,32
Breast_self-examination,2025-10-02,26
Breast_self-examination,2025-10-03,45
Breast_self-examination,2025-10-04,33
Breast_self-examination,2025-10-05,32
Breast_self-examination,2025-10-06,38
Breast_self-examination,2025-10-07,34
Breast_self-examination,2025-10-08,37
Breast_self-examination,2025-10-09,30
Breast_self-examination,2025-10-10,33
Breast_self-examination,2025-10-11,30
Breast_self-examination,2025-10-12,28
Breast_self-examination,2025-10-13,36
Breast_self-examination,2025-10-14,32
Breast_self-examination,2025-10-15,42
Breast_self-examination,2025-10-16,41
Breast_self-examination,2025-10-17,29
Breast_self-examination,2025-10-18,21
Breast_self-examination,2025-10-19,40
Breast_self-examination,2025-10-20,41
Breast_self-examination,2025-10-21,34
Breast_self-examination,2025-10-22,30
Breast_self-examination,2025-10-23,36
Breast_self-examination,2025-10-24,34
Breast_self-examination,2025-10-25,30
Breast_self-examination,2025-10-26,21
Breast_self-examination,2025-10-27,35
Breast_self-examination,2025-10-28,35
Breast_self-examination,2025-10-29,39
Breast_self-examination,2025-10-30,37
Breast_self-examination,2025-10-31,21
Breast_self-examination,2025-11-01,25
Breast_self-examination,2025-11-02,33
Breast_self-examination,2025-11-03,29
Breast_self-examination,2025-11-04,25
Breast_self-examination,2025-11-05,31
Breast_self-examination,2025-11-06,36
Breast_self-examination,2025-11-07,41
Breast_self-examination,2025-11-08,20
Breast_self-examination,2025-11-09,32
Breast_self-examination,2025-11-10,26
Breast_self-examination,2025-11-11,18
Breast_self-examination,2025-11-12,23
Breast_self-examination,2025-11-13,29
Breast_self-examination,2025-11-14,34
Breast_self-examination,2025-11-15,36
Breast_self-examination,2025-11-16,34
Breast_self-examination,2025-11-17,33
Breast_self-examination,2025-11-18,35
Breast_self-examination,2025-11-19,44
Breast_self-examination,2025-11-20,31
Breast_self-examination,2025-11-21,31
Breast_self-examination,2025-11-22,20
Breast_self-examination,2025-11-23,28
Breast_self-examination,2025-11-24,34
Breast_self-examination,2025-11-25,40
Breast_self-examination,2025-11-26,38
Breast_self-examination,2025-11-27,24
Breast_self-examination,2025-11-28,21
Breast_self-examination,2025-11-29,18
Breast_self-examination,2025-11-30,32
Breast_self-examination,2025-12-01,29
Breast_self-examination,2025-12-02,18
Breast_self-examination,2025-12-03,36
Breast_self-examination,2025-12-04,24
Breast_self-examination,2025-12-05,23
Breast_self-examination,2025-12-06,22
Breast_self-examination,2025-12-07,35
Breast_self-examination,2025-12-08,24
Breast_self-examination,2025-12-09,17
Breast_self-examination,2025-12-10,27
Breast_self-examination,2025-12-11,29
Breast_self-examination,2025-12-12,30
Breast_self-examination,2025-12-13,47
Breast_self-examination,2025-12-14,23
Breast_self-examination,2025-12-15,25
Breast_self-examination,2025-12-16,22
Breast_self-examination,2025-12-17,24
Breast_self-examination,2025-12-18,21
Breast_self-examination,2025-12-19,20
Breast_self-examination,2025-12-20,18
Breast_self-examination,2025-12-21,34
Breast_self-examination,2025-12-22,19
Breast_self-examination,2025-12-23,21
Breast_self-examination,2025-12-24,23
Breast_self-examination,2025-12-25,19
Breast_self-examination,2025-12-26,20
Breast_self-examination,2025-12-27,22
Breast_self-examination,2025-12-28,22
Breast_self-examination,2025-12-29,22
Breast_self-examination,2025-12-30,31
Breast_self-examination,2025-12-31,15
Breast_self-examination,2026-01-01,15
Breast_self-examination,2026-01-02,26
Breast_self-examination,2026-01-03,14
Breast_self-examination,2026-01-04,15
Breast_self-examination,2026-01-05,28
Breast_self-examination,2026-01-06,24
Breast_self-examination,2026-01-07,39
Breast_self-examination,2026-01-08,22
Breast_self-examination,2026-01-09,27
Breast_self-examination,2026-01-10,29
Breast_self-examination,2026-01-11,21
Breast_self-examination,2026-01-12,25
Breast_self-examination,2026-01-13,16
Breast_self-examination,2026-01-14,19
Breast_self-examination,2026-01-15,26
Breast_self-examination,2026-01-16,17
Breast_self-examination,2026-01-17,29
Breast_self-examination,2026-01-18,25
Breast_self-examination,2026-01-19,27
Breast_self-examination,2026-01-20,39
Breast_self-examination,2026-01-21,22
Breast_self-examination,2026-01-22,27
Breast_self-examination,2026-01-23,40
Breast_self-examination,2026-01-24,24
Breast_self-examination,2026-01-25,15
Breast_self-examination,2026-01-26,15
Breast_self-examination,2026-01-27,27
Breast_self-examination,2026-01-28,27
Breast_self-examination,2026-01-29,28
Breast_self-examination,2026-01-30,21
Breast_self-examination,2026-01-31,26
Breast_self-examination,2026-02-01,21
Breast_self-examination,2026-02-02,29
Breast_self-examination,2026-02-03,23
Breast_self-examination,2026-02-04,28
Breast_self-examination,2026-02-05,19
Breast_self-examination,2026-02-06,18
Breast_self-examination,2026-02-07,25
Breast_self-examination,2026-02-08,30
Breast_self-examination,2026-02-09,26
Breast_self-examination,2026-02-10,21
Breast_self-examination,2026-02-11,22
Breast_self-examination,2026-02-12,17
Breast_self-examination,2026-02-13,19
Breast_self-examination,2026-02-14,20
Breast_self-examination,2026-02-15,23
Breast_self-examination,2026-02-16,25
Breast_self-examination,2026-02-17,28
Breast_self-examination,2026-02-18,17
Breast_self-examination,2026-02-19,19
Breast_self-examination,2026-02-20,23
Breast_self-examination,2026-02-21,19
Breast_self-examination,2026-02-22,26
Breast_self-examination,2026-02-23,11
Breast_self-examination,2026-02-24,29
Breast_self-examination,2026-02-25,23
Breast_self-examination,2026-02-26,27
Breast_self-examination,2026-02-27,21
Breast_self-examination,2026-02-28,19
Breast_self-examination,2026-03-01,22
Breast_self-examination,2026-03-02,20
Breast_self-examination,2026-03-03,24
Breast_self-examination,2026-03-04,33
Breast_self-examination,2026-03-05,16
Breast_self-examination,2026-03-06,19
Breast_self-examination,2026-03-07,21
Breast_self-examination,2026-03-08,23
Breast_self-examination,2026-03-09,19
Breast_self-examination,2026-03-10,25
Breast_self-examination,2026-03-11,33
Breast_self-examination,2026-03-12,25
Breast_self-examination,2026-03-13,21
Breast_self-examination,2026-03-14,16
Breast_self-examination,2026-03-15,13
Breast_self-examination,2026-03-16,32
Breast_self-examination,2026-03-17,23
Breast_self-examination,2026-03-18,22
Breast_self-examination,2026-03-19,24
Breast_self-examination,2026-03-20,12
Breast_self-examination,2026-03-21,18
Breast_self-examination,2026-03-22,20
Breast_self-examination,2026-03-23,18
Breast_self-examination,2026-03-24,32
Breast_self-examination,2026-03-25,15
Breast_self-examination,2026-03-26,30
Breast_self-examination,2026-03-27,26
Breast_self-examination,2026-03-28,25
Breast_self-examination,2026-03-29,21
Breast_self-examination,2026-03-30,28
Breast_self-examination,2026-03-31,18
Breast_self-examination,2026-04-01,31
Breast_self-examination,2026-04-02,20
Breast_self-examination,2026-04-03,41
Breast_self-examination,2026-04-04,22
Breast_self-examination,2026-04-05,23
Breast_self-examination,2026-04-06,15
Breast_self-examination,2026-04-07,31
Breast_self-examination,2026-04-08,17
Breast_self-examination,2026-04-09,26
Breast_self-examination,2026-04-10,16
Breast_self-examination,2026-04-11,15
Breast_self-examination,2026-04-12,19
Breast_self-examination,2026-04-13,21
Breast_self-examination,2026-04-14,11
Breast_self-examination,2026-04-15,25
Breast_self-examination,2026-04-16,19
Breast_self-examination,2026-04-17,24
Breast_self-examination,2026-04-18,17
Breast_self-examination,2026-04-19,21
Breast_self-examination,2026-04-20,21
Breast_self-examination,2026-04-21,23
Breast_self-examination,2026-04-22,20
Breast_self-examination,2026-04-23,16
Breast_self-examination,2026-04-24,21
Breast_self-examination,2026-04-25,18
Breast_self-examination,2026-04-26,25
Breast_self-examination,2026-04-27,16
Breast_self-examination,2026-04-28,22
Breast_self-examination,2026-04-29,20
Breast_self-examination,2026-04-30,22
Breast_self-examination,2026-05-01,10
Breast_self-examination,2026-05-02,21
Breast_self-examination,2026-05-03,27
Breast_self-examination,2026-05-04,19
Breast_self-examination,2026-05-05,29
Breast_self-examination,2026-05-06,22
Breast_self-examination,2026-05-07,15
Breast_self-examination,2026-05-08,28
Breast_self-examination,2026-05-09,24
Breast_self-examination,2026-05-10,34
Breast_self-examination,2026-05-11,21
Breast_self-examination,2026-05-12,19
Breast_self-examination,2026-05-13,48
Breast_self-examination,2026-05-14,30
Breast_self-examination,2026-05-15,22
Breast_self-examination,2026-05-16,24
Breast_self-examination,2026-05-17,15
Breast_self-examination,2026-05-18,31
Breast_self-examination,2026-05-19,25
Breast_self-examination,2026-05-20,14
Breast_self-examination,2026-05-21,20
Breast_self-examination,2026-05-22,17
Breast_self-examination,2026-05-23,16
Breast_self-examination,2026-05-24,17
Breast_self-examination,2026-05-25,14
Breast_self-examination,2026-05-26,24
Breast_self-examination,2026-05-27,23
Breast_self-examination,2026-05-28,27
Breast_self-examination,2026-05-29,31
Breast_self-examination,2026-05-30,15
Breast_self-examination,2026-05-31,27
Breast_self-examination,2026-06-01,29
Breast_self-examination,2026-06-02,36
Breast_self-examination,2026-06-03,28
Breast_self-examination,2026-06-04,27
Breast_self-examination,2026-06-05,17
Breast_self-examination,2026-06-06,30
Breast_self-examination,2026-06-07,17
Breast_self-examination,2026-06-08,18
Breast_self-examination,2026-06-09,21
Breast_self-examination,2026-06-10,25
Breast_self-examination,2026-06-11,26
Breast_self-examination,2026-06-12,27
Breast_self-examination,2026-06-13,14
Breast_self-examination,2026-06-14,18
Breast_self-examination,2026-06-15,14
Breast_self-examination,2026-06-16,22
Breast_self-examination,2026-06-17,19
Breast_self-examination,2026-06-18,18
Breast_self-examination,2026-06-19,15
Breast_self-examination,2026-06-20,12
Breast_self-examination,2026-06-21,17
Breast_self-examination,2026-06-22,17
Breast_self-examination,2026-06-23,9
Breast_self-examination,2026-06-24,32
Breast_self-examination,2026-06-25,24
Breast_self-examination,2026-06-26,12
Breast_self-examination,2026-06-27,20
Breast_self-examination,2026-06-28,27
Breast_self-examination,2026-06-29,20
Breast_self-examination,2026-06-30,25
Breast_self-examination,2026-07-01,15
Breast_self-examination,2026-07-02,19
Breast_self-examination,2026-07-03,19
Breast_self-examination,2026-07-04,21
Breast_self-examination,2026-07-05,24
Breast_self-examination,2026-07-06,19
Breast_self-examination,2026-07-07,21
Breast_self-examination,2026-07-08,21
Breast_self-examination,2026-07-09,24
Breast_self-examination,2026-07-10,29
Breast_self-examination,2026-07-11,22
Breast_self-examination,2026-07-12,22
Breast_self-examination,2026-07-13,31
Breast_self-examination,2026-07-14,17
Breast_self-examination,2026-07-15,20
Breast_self-examination,2026-07-16,27
Breast_self-examination,2026-07-17,17
Breast_self-examination,2026-07-18,22
Breast_self-examination,2026-07-19,20
Breast_self-examination,2026-07-20,28
Breast_self-examination,2026-07-21,30
Breast_self-examination,2026-07-22,30
Breast_self-examination,2026-07-23,16
Breast_self-examination,2026-07-24,21
Breast_self-examination,2026-07-25,19
Breast_self-examination,2026-07-26,19
Breast_self-examination,2026-07-27,16
Breast_self-examination,2026-07-28,19
Breast_self-examination,2026-07-29,23
Breast_self-examination,2026-07-30,20
Breast_self-examination,2026-07-31,27
Breast_self-examination,2026-08-01,19
Breast_self-examination,2026-08-02,15
Breast_self-examination,2026-08-03,15
Breast_self-examination,2026-08-04,26
Breast_self-examination,2026-08-05,8
Breast_self-examination,2026-08-06,30
Breast_self-examination,2026-08-07,14
Breast_self-examination,2026-08-08,19
Breast_self-examination,2026-08-09,27
Breast_self-examination,2026-08-10,30
Breast_self-examination,2026-08-11,16
Breast_self-examination,2026-08-12,15
Breast_self-examination,2026-08-13,18
Breast_self-examination,2026-08-14,16
Breast_self-examination,2026-08-15,13
Breast_self-examination,2026-08-16,13
Breast_self-examination,2026-08-17,49
Breast_self-examination,2026-08-18,35
Breast_self-examination,2026-08-19,17
Breast_self-examination,2026-08-20,23
Breast_self-examination,2026-08-21,15
Breast_self-examination,2026-08-22,27
Breast_self-examination,2026-08-23,28
Breast_self-examination,2026-08-24,13
Breast_self-examination,2026-08-25,14
Breast_self-examination,2026-08-26,22
Breast_self-examination,2026-08-27,18
Breast_self-examination,2026-08-28,13
Breast_self-examination,2026-08-29,19
Breast_self-examination,2026-08-30,27
Breast_self-examination,2026-08-31,14
Breast_self-examination,2026-09-01,14
Breast_self-examination,2026-09-02,19
Breast_self-examination,2026-09-03,20
Breast_self-examination,2026-09-04,10
Breast_self-examination,2026-09-05,21
Breast_self-examination,2026-09-06,25
Breast_self-examination,2026-09-07,18
Breast_self-examination,2026-09-08,23
Breast_self-examination,2026-09-09,17
Breast_self-examination,2026-09-10,15
Breast_self-examination,2026-09-11,22
Breast_self-examination,2026-09-12,19
Breast_self-examination,2026-09-13,20
Breast_self-examination,2026-09-14,19
Breast_self-examination,2026-09-15,24
Breast_self-examination,2026-09-16,15
Breast_self-examination,2026-09-17,18
Breast_self-examination,2026-09-18,14
Breast_self-examination,2026-09-19,13
Breast_self-examination,2026-09-20,16
Breast_self-examination,2026-09-21,17
Breast_self-examination,2026-09-22,22
Breast_self-examination,2026-09-23,27
Breast_self-examination,2026-09-24,24
Breast_self-examination,2026-09-25,23
Mammography,2024-01-01,223
Mammography,2024-01-02,301
Mammography,2024-01-03,293
Mammography,2024-01-04,279
Mammography,2024-01-05,285
Mammography,2024-01-06,302
Mammography,2024-01-07,223
Mammography,2024-01-08,297
Mammography,2024-01-09,324
Mammography,2024-01-10,293
Mammography,2024-01-11,330
Mammography,2024-01-12,301
Mammography,2024-01-13,238
Mammography,2024-01-14,211
Mammography,2024-01-15,298
Mammography,2024-01-16,282
Mammography,2024-01-17,320
Mammography,2024-01-18,326
Mammography,2024-01-19,276
Mammography,2024-01-20,252
Mammography,2024-01-21,271
Mammography,2024-01-22,355
Mammography,2024-01-23,296
Mammography,2024-01-24,322
Mammography,2024-01-25,299
Mammography,2024-01-26,277
Mammography,2024-01-27,279
Mammography,2024-01-28,250
Mammography,2024-01-29,334
Mammography,2024-01-30,295
Mammography,2024-01-31,338
Mammography,2024-02-01,334
Mammography,2024-02-02,368
Mammography,2024-02-03,271
Mammography,2024-02-04,218
Mammography,2024-02-05,327
Mammography,2024-02-06,329
Mammography,2024-02-07,316
Mammography,2024-02-08,328
Mammography,2024-02-09,236
Mammography,2024-02-10,252
Mammography,2024-02-11,259
Mammography,2024-02-12,264
Mammography,2024-02-13,271
Mammography,2024-02-14,258
Mammography,2024-02-15,259
Mammography,2024-02-16,267
Mammography,2024-02-17,219
Mammography,2024-02-18,228
Mammography,2024-02-19,297
Mammography,2024-02-20,306
Mammography,2024-02-21,324
Mammography,2024-02-22,311
Mammography,2024-02-23,252
Mammography,2024-02-24,282
Mammography,2024-02-25,241
Mammography,2024-02-26,317
Mammography,2024-02-27,326
Mammography,2024-02-28,393
Mammography,2024-02-29,422
Mammography,2024-03-01,484
Mammography,2024-03-02,365
Mammography,2024-03-03,316
Mammography,2024-03-04,384
Mammography,2024-03-05,352
Mammography,2024-03-06,344
Mammography,2024-03-07,414
Mammography,2024-03-08,410
Mammography,2024-03-09,360
Mammography,2024-03-10,282
Mammography,2024-03-11,448
Mammography,2024-03-12,445
Mammography,2024-03-13,504
Mammography,2024-03-14,508
Mammography,2024-03-15,480
Mammography,2024-03-16,375
Mammography,2024-03-17,312
Mammography,2024-03-18,494
Mammography,2024-03-19,349
Mammography,2024-03-20,397
Mammography,2024-03-21,336
Mammography,2024-03-22,325
Mammography,2024-03-23,277
Mammography,2024-03-24,231
Mammography,2024-03-25,334
Mammography,2024-03-26,463
Mammography,2024-03-27,379
Mammography,2024-03-28,359
Mammography,2024-03-29,288
Mammography,2024-03-30,283
Mammography,2024-03-31,289
Mammography,2024-04-01,387
Mammography,2024-04-02,435
Mammography,2024-04-03,396
Mammography,2024-04-04,431
Mammography,2024-04-05,352
Mammography,2024-04-06,332
Mammography,2024-04-07,298
Mammography,2024-04-08,477
Mammography,2024-04-09,348
Mammography,2024-04-10,419
Mammography,2024-04-11,494
Mammography,2024-04-12,498
Mammography,2024-04-13,370
Mammography,2024-04-14,375
Mammography,2024-04-15,524
Mammography,2024-04-16,633
Mammography,2024-04-17,652
Mammography,2024-04-18,647
Mammography,2024-04-19,736
Mammography,2024-04-20,598
Mammography,2024-04-21,305
Mammography,2024-04-22,460
Mammography,2024-04-23,462
Mammography,2024-04-24,554
Mammography,2024-04-25,545
Mammography,2024-04-26,521
Mammography,2024-04-27,463
Mammography,2024-04-28,482
Mammography,2024-04-29,872
Mammography,2024-04-30,908
Mammography,2024-05-01,815
Mammography,2024-05-02,729
Mammography,2024-05-03,754
Mammography,2024-05-04,553
Mammography,2024-05-05,471
Mammography,2024-05-06,640
Mammography,2024-05-07,598
Mammography,2024-05-08,759
Mammography,2024-05-09,913
Mammography,2024-05-10,619
Mammography,2024-05-11,506
Mammography,2024-05-12,419
Mammography,2024-05-13,874
Mammography,2024-05-14,878
Mammography,2024-05-15,619
Mammography,2024-05-16,901
Mammography,2024-05-17,833
Mammography,2024-05-18,685
Mammography,2024-05-19,429
Mammography,2024-05-20,651
Mammography,2024-05-21,629
Mammography,2024-05-22,604
Mammography,2024-05-23,555
Mammography,2024-05-24,503
Mammography,2024-05-25,436
Mammography,2024-05-26,295
Mammography,2024-05-27,553
Mammography,2024-05-28,530
Mammography,2024-05-29,567
Mammography,2024-05-30,790
Mammography,2024-05-31,725
Mammography,2024-06-01,482
Mammography,2024-06-02,444
Mammography,2024-06-03,630
Mammography,2024-06-04,790
Mammography,2024-06-05,870
Mammography,2024-06-06,875
Mammography,2024-06-07,726
Mammography,2024-06-08,648
Mammography,2024-06-09,422
Mammography,2024-06-10,827
Mammography,2024-06-11,853
Mammography,2024-06-12,871
Mammography,2024-06-13,826
Mammography,2024-06-14,602
Mammography,2024-06-15,607
Mammography,2024-06-16,423
Mammography,2024-06-17,803
Mammography,2024-06-18,868
Mammography,2024-06-19,866
Mammography,2024-06-20,575
Mammography,2024-06-21,528
Mammography,2024-06-22,751
Mammography,2024-06-23,584
Mammography,2024-06-24,578
Mammography,2024-06-25,614
Mammography,2024-06-26,621
Mammography,2024-06-27,911
Mammography,2024-06-28,1031
Mammography,2024-06-29,825
Mammography,2024-06-30,650
Mammography,2024-07-01,1127
Mammography,2024-07-02,1140
Mammography,2024-07-03,1047
Mammography,2024-07-04,956
Mammography,2024-07-05,1006
Mammography,2024-07-06,870
Mammography,2024-07-07,606
Mammography,2024-07-08,1031
Mammography,2024-07-09,1070
Mammography,2024-07-10,1138
Mammography,2024-07-11,1075
Mammography,2024-07-12,935
Mammography,2024-07-13,664
Mammography,2024-07-14,607
Mammography,2024-07-15,1030
Mammography,2024-07-16,1131
Mammography,2024-07-17,1179
Mammography,2024-07-18,928
Mammography,2024-07-19,820
Mammography,2024-07-20,633
Mammography,2024-07-21,585
Mammography,2024-07-22,1106
Mammography,2024-07-23,883
Mammography,2024-07-24,925
Mammography,2024-07-25,947
Mammography,2024-07-26,1126
Mammography,2024-07-27,758
Mammography,2024-07-28,589
Mammography,2024-07-29,936
Mammography,2024-07-30,1154
Mammography,2024-07-31,1072
Mammography,2024-08-01,1073
Mammography,2024-08-02,958
Mammography,2024-08-03,853
Mammography,2024-08-04,662
Mammography,2024-08-05,858
Mammography,2024-08-06,824
Mammography,2024-08-07,779
Mammography,2024-08-08,630
Mammography,2024-08-09,632
Mammography,2024-08-10,454
Mammography,2024-08-11,454
Mammography,2024-08-12,686
Mammography,2024-08-13,612
Mammography,2024-08-14,684
Mammography,2024-08-15,738
Mammography,2024-08-16,830
Mammography,2024-08-17,577
Mammography,2024-08-18,580
Mammography,2024-08-19,869
Mammography,2024-08-20,757
Mammography,2024-08-21,974
Mammography,2024-08-22,926
Mammography,2024-08-23,701
Mammography,2024-08-24,743
Mammography,2024-08-25,518
Mammography,2024-08-26,833
Mammography,2024-08-27,694
Mammography,2024-08-28,622
Mammography,2024-08-29,604
Mammography,2024-08-30,588
Mammography,2024-08-31,479
Mammography,2024-09-01,513
Mammography,2024-09-02,751
Mammography,2024-09-03,942
Mammography,2024-09-04,906
Mammography,2024-09-05,868
Mammography,2024-09-06,807
Mammography,2024-09-07,703
Mammography,2024-09-08,370
Mammography,2024-09-09,785
Mammography,2024-09-10,859
Mammography,2024-09-11,809
Mammography,2024-09-12,875
Mammography,2024-09-13,880
Mammography,2024-09-14,697
Mammography,2024-09-15,560
Mammography,2024-09-16,982
Mammography,2024-09-17,729
Mammography,2024-09-18,891
Mammography,2024-09-19,974
Mammography,2024-09-20,905
Mammography,2024-09-21,731
Mammography,2024-09-22,584
Mammography,2024-09-23,997
Mammography,2024-09-24,1025
Mammography,2024-09-25,933
Mammography,2024-09-26,1011
Mammography,2024-09-27,894
Mammography,2024-09-28,729
Mammography,2024-09-29,585
Mammography,2024-09-30,922
Mammography,2024-10-01,934
Mammography,2024-10-02,738
Mammography,2024-10-03,717
Mammography,2024-10-04,929
Mammography,2024-10-05,910
Mammography,2024-10-06,656
Mammography,2024-10-07,942
Mammography,2024-10-08,876
Mammography,2024-10-09,798
Mammography,2024-10-10,838
Mammography,2024-10-11,827
Mammography,2024-10-12,616
Mammography,2024-10-13,639
Mammography,2024-10-14,787
Mammography,2024-10-15,888
Mammography,2024-10-16,857
Mammography,2024-10-17,756
Mammography,2024-10-18,688
Mammography,2024-10-19,630
Mammography,2024-10-20,518
Mammography,2024-10-21,693
Mammography,2024-10-22,673
Mammography,2024-10-23,718
Mammography,2024-10-24,830
Mammography,2024-10-25,777
Mammography,2024-10-26,544
Mammography,2024-10-27,551
Mammography,2024-10-28,823
Mammography,2024-10-29,807
Mammography,2024-10-30,859
Mammography,2024-10-31,612
Mammography,2024-11-01,520
Mammography,2024-11-02,534
Mammography,2024-11-03,365
Mammography,2024-11-04,628
Mammography,2024-11-05,622
Mammography,2024-11-06,580
Mammography,2024-11-07,627
Mammography,2024-11-08,624
Mammography,2024-11-09,472
Mammography,2024-11-10,430
Mammography,2024-11-11,587
Mammography,2024-11-12,608
Mammography,2024-11-13,559
Mammography,2024-11-14,550
Mammography,2024-11-15,573
Mammography,2024-11-16,511
Mammography,2024-11-17,330
Mammography,2024-11-18,497
Mammography,2024-11-19,583
Mammography,2024-11-20,536
Mammography,2024-11-21,571
Mammography,2024-11-22,542
Mammography,2024-11-23,443
Mammography,2024-11-24,368
Mammography,2024-11-25,533
Mammography,2024-11-26,573
Mammography,2024-11-27,486
Mammography,2024-11-28,453
Mammography,2024-11-29,418
Mammography,2024-11-30,387
Mammography,2024-12-01,400
Mammography,2024-12-02,528
Mammography,2024-12-03,515
Mammography,2024-12-04,496
Mammography,2024-12-05,475
Mammography,2024-12-06,487
Mammography,2024-12-07,332
Mammography,2024-12-08,313
Mammography,2024-12-09,500
Mammography,2024-12-10,438
Mammography,2024-12-11,484
Mammography,2024-12-12,456
Mammography,2024-12-13,519
Mammography,2024-12-14,463
Mammography,2024-12-15,381
Mammography,2024-12-16,537
Mammography,2024-12-17,545
Mammography,2024-12-18,549
Mammography,2024-12-19,543
Mammography,2024-12-20,487
Mammography,2024-12-21,441
Mammography,2024-12-22,359
Mammography,2024-12-23,548
Mammography,2024-12-24,519
Mammography,2024-12-25,373
Mammography,2024-12-26,440
Mammography,2024-12-27,502
Mammography,2024-12-28,445
Mammography,2024-12-29,349
Mammography,2024-12-30,544
Mammography,2024-12-31,485
Mammography,2025-01-01,340
Mammography,2025-01-02,526
Mammography,2025-01-03,466
Mammography,2025-01-04,416
Mammography,2025-01-05,360
Mammography,2025-01-06,546
Mammography,2025-01-07,610
Mammography,2025-01-08,616
Mammography,2025-01-09,542
Mammography,2025-01-10,522
Mammography,2025-01-11,501
Mammography,2025-01-12,380
Mammography,2025-01-13,537
Mammography,2025-01-14,585
Mammography,2025-01-15,523
Mammography,2025-01-16,560
Mammography,2025-01-17,550
Mammography,2025-01-18,447
Mammography,2025-01-19,332
Mammography,2025-01-20,532
Mammography,2025-01-21,567
Mammography,2025-01-22,558
Mammography,2025-01-23,576
Mammography,2025-01-24,495
Mammography,2025-01-25,390
Mammography,2025-01-26,325
Mammography,2025-01-27,565
Mammography,2025-01-28,479
Mammography,2025-01-29,465
Mammography,2025-01-30,435
Mammography,2025-01-31,426
Mammography,2025-02-01,322
Mammography,2025-02-02,332
Mammography,2025-02-03,438
Mammography,2025-02-04,538
Mammography,2025-02-05,489
Mammography,2025-02-06,454
Mammography,2025-02-07,263
Mammography,2025-02-08,324
Mammography,2025-02-09,242
Mammography,2025-02-10,258
Mammography,2025-02-11,238
Mammography,2025-02-12,257
Mammography,2025-02-13,276
Mammography,2025-02-14,250
Mammography,2025-02-15,180
Mammography,2025-02-16,180
Mammography,2025-02-17,303
Mammography,2025-02-18,229
Mammography,2025-02-19,295
Mammography,2025-02-20,270
Mammography,2025-02-21,223
Mammography,2025-02-22,178
Mammography,2025-02-23,147
Mammography,2025-02-24,270
Mammography,2025-02-25,247
Mammography,2025-02-26,251
Mammography,2025-02-27,271
Mammography,2025-02-28,282
Mammography,2025-03-01,220
Mammography,2025-03-02,224
Mammography,2025-03-03,315
Mammography,2025-03-04,349
Mammography,2025-03-05,316
Mammography,2025-03-06,329
Mammography,2025-03-07,345
Mammography,2025-03-08,315
Mammography,2025-03-09,258
Mammography,2025-03-10,372
Mammography,2025-03-11,390
Mammography,2025-03-12,368
Mammography,2025-03-13,351
Mammography,2025-03-14,269
Mammography,2025-03-15,263
Mammography,2025-03-16,232
Mammography,2025-03-17,431
Mammography,2025-03-18,373
Mammography,2025-03-19,328
Mammography,2025-03-20,274
Mammography,2025-03-21,252
Mammography,2025-03-22,193
Mammography,2025-03-23,200
Mammography,2025-03-24,278
Mammography,2025-03-25,312
Mammography,2025-03-26,286
Mammography,2025-03-27,294
Mammography,2025-03-28,258
Mammography,2025-03-29,200
Mammography,2025-03-30,169
Mammography,2025-03-31,275
Mammography,2025-04-01,274
Mammography,2025-04-02,355
Mammography,2025-04-03,276
Mammography,2025-04-04,261
Mammography,2025-04-05,210
Mammography,2025-04-06,200
Mammography,2025-04-07,409
Mammography,2025-04-08,315
Mammography,2025-04-09,266
Mammography,2025-04-10,279
Mammography,2025-04-11,244
Mammography,2025-04-12,200
Mammography,2025-04-13,155
Mammography,2025-04-14,261
Mammography,2025-04-15,313
Mammography,2025-04-16,280
Mammography,2025-04-17,220
Mammography,2025-04-18,237
Mammography,2025-04-19,179
Mammography,2025-04-20,162
Mammography,2025-04-21,256
Mammography,2025-04-22,299
Mammography,2025-04-23,249
Mammography,2025-04-24,253
Mammography,2025-04-25,247
Mammography,2025-04-26,211
Mammography,2025-04-27,169
Mammography,2025-04-28,260
Mammography,2025-04-29,504
Mammography,2025-04-30,369
Mammography,2025-05-01,252
Mammography,2025-05-02,223
Mammography,2025-05-03,202
Mammography,2025-05-04,189
Mammography,2025-05-05,241
Mammography,2025-05-06,310
Mammography,2025-05-07,269
Mammography,2025-05-08,260
Mammography,2025-05-09,229
Mammography,2025-05-10,222
Mammography,2025-05-11,220
Mammography,2025-05-12,259
Mammography,2025-05-13,282
Mammography,2025-05-14,277
Mammography,2025-05-15,304
Mammography,2025-05-16,264
Mammography,2025-05-17,248
Mammography,2025-05-18,199
Mammography,2025-05-19,266
Mammography,2025-05-20,260
Mammography,2025-05-21,270
Mammography,2025-05-22,247
Mammography,2025-05-23,257
Mammography,2025-05-24,213
Mammography,2025-05-25,170
Mammography,2025-05-26,243
Mammography,2025-05-27,238
Mammography,2025-05-28,233
Mammography,2025-05-29,249
Mammography,2025-05-30,243
Mammography,2025-05-31,169
Mammography,2025-06-01,167
Mammography,2025-06-02,242
Mammography,2025-06-03,250
Mammography,2025-06-04,228
Mammography,2025-06-05,216
Mammography,2025-06-06,220
Mammography,2025-06-07,193
Mammography,2025-06-08,173
Mammography,2025-06-09,193
Mammography,2025-06-10,200
Mammography,2025-06-11,246
Mammography,2025-06-12,244
Mammography,2025-06-13,218
Mammography,2025-06-14,144
Mammography,2025-06-15,124
Mammography,2025-06-16,217
Mammography,2025-06-17,234
Mammography,2025-06-18,227
Mammography,2025-06-19,204
Mammography,2025-06-20,172
Mammography,2025-06-21,157
Mammography,2025-06-22,126
Mammography,2025-06-23,202
Mammography,2025-06-24,231
Mammography,2025-06-25,234
Mammography,2025-06-26,210
Mammography,2025-06-27,187
Mammography,2025-06-28,167
Mammography,2025-06-29,155
Mammography,2025-06-30,212
Mammography,2025-07-01,205
Mammography,2025-07-02,180
Mammography,2025-07-03,174
Mammography,2025-07-04,173
Mammography,2025-07-05,124
Mammography,2025-07-06,116
Mammography,2025-07-07,190
Mammography,2025-07-08,184
Mammography,2025-07-09,214
Mammography,2025-07-10,208
Mammography,2025-07-11,197
Mammography,2025-07-12,147
Mammography,2025-07-13,114
Mammography,2025-07-14,216
Mammography,2025-07-15,219
Mammography,2025-07-16,240
Mammography,2025-07-17,199
Mammography,2025-07-18,154
Mammography,2025-07-19,128
Mammography,2025-07-20,159
Mammography,2025-07-21,199
Mammography,2025-07-22,235
Mammography,2025-07-23,213
Mammography,2025-07-24,201
Mammography,2025-07-25,202
Mammography,2025-07-26,165
Mammography,2025-07-27,164
Mammography,2025-07-28,230
Mammography,2025-07-29,216
Mammography,2025-07-30,237
Mammography,2025-07-31,222
Mammography,2025-08-01,188
Mammography,2025-08-02,177
Mammography,2025-08-03,168
Mammography,2025-08-04,192
Mammography,2025-08-05,215
Mammography,2025-08-06,194
Mammography,2025-08-07,212
Mammography,2025-08-08,188
Mammography,2025-08-09,99
Mammography,2025-08-10,182
Mammography,2025-08-11,181
Mammography,2025-08-12,231
Mammography,2025-08-13,225
Mammography,2025-08-14,210
Mammography,2025-08-15,205
Mammography,2025-08-16,186
Mammography,2025-08-17,127
Mammography,2025-08-18,212
Mammography,2025-08-19,248
Mammography,2025-08-20,251
Mammography,2025-08-21,220
Mammography,2025-08-22,208
Mammography,2025-08-23,148
Mammography,2025-08-24,161
Mammography,2025-08-25,225
Mammography,2025-08-26,186
Mammography,2025-08-27,199
Mammography,2025-08-28,235
Mammography,2025-08-29,162
Mammography,2025-08-30,149
Mammography,2025-08-31,153
Mammography,2025-09-01,212
Mammography,2025-09-02,187
Mammography,2025-09-03,218
Mammography,2025-09-04,296
Mammography,2025-09-05,218
Mammography,2025-09-06,137
Mammography,2025-09-07,146
Mammography,2025-09-08,241
Mammography,2025-09-09,253
Mammography,2025-09-10,244
Mammography,2025-09-11,221
Mammography,2025-09-12,253
Mammography,2025-09-13,193
Mammography,2025-09-14,153
Mammography,2025-09-15,220
Mammography,2025-09-16,187
Mammography,2025-09-17,242
Mammography,2025-09-18,213
Mammography,2025-09-19,206
Mammography,2025-09-20,149
Mammography,2025-09-21,161
Mammography,2025-09-22,200
Mammography,2025-09-23,225
Mammography,2025-09-24,183
Mammography,2025-09-25,246
Mammography,2025-09-26,225
Mammography,2025-09-27,170
Mammography,2025-09-28,135
Mammography,2025-09-29,211
Mammography,2025-09-30,280
Mammography,2025-10-01,322
Mammography,2025-10-02,235
Mammography,2025-10-03,211
Mammography,2025-10-04,153
Mammography,2025-10-05,155
Mammography,2025-10-06,222
Mammography,2025-10-07,222
Mammography,2025-10-08,240
Mammography,2025-10-09,246
Mammography,2025-10-10,230
Mammography,2025-10-11,175
Mammography,2025-10-12,152
Mammography,2025-10-13,263
Mammography,2025-10-14,274
Mammography,2025-10-15,243
Mammography,2025-10-16,265
Mammography,2025-10-17,270
Mammography,2025-10-18,230
Mammography,2025-10-19,173
Mammography,2025-10-20,211
Mammography,2025-10-21,219
Mammography,2025-10-22,192
Mammography,2025-10-23,205
Mammography,2025-10-24,187
Mammography,2025-10-25,136
Mammography,2025-10-26,159
Mammography,2025-10-27,224
Mammography,2025-10-28,201
Mammography,2025-10-29,209
Mammography,2025-10-30,177
Mammography,2025-10-31,259
Mammography,2025-11-01,151
Mammography,2025-11-02,141
Mammography,2025-11-03,214
Mammography,2025-11-04,199
Mammography,2025-11-05,195
Mammography,2025-11-06,195
Mammography,2025-11-07,164
Mammography,2025-11-08,176
Mammography,2025-11-09,179
Mammography,2025-11-10,245
Mammography,2025-11-11,261
Mammography,2025-11-12,254
Mammography,2025-11-13,201
Mammography,2025-11-14,167
Mammography,2025-11-15,285
Mammography,2025-11-16,129
Mammography,2025-11-17,191
Mammography,2025-11-18,195
Mammography,2025-11-19,271
Mammography,2025-11-20,196
Mammography,2025-11-21,180
Mammography,2025-11-22,164
Mammography,2025-11-23,142
Mammography,2025-11-24,203
Mammography,2025-11-25,245
Mammography,2025-11-26,228
Mammography,2025-11-27,195
Mammography,2025-11-28,179
Mammography,2025-11-29,155
Mammography,2025-11-30,139
Mammography,2025-12-01,222
Mammography,2025-12-02,207
Mammography,2025-12-03,191
Mammography,2025-12-04,213
Mammography,2025-12-05,188
Mammography,2025-12-06,183
Mammography,2025-12-07,136
Mammography,2025-12-08,192
Mammography,2025-12-09,198
Mammography,2025-12-10,193
Mammography,2025-12-11,181
Mammography,2025-12-12,169
Mammography,2025-12-13,165
Mammography,2025-12-14,139
Mammography,2025-12-15,156
Mammography,2025-12-16,159
Mammography,2025-12-17,157
Mammography,2025-12-18,143
Mammography,2025-12-19,154
Mammography,2025-12-20,129
Mammography,2025-12-21,113
Mammography,2025-12-22,132
Mammography,2025-12-23,132
Mammography,2025-12-24,150
Mammography,2025-12-25,107
Mammography,2025-12-26,114
Mammography,2025-12-27,118
Mammography,2025-12-28,94
Mammography,2025-12-29,129
Mammography,2025-12-30,159
Mammography,2025-12-31,131
Mammography,2026-01-01,116
Mammography,2026-01-02,130
Mammography,2026-01-03,113
Mammography,2026-01-04,100
Mammography,2026-01-05,144
Mammography,2026-01-06,151
Mammography,2026-01-07,153
Mammography,2026-01-08,188
Mammography,2026-01-09,162
Mammography,2026-01-10,110
Mammography,2026-01-11,101
Mammography,2026-01-12,159
Mammography,2026-01-13,153
Mammography,2026-01-14,172
Mammography,2026-01-15,184
Mammography,2026-01-16,139
Mammography,2026-01-17,114
Mammography,2026-01-18,114
Mammography,2026-01-19,163
Mammography,2026-01-20,197
Mammography,2026-01-21,176
Mammography,2026-01-22,201
Mammography,2026-01-23,156
Mammography,2026-01-24,130
Mammography,2026-01-25,152
Mammography,2026-01-26,142
Mammography,2026-01-27,153
Mammography,2026-01-28,163
Mammography,2026-01-29,171
Mammography,2026-01-30,161
Mammography,2026-01-31,140
Mammography,2026-02-01,112
Mammography,2026-02-02,151
Mammography,2026-02-03,190
Mammography,2026-02-04,166
Mammography,2026-02-05,175
Mammography,2026-02-06,156
Mammography,2026-02-07,142
Mammography,2026-02-08,98
Mammography,2026-02-09,157
Mammography,2026-02-10,151
Mammography,2026-02-11,160
Mammography,2026-02-12,158
Mammography,2026-02-13,154
Mammography,2026-02-14,133
Mammography,2026-02-15,113
Mammography,2026-02-16,154
Mammography,2026-02-17,157
Mammography,2026-02-18,171
Mammography,2026-02-19,151
Mammography,2026-02-20,135
Mammography,2026-02-21,123
Mammography,2026-02-22,119
Mammography,2026-02-23,180
Mammography,2026-02-24,147
Mammography,2026-02-25,142
Mammography,2026-02-26,155
Mammography,2026-02-27,129
Mammography,2026-02-28,95
Mammography,2026-03-01,87
Mammography,2026-03-02,157
Mammography,2026-03-03,143
Mammography,2026-03-04,136
Mammography,2026-03-05,137
Mammography,2026-03-06,118
Mammography,2026-03-07,106
Mammography,2026-03-08,121
Mammography,2026-03-09,138
Mammography,2026-03-10,140
Mammography,2026-03-11,124
Mammography,2026-03-12,103
Mammography,2026-03-13,126
Mammography,2026-03-14,129
Mammography,2026-03-15,86
Mammography,2026-03-16,163
Mammography,2026-03-17,166
Mammography,2026-03-18,165
Mammography,2026-03-19,158
Mammography,2026-03-20,132
Mammography,2026-03-21,82
Mammography,2026-03-22,79
Mammography,2026-03-23,111
Mammography,2026-03-24,130
Mammography,2026-03-25,124
Mammography,2026-03-26,129
Mammography,2026-03-27,141
Mammography,2026-03-28,96
Mammography,2026-03-29,98
Mammography,2026-03-30,145
Mammography,2026-03-31,132
Mammography,2026-04-01,121
Mammography,2026-04-02,170
Mammography,2026-04-03,118
Mammography,2026-04-04,111
Mammography,2026-04-05,132
Mammography,2026-04-06,124
Mammography,2026-04-07,164
Mammography,2026-04-08,143
Mammography,2026-04-09,136
Mammography,2026-04-10,151
Mammography,2026-04-11,134
Mammography,2026-04-12,146
Mammography,2026-04-13,158
Mammography,2026-04-14,163
Mammography,2026-04-15,147
Mammography,2026-04-16,181
Mammography,2026-04-17,167
Mammography,2026-04-18,152
Mammography,2026-04-19,106
Mammography,2026-04-20,165
Mammography,2026-04-21,162
Mammography,2026-04-22,152
Mammography,2026-04-23,120
Mammography,2026-04-24,149
Mammography,2026-04-25,136
Mammography,2026-04-26,108
Mammography,2026-04-27,187
Mammography,2026-04-28,150
Mammography,2026-04-29,161
Mammography,2026-04-30,145
Mammography,2026-05-01,122
Mammography,2026-05-02,118
Mammography,2026-05-03,107
Mammography,2026-05-04,146
Mammography,2026-05-05,155
Mammography,2026-05-06,165
Mammography,2026-05-07,183
Mammography,2026-05-08,149
Mammography,2026-05-09,135
Mammography,2026-05-10,125
Mammography,2026-05-11,156
Mammography,2026-05-12,166
Mammography,2026-05-13,169
Mammography,2026-05-14,202
Mammography,2026-05-15,165
Mammography,2026-05-16,134
Mammography,2026-05-17,145
Mammography,2026-05-18,131
Mammography,2026-05-19,187
Mammography,2026-05-20,176
Mammography,2026-05-21,171
Mammography,2026-05-22,162
Mammography,2026-05-23,118
Mammography,2026-05-24,95
Mammography,2026-05-25,135
Mammography,2026-05-26,137
Mammography,2026-05-27,150
Mammography,2026-05-28,161
Mammography,2026-05-29,157
Mammography,2026-05-30,114
Mammography,2026-05-31,99
Mammography,2026-06-01,149
Mammography,2026-06-02,145
Mammography,2026-06-03,180
Mammography,2026-06-04,147
Mammography,2026-06-05,129
Mammography,2026-06-06,162
Mammography,2026-06-07,120
Mammography,2026-06-08,167
Mammography,2026-06-09,183
Mammography,2026-06-10,183
Mammography,2026-06-11,185
Mammography,2026-06-12,171
Mammography,2026-06-13,154
Mammography,2026-06-14,109
Mammography,2026-06-15,161
Mammography,2026-06-16,163
Mammography,2026-06-17,149
Mammography,2026-06-18,165
Mammography,2026-06-19,158
Mammography,2026-06-20,114
Mammography,2026-06-21,111
Mammography,2026-06-22,134
Mammography,2026-06-23,151
Mammography,2026-06-24,150
Mammography,2026-06-25,189
Mammography,2026-06-26,191
Mammography,2026-06-27,190
Mammography,2026-06-28,142
Mammography,2026-06-29,149
Mammography,2026-06-30,143
Mammography,2026-07-01,144
Mammography,2026-07-02,143
Mammography,2026-07-03,127
Mammography,2026-07-04,135
Mammography,2026-07-05,92
Mammography,2026-07-06,147
Mammography,2026-07-07,150
Mammography,2026-07-08,135
Mammography,2026-07-09,152
Mammography,2026-07-10,174
Mammography,2026-07-11,101
Mammography,2026-07-12,129
Mammography,2026-07-13,144
Mammography,2026-07-14,135
Mammography,2026-07-15,157
Mammography,2026-07-16,150
Mammography,2026-07-17,112
Mammography,2026-07-18,87
Mammography,2026-07-19,88
Mammography,2026-07-20,121
Mammography,2026-07-21,135
Mammography,2026-07-22,144
Mammography,2026-07-23,137
Mammography,2026-07-24,108
Mammography,2026-07-25,114
Mammography,2026-07-26,72
Mammography,2026-07-27,116
Mammography,2026-07-28,108
Mammography,2026-07-29,117
Mammography,2026-07-30,109
Mammography,2026-07-31,96
Mammography,2026-08-01,124
Mammography,2026-08-02,101
Mammography,2026-08-03,103
Mammography,2026-08-04,123
Mammography,2026-08-05,142
Mammography,2026-08-06,142
Mammography,2026-08-07,107
Mammography,2026-08-08,105
Mammography,2026-08-09,93
Mammography,2026-08-10,136
Mammography,2026-08-11,135
Mammography,2026-08-12,131
Mammography,2026-08-13,111
Mammography,2026-08-14,122
Mammography,2026-08-15,89
Mammography,2026-08-16,91
Mammography,2026-08-17,115
Mammography,2026-08-18,156
Mammography,2026-08-19,109
Mammography,2026-08-20,103
Mammography,2026-08-21,131
Mammography,2026-08-22,107
Mammography,2026-08-23,117
Mammography,2026-08-24,123
Mammography,2026-08-25,125
Mammography,2026-08-26,112
Mammography,2026-08-27,111
Mammography,2026-08-28,71
Mammography,2026-08-29,73
Mammography,2026-08-30,95
Mammography,2026-08-31,100
Mammography,2026-09-01,103
Mammography,2026-09-02,114
Mammography,2026-09-03,106
Mammography,2026-09-04,114
Mammography,2026-09-05,79
Mammography,2026-09-06,68
Mammography,2026-09-07,106
Mammography,2026-09-08,119
Mammography,2026-09-09,118
Mammography,2026-09-10,110
Mammography,2026-09-11,137
Mammography,2026-09-12,97
Mammography,2026-09-13,80
Mammography,2026-09-14,96
Mammography,2026-09-15,100
Mammography,2026-09-16,101
Mammography,2026-09-17,95
Mammography,2026-09-18,98
Mammography,2026-09-19,78
Mammography,2026-09-20,66
Mammography,2026-09-21,100
Mammography,2026-09-22,106
Mammography,2026-09-23,117
Mammography,2026-09-24,104
Mammography,2026-09-25,72
