IndicatorCode,IndicatorName,SpatialDim,TimeDim,Dim1,NumericValue,Value
SA_0000001419,"Age-standardized DALYs, breast cancer, per 100,000",CRI,2004,SEX_BTSX,96.0,96
SA_0000001419,"Age-standardized DALYs, breast cancer, per 100,000",BLR,2004,SEX_BTSX,153.0,153
SA_0000001419,"Age-standardized DALYs, breast cancer, per 100,000",URY,2004,SEX_FMLE,370.0,370
SA_0000001419,"Age-standardized DALYs, breast cancer, per 100,000",SGP,2004,SEX_BTSX,100.0,100
SA_0000001419,"Age-standardized DALYs, breast cancer, per 100,000",THA,2004,SEX_BTSX,89.0,89
SA_0000001419,"Age-standardized DALYs, breast cancer, per 100,000",GAB,2004,SEX_FMLE,159.0,159
SA_0000001419,"Age-standardized DALYs, breast cancer, per 100,000",TGO,2004,SEX_BTSX,188.0,188
SA_0000001419,"Age-standardized DALYs, breast cancer, per 100,000",CHL,2004,SEX_FMLE,166.0,166
SA_0000001419,"Age-standardized DALYs, breast cancer, per 100,000",ECU,2004,SEX_FMLE,168.0,168
SA_0000001419,"Age-standardized DALYs, breast cancer, per 100,000",CMR,2004,SEX_FMLE,368.0,368
SA_0000001419,"Age-standardized DALYs, breast cancer, per 100,000",KEN,2004,SEX_BTSX,93.0,93
SA_0000001419,"Age-standardized DALYs, breast cancer, per 100,000",SUR,2004,SEX_MLE,12.0,12
SA_0000001419,"Age-standardized DALYs, breast cancer, per 100,000",FIN,2004,SEX_BTSX,126.0,126
SA_0000001419,"Age-standardized DALYs, breast cancer, per 100,000",ROU,2004,SEX_FMLE,253.0,253
SA_0000001419,"Age-standardized DALYs, breast cancer, per 100,000",SVK,2004,SEX_BTSX,134.0,134
SA_0000001419,"Age-standardized DALYs, breast cancer, per 100,000",PLW,2004,SEX_FMLE,270.0,270
SA_0000001419,"Age-standardized DALYs, breast cancer, per 100,000",SLB,2004,SEX_BTSX,70.0,70
SA_0000001419,"Age-standardized DALYs, breast cancer, per 100,000",EGY,2004,SEX_BTSX,128.0,128
SA_0000001419,"Age-standardized DALYs, breast cancer, per 100,000",RWA,2004,SEX_FMLE,89.0,89
SA_0000001419,"Age-standardized DALYs, breast cancer, per 100,000",CRI,2004,SEX_FMLE,188.0,188
SA_0000001419,"Age-standardized DALYs, breast cancer, per 100,000",SYR,2004,SEX_FMLE,170.0,170
SA_0000001419,"Age-standardized DALYs, breast cancer, per 100,000",NIU,2004,SEX_MLE,,5
SA_0000001419,"Age-standardized DALYs, breast cancer, per 100,000",VNM,2004,SEX_FMLE,139.0,139
SA_0000001419,"Age-standardized DALYs, breast cancer, per 100,000",POL,2004,SEX_MLE,,2
SA_0000001419,"Age-standardized DALYs, breast cancer, per 100,000",MYS,2004,SEX_FMLE,251.0,251
SA_0000001419,"Age-standardized DALYs, breast cancer, per 100,000",IRQ,2004,SEX_FMLE,382.0,382
SA_0000001419,"Age-standardized DALYs, breast cancer, per 100,000",TLS,2004,SEX_FMLE,218.0,218
SA_0000001419,"Age-standardized DALYs, breast cancer, per 100,000",SVK,2004,SEX_MLE,,3
SA_0000001419,"Age-standardized DALYs, breast cancer, per 100,000",BHS,2004,SEX_BTSX,219.0,219
SA_0000001419,"Age-standardized DALYs, breast cancer, per 100,000",AFG,2004,SEX_FMLE,506.0,506
SA_0000001419,"Age-standardized DALYs, breast cancer, per 100,000",LKA,2004,SEX_BTSX,129.0,129
SA_0000001419,"Age-standardized DALYs, breast cancer, per 100,000",MDA,2004,SEX_BTSX,159.0,159
SA_0000001419,"Age-standardized DALYs, breast cancer, per 100,000",CAN,2004,SEX_MLE,,2
SA_0000001419,"Age-standardized DALYs, breast cancer, per 100,000",GRC,2004,SEX_FMLE,272.0,272
SA_0000001419,"Age-standardized DALYs, breast cancer, per 100,000",TJK,2004,SEX_FMLE,142.0,142
SA_0000001419,"Age-standardized DALYs, breast cancer, per 100,000",SAU,2004,SEX_BTSX,98.0,98
SA_0000001419,"Age-standardized DALYs, breast cancer, per 100,000",NGA,2004,SEX_FMLE,497.0,497
SA_0000001419,"Age-standardized DALYs, breast cancer, per 100,000",HRV,2004,SEX_MLE,,5
SA_0000001419,"Age-standardized DALYs, breast cancer, per 100,000",HUN,2004,SEX_BTSX,166.0,166
SA_0000001419,"Age-standardized DALYs, breast cancer, per 100,000",MEX,2004,SEX_FMLE,172.0,172
SA_0000001419,"Age-standardized DALYs, breast cancer, per 100,000",BGR,2004,SEX_MLE,,2
SA_0000001419,"Age-standardized DALYs, breast cancer, per 100,000",NGA,2004,SEX_BTSX,258.0,258
SA_0000001419,"Age-standardized DALYs, breast cancer, per 100,000",UGA,2004,SEX_FMLE,149.0,149
SA_0000001419,"Age-standardized DALYs, breast cancer, per 100,000",FRA,2004,SEX_BTSX,182.0,182
SA_0000001419,"Age-standardized DALYs, breast cancer, per 100,000",LUX,2004,SEX_FMLE,294.0,294
SA_0000001419,"Age-standardized DALYs, breast cancer, per 100,000",SLE,2004,SEX_BTSX,261.0,261
SA_0000001419,"Age-standardized DALYs, breast cancer, per 100,000",MLT,2004,SEX_FMLE,309.0,309
SA_0000001419,"Age-standardized DALYs, breast cancer, per 100,000",SYC,2004,SEX_MLE,26.0,26
SA_0000001419,"Age-standardized DALYs, breast cancer, per 100,000",MHL,2004,SEX_MLE,14.0,14
SA_0000001419,"Age-standardized DALYs, breast cancer, per 100,000",VCT,2004,SEX_MLE,,4
SA_0000001419,"Age-standardized DALYs, breast cancer, per 100,000",TUR,2004,SEX_FMLE,192.0,192
SA_0000001419,"Age-standardized DALYs, breast cancer, per 100,000",TTO,2004,SEX_BTSX,209.0,209
SA_0000001419,"Age-standardized DALYs, breast cancer, per 100,000",CHE,2004,SEX_BTSX,153.0,153
SA_0000001419,"Age-standardized DALYs, breast cancer, per 100,000",CHL,2004,SEX_BTSX,87.0,87
SA_0000001419,"Age-standardized DALYs, breast cancer, per 100,000",TUV,2004,SEX_MLE,12.0,12
SA_0000001419,"Age-standardized DALYs, breast cancer, per 100,000",FSM,2004,SEX_BTSX,83.0,83
SA_0000001419,"Age-standardized DALYs, breast cancer, per 100,000",ISR,2004,SEX_BTSX,179.0,179
SA_0000001419,"Age-standardized DALYs, breast cancer, per 100,000",BLR,2004,SEX_FMLE,276.0,276
SA_0000001419,"Age-standardized DALYs, breast cancer, per 100,000",POL,2004,SEX_FMLE,256.0,256
SA_0000001419,"Age-standardized DALYs, breast cancer, per 100,000",JAM,2004,SEX_MLE,,2
SA_0000001419,"Age-standardized DALYs, breast cancer, per 100,000",ZAF,2004,SEX_FMLE,285.0,285
SA_0000001419,"Age-standardized DALYs, breast cancer, per 100,000",BGD,2004,SEX_BTSX,84.0,84
SA_0000001419,"Age-standardized DALYs, breast cancer, per 100,000",PAK,2004,SEX_FMLE,280.0,280
SA_0000001419,"Age-standardized DALYs, breast cancer, per 100,000",AND,2004,SEX_FMLE,267.0,267
SA_0000001419,"Age-standardized DALYs, breast cancer, per 100,000",MEX,2004,SEX_MLE,,2
SA_0000001419,"Age-standardized DALYs, breast cancer, per 100,000",BRN,2004,SEX_BTSX,102.0,102
SA_0000001419,"Age-standardized DALYs, breast cancer, per 100,000",VUT,2004,SEX_BTSX,128.0,128
SA_0000001419,"Age-standardized DALYs, breast cancer, per 100,000",COL,2004,SEX_FMLE,167.0,167
SA_0000001419,"Age-standardized DALYs, breast cancer, per 100,000",TUV,2004,SEX_BTSX,189.0,189
SA_0000001419,"Age-standardized DALYs, breast cancer, per 100,000",ARE,2004,SEX_FMLE,133.0,133
SA_0000001419,"Age-standardized DALYs, breast cancer, per 100,000",CUB,2004,SEX_BTSX,108.0,108
SA_0000001419,"Age-standardized DALYs, breast cancer, per 100,000",USA,2004,SEX_FMLE,329.0,329
SA_0000001419,"Age-standardized DALYs, breast cancer, per 100,000",HND,2004,SEX_FMLE,276.0,276
SA_0000001419,"Age-standardized DALYs, breast cancer, per 100,000",MCO,2004,SEX_MLE,,2
SA_0000001419,"Age-standardized DALYs, breast cancer, per 100,000",GUY,2004,SEX_BTSX,190.0,190
SA_0000001419,"Age-standardized DALYs, breast cancer, per 100,000",BTN,2004,SEX_FMLE,166.0,166
SA_0000001419,"Age-standardized DALYs, breast cancer, per 100,000",MDA,2004,SEX_FMLE,281.0,281
SA_0000001419,"Age-standardized DALYs, breast cancer, per 100,000",GBR,2004,SEX_BTSX,182.0,182
SA_0000001419,"Age-standardized DALYs, breast cancer, per 100,000",BEN,2004,SEX_FMLE,385.0,385
SA_0000001419,"Age-standardized DALYs, breast cancer, per 100,000",PRK,2004,SEX_FMLE,153.0,153
SA_0000001419,"Age-standardized DALYs, breast cancer, per 100,000",USA,2004,SEX_MLE,,2
SA_0000001419,"Age-standardized DALYs, breast cancer, per 100,000",DOM,2004,SEX_FMLE,328.0,328
SA_0000001419,"Age-standardized DALYs, breast cancer, per 100,000",PRT,2004,SEX_MLE,,4
SA_0000001419,"Age-standardized DALYs, breast cancer, per 100,000",CYP,2004,SEX_BTSX,120.0,120
SA_0000001419,"Age-standardized DALYs, breast cancer, per 100,000",MKD,2004,SEX_MLE,10.0,10
SA_0000001419,"Age-standardized DALYs, breast cancer, per 100,000",MDV,2004,SEX_BTSX,89.0,89
SA_0000001419,"Age-standardized DALYs, breast cancer, per 100,000",COG,2004,SEX_BTSX,119.0,119
SA_0000001419,"Age-standardized DALYs, breast cancer, per 100,000",PAN,2004,SEX_FMLE,207.0,207
SA_0000001419,"Age-standardized DALYs, breast cancer, per 100,000",VNM,2004,SEX_BTSX,72.0,72
SA_0000001419,"Age-standardized DALYs, breast cancer, per 100,000",SVK,2004,SEX_FMLE,247.0,247
SA_0000001419,"Age-standardized DALYs, breast cancer, per 100,000",BWA,2004,SEX_BTSX,126.0,126
SA_0000001419,"Age-standardized DALYs, breast cancer, per 100,000",BRN,2004,SEX_FMLE,226.0,226
SA_0000001419,"Age-standardized DALYs, breast cancer, per 100,000",GRD,2004,SEX_FMLE,409.0,409
SA_0000001419,"Age-standardized DALYs, breast cancer, per 100,000",PHL,2004,SEX_FMLE,290.0,290
SA_0000001419,"Age-standardized DALYs, breast cancer, per 100,000",KOR,2004,SEX_MLE,,1
SA_0000001419,"Age-standardized DALYs, breast cancer, per 100,000",MMR,2004,SEX_FMLE,177.0,177
SA_0000001419,"Age-standardized DALYs, breast cancer, per 100,000",AUS,2004,SEX_BTSX,171.0,171
SA_0000001419,"Age-standardized DALYs, breast cancer, per 100,000",SMR,2004,SEX_BTSX,87.0,87
SA_0000001419,"Age-standardized DALYs, breast cancer, per 100,000",STP,2004,SEX_BTSX,95.0,95
SA_0000001419,"Age-standardized DALYs, breast cancer, per 100,000",MUS,2004,SEX_MLE,,1
SA_0000001419,"Age-standardized DALYs, breast cancer, per 100,000",IRQ,2004,SEX_BTSX,192.0,192
SA_0000001419,"Age-standardized DALYs, breast cancer, per 100,000",CZE,2004,SEX_BTSX,141.0,141
SA_0000001419,"Age-standardized DALYs, breast cancer, per 100,000",STP,2004,SEX_FMLE,174.0,174
SA_0000001419,"Age-standardized DALYs, breast cancer, per 100,000",MDV,2004,SEX_MLE,,1
SA_0000001419,"Age-standardized DALYs, breast cancer, per 100,000",DJI,2004,SEX_FMLE,169.0,169
SA_0000001419,"Age-standardized DALYs, breast cancer, per 100,000",NZL,2004,SEX_FMLE,387.0,387
SA_0000001419,"Age-standardized DALYs, breast cancer, per 100,000",UZB,2004,SEX_FMLE,148.0,148
SA_0000001419,"Age-standardized DALYs, breast cancer, per 100,000",LBR,2004,SEX_FMLE,298.0,298
SA_0000001419,"Age-standardized DALYs, breast cancer, per 100,000",SUR,2004,SEX_FMLE,201.0,201
SA_0000001419,"Age-standardized DALYs, breast cancer, per 100,000",COM,2004,SEX_BTSX,73.0,73
SA_0000001419,"Age-standardized DALYs, breast cancer, per 100,000",MRT,2004,SEX_BTSX,167.0,167
SA_0000001419,"Age-standardized DALYs, breast cancer, per 100,000",CZE,2004,SEX_FMLE,263.0,263
SA_0000001419,"Age-standardized DALYs, breast cancer, per 100,000",SUR,2004,SEX_BTSX,110.0,110
SA_0000001419,"Age-standardized DALYs, breast cancer, per 100,000",KAZ,2004,SEX_BTSX,165.0,165
SA_0000001419,"Age-standardized DALYs, breast cancer, per 100,000",TKM,2004,SEX_FMLE,135.0,135
SA_0000001419,"Age-standardized DALYs, breast cancer, per 100,000",PAN,2004,SEX_BTSX,104.0,104
SA_0000001419,"Age-standardized DALYs, breast cancer, per 100,000",LTU,2004,SEX_BTSX,154.0,154
SA_0000001419,"Age-standardized DALYs, breast cancer, per 100,000",VUT,2004,SEX_FMLE,263.0,263
SA_0000001419,"Age-standardized DALYs, breast cancer, per 100,000",ZWE,2004,SEX_BTSX,80.0,80
SA_0000001419,"Age-standardized DALYs, breast cancer, per 100,000",ATG,2004,SEX_BTSX,283.0,283
SA_0000001419,"Age-standardized DALYs, breast cancer, per 100,000",NZL,2004,SEX_MLE,,1
SA_0000001419,"Age-standardized DALYs, breast cancer, per 100,000",NLD,2004,SEX_BTSX,195.0,195
SA_0000001419,"Age-standardized DALYs, breast cancer, per 100,000",ISL,2004,SEX_MLE,,4
SA_0000001419,"Age-standardized DALYs, breast cancer, per 100,000",HUN,2004,SEX_FMLE,302.0,302
SA_0000001419,"Age-standardized DALYs, breast cancer, per 100,000",COK,2004,SEX_BTSX,63.0,63
SA_0000001419,"Age-standardized DALYs, breast cancer, per 100,000",LAO,2004,SEX_FMLE,165.0,165
SA_0000001419,"Age-standardized DALYs, breast cancer, per 100,000",SDN,2004,SEX_FMLE,347.0,347
SA_0000001419,"Age-standardized DALYs, breast cancer, per 100,000",YEM,2004,SEX_BTSX,184.0,184
SA_0000001419,"Age-standardized DALYs, breast cancer, per 100,000",PER,2004,SEX_FMLE,255.0,255
SA_0000001419,"Age-standardized DALYs, breast cancer, per 100,000",RWA,2004,SEX_BTSX,49.0,49
SA_0000001419,"Age-standardized DALYs, breast cancer, per 100,000",MDG,2004,SEX_BTSX,86.0,86
SA_0000001419,"Age-standardized DALYs, breast cancer, per 100,000",MOZ,2004,SEX_BTSX,17.0,17
SA_0000001419,"Age-standardized DALYs, breast cancer, per 100,000",GIN,2004,SEX_BTSX,102.0,102
SA_0000001419,"Age-standardized DALYs, breast cancer, per 100,000",DNK,2004,SEX_MLE,,4
SA_0000001419,"Age-standardized DALYs, breast cancer, per 100,000",MRT,2004,SEX_FMLE,312.0,312
SA_0000001419,"Age-standardized DALYs, breast cancer, per 100,000",CAF,2004,SEX_BTSX,104.0,104
SA_0000001419,"Age-standardized DALYs, breast cancer, per 100,000",BFA,2004,SEX_BTSX,248.0,248
SA_0000001419,"Age-standardized DALYs, breast cancer, per 100,000",LBN,2004,SEX_FMLE,257.0,257
SA_0000001419,"Age-standardized DALYs, breast cancer, per 100,000",TON,2004,SEX_MLE,,3
SA_0000001419,"Age-standardized DALYs, breast cancer, per 100,000",FJI,2004,SEX_FMLE,273.0,273
SA_0000001419,"Age-standardized DALYs, breast cancer, per 100,000",LVA,2004,SEX_BTSX,169.0,169
SA_0000001419,"Age-standardized DALYs, breast cancer, per 100,000",LBY,2004,SEX_BTSX,98.0,98
SA_0000001419,"Age-standardized DALYs, breast cancer, per 100,000",JOR,2004,SEX_FMLE,393.0,393
SA_0000001419,"Age-standardized DALYs, breast cancer, per 100,000",CMR,2004,SEX_BTSX,192.0,192
SA_0000001419,"Age-standardized DALYs, breast cancer, per 100,000",VCT,2004,SEX_BTSX,199.0,199
SA_0000001419,"Age-standardized DALYs, breast cancer, per 100,000",SLV,2004,SEX_BTSX,54.0,54
SA_0000001419,"Age-standardized DALYs, breast cancer, per 100,000",ETH,2004,SEX_BTSX,103.0,103
SA_0000001419,"Age-standardized DALYs, breast cancer, per 100,000",DZA,2004,SEX_BTSX,109.0,109
SA_0000001419,"Age-standardized DALYs, breast cancer, per 100,000",KHM,2004,SEX_FMLE,342.0,342
SA_0000001419,"Age-standardized DALYs, breast cancer, per 100,000",GIN,2004,SEX_FMLE,195.0,195
SA_0000001419,"Age-standardized DALYs, breast cancer, per 100,000",MHL,2004,SEX_BTSX,189.0,189
SA_0000001419,"Age-standardized DALYs, breast cancer, per 100,000",KWT,2004,SEX_BTSX,63.0,63
SA_0000001419,"Age-standardized DALYs, breast cancer, per 100,000",BHR,2004,SEX_FMLE,292.0,292
SA_0000001419,"Age-standardized DALYs, breast cancer, per 100,000",TUV,2004,SEX_FMLE,375.0,375
SA_0000001419,"Age-standardized DALYs, breast cancer, per 100,000",JOR,2004,SEX_MLE,,1
SA_0000001419,"Age-standardized DALYs, breast cancer, per 100,000",HTI,2004,SEX_MLE,,2
SA_0000001419,"Age-standardized DALYs, breast cancer, per 100,000",HTI,2004,SEX_FMLE,29.0,29
SA_0000001419,"Age-standardized DALYs, breast cancer, per 100,000",KOR,2004,SEX_FMLE,100.0,100
SA_0000001419,"Age-standardized DALYs, breast cancer, per 100,000",IRL,2004,SEX_BTSX,182.0,182
SA_0000001419,"Age-standardized DALYs, breast cancer, per 100,000",TJK,2004,SEX_BTSX,74.0,74
SA_0000001419,"Age-standardized DALYs, breast cancer, per 100,000",FIN,2004,SEX_MLE,,1
SA_0000001419,"Age-standardized DALYs, breast cancer, per 100,000",ZMB,2004,SEX_BTSX,64.0,64
SA_0000001419,"Age-standardized DALYs, breast cancer, per 100,000",ESP,2004,SEX_MLE,,2
SA_0000001419,"Age-standardized DALYs, breast cancer, per 100,000",IDN,2004,SEX_FMLE,327.0,327
SA_0000001419,"Age-standardized DALYs, breast cancer, per 100,000",PNG,2004,SEX_BTSX,65.0,65
SA_0000001419,"Age-standardized DALYs, breast cancer, per 100,000",TZA,2004,SEX_BTSX,112.0,112
SA_0000001419,"Age-standardized DALYs, breast cancer, per 100,000",PRT,2004,SEX_FMLE,271.0,271
SA_0000001419,"Age-standardized DALYs, breast cancer, per 100,000",BLZ,2004,SEX_FMLE,92.0,92
SA_0000001419,"Age-standardized DALYs, breast cancer, per 100,000",URY,2004,SEX_MLE,,1
SA_0000001419,"Age-standardized DALYs, breast cancer, per 100,000",KAZ,2004,SEX_FMLE,294.0,294
SA_0000001419,"Age-standardized DALYs, breast cancer, per 100,000",LBY,2004,SEX_FMLE,214.0,214
SA_0000001419,"Age-standardized DALYs, breast cancer, per 100,000",MLT,2004,SEX_BTSX,161.0,161
SA_0000001419,"Age-standardized DALYs, breast cancer, per 100,000",GTM,2004,SEX_FMLE,234.0,234
SA_0000001419,"Age-standardized DALYs, breast cancer, per 100,000",MAR,2004,SEX_BTSX,87.0,87
SA_0000001419,"Age-standardized DALYs, breast cancer, per 100,000",CIV,2004,SEX_FMLE,438.0,438
SA_0000001419,"Age-standardized DALYs, breast cancer, per 100,000",CIV,2004,SEX_BTSX,208.0,208
SA_0000001419,"Age-standardized DALYs, breast cancer, per 100,000",ALB,2004,SEX_BTSX,193.0,193
SA_0000001419,"Age-standardized DALYs, breast cancer, per 100,000",DEU,2004,SEX_BTSX,161.0,161
SA_0000001419,"Age-standardized DALYs, breast cancer, per 100,000",EST,2004,SEX_FMLE,257.0,257
SA_0000001419,"Age-standardized DALYs, breast cancer, per 100,000",ECU,2004,SEX_BTSX,85.0,85
SA_0000001419,"Age-standardized DALYs, breast cancer, per 100,000",BOL,2004,SEX_FMLE,341.0,341
SA_0000001419,"Age-standardized DALYs, breast cancer, per 100,000",FRA,2004,SEX_FMLE,346.0,346
SA_0000001419,"Age-standardized DALYs, breast cancer, per 100,000",CAN,2004,SEX_BTSX,172.0,172
SA_0000001419,"Age-standardized DALYs, breast cancer, per 100,000",LVA,2004,SEX_FMLE,304.0,304
SA_0000001419,"Age-standardized DALYs, breast cancer, per 100,000",NER,2004,SEX_FMLE,373.0,373
SA_0000001419,"Age-standardized DALYs, breast cancer, per 100,000",SOM,2004,SEX_FMLE,261.0,261
SA_0000001419,"Age-standardized DALYs, breast cancer, per 100,000",AZE,2004,SEX_BTSX,151.0,151
SA_0000001419,"Age-standardized DALYs, breast cancer, per 100,000",BDI,2004,SEX_BTSX,105.0,105
SA_0000001419,"Age-standardized DALYs, breast cancer, per 100,000",UKR,2004,SEX_FMLE,298.0,298
SA_0000001419,"Age-standardized DALYs, breast cancer, per 100,000",IND,2004,SEX_FMLE,162.0,162
SA_0000001419,"Age-standardized DALYs, breast cancer, per 100,000",SEN,2004,SEX_FMLE,221.0,221
SA_0000001419,"Age-standardized DALYs, breast cancer, per 100,000",SLE,2004,SEX_FMLE,493.0,493
SA_0000001419,"Age-standardized DALYs, breast cancer, per 100,000",WSM,2004,SEX_FMLE,300.0,300
SA_0000001419,"Age-standardized DALYs, breast cancer, per 100,000",IRN,2004,SEX_FMLE,167.0,167
SA_0000001419,"Age-standardized DALYs, breast cancer, per 100,000",NPL,2004,SEX_BTSX,140.0,140
SA_0000001419,"Age-standardized DALYs, breast cancer, per 100,000",GBR,2004,SEX_FMLE,351.0,351
SA_0000001419,"Age-standardized DALYs, breast cancer, per 100,000",JPN,2004,SEX_FMLE,178.0,178
SA_0000001419,"Age-standardized DALYs, breast cancer, per 100,000",IDN,2004,SEX_BTSX,168.0,168
SA_0000001419,"Age-standardized DALYs, breast cancer, per 100,000",USA,2004,SEX_BTSX,171.0,171
SA_0000001419,"Age-standardized DALYs, breast cancer, per 100,000",MLI,2004,SEX_FMLE,235.0,235
SA_0000001419,"Age-standardized DALYs, breast cancer, per 100,000",MCO,2004,SEX_BTSX,131.0,131
SA_0000001419,"Age-standardized DALYs, breast cancer, per 100,000",MWI,2004,SEX_FMLE,126.0,126
SA_0000001419,"Age-standardized DALYs, breast cancer, per 100,000",PER,2004,SEX_BTSX,130.0,130
SA_0000001419,"Age-standardized DALYs, breast cancer, per 100,000",LCA,2004,SEX_FMLE,286.0,286
SA_0000001419,"Age-standardized DALYs, breast cancer, per 100,000",ATG,2004,SEX_FMLE,549.0,549
SA_0000001419,"Age-standardized DALYs, breast cancer, per 100,000",ITA,2004,SEX_FMLE,277.0,277
SA_0000001419,"Age-standardized DALYs, breast cancer, per 100,000",BEL,2004,SEX_FMLE,388.0,388
SA_0000001419,"Age-standardized DALYs, breast cancer, per 100,000",COK,2004,SEX_FMLE,126.0,126
SA_0000001419,"Age-standardized DALYs, breast cancer, per 100,000",ITA,2004,SEX_BTSX,144.0,144
SA_0000001419,"Age-standardized DALYs, breast cancer, per 100,000",PRY,2004,SEX_FMLE,252.0,252
SA_0000001419,"Age-standardized DALYs, breast cancer, per 100,000",MNG,2004,SEX_FMLE,93.0,93
SA_0000001419,"Age-standardized DALYs, breast cancer, per 100,000",GRD,2004,SEX_MLE,,3
SA_0000001419,"Age-standardized DALYs, breast cancer, per 100,000",EGY,2004,SEX_FMLE,251.0,251
SA_0000001419,"Age-standardized DALYs, breast cancer, per 100,000",BFA,2004,SEX_FMLE,450.0,450
SA_0000001419,"Age-standardized DALYs, breast cancer, per 100,000",GEO,2004,SEX_BTSX,134.0,134
SA_0000001419,"Age-standardized DALYs, breast cancer, per 100,000",NOR,2004,SEX_MLE,,1
SA_0000001419,"Age-standardized DALYs, breast cancer, per 100,000",ISR,2004,SEX_MLE,,1
SA_0000001419,"Age-standardized DALYs, breast cancer, per 100,000",NIC,2004,SEX_FMLE,221.0,221
SA_0000001419,"Age-standardized DALYs, breast cancer, per 100,000",BLR,2004,SEX_MLE,,3
SA_0000001419,"Age-standardized DALYs, breast cancer, per 100,000",GRC,2004,SEX_BTSX,142.0,142
SA_0000001419,"Age-standardized DALYs, breast cancer, per 100,000",NRU,2004,SEX_FMLE,309.0,309
SA_0000001419,"Age-standardized DALYs, breast cancer, per 100,000",SOM,2004,SEX_BTSX,135.0,135
SA_0000001419,"Age-standardized DALYs, breast cancer, per 100,000",DNK,2004,SEX_FMLE,393.0,393
SA_0000001419,"Age-standardized DALYs, breast cancer, per 100,000",AZE,2004,SEX_FMLE,284.0,284
SA_0000001419,"Age-standardized DALYs, breast cancer, per 100,000",SWE,2004,SEX_MLE,,2
SA_0000001419,"Age-standardized DALYs, breast cancer, per 100,000",LSO,2004,SEX_BTSX,45.0,45
SA_0000001419,"Age-standardized DALYs, breast cancer, per 100,000",TCD,2004,SEX_FMLE,210.0,210
SA_0000001419,"Age-standardized DALYs, breast cancer, per 100,000",PAK,2004,SEX_BTSX,138.0,138
SA_0000001419,"Age-standardized DALYs, breast cancer, per 100,000",TLS,2004,SEX_BTSX,111.0,111
SA_0000001419,"Age-standardized DALYs, breast cancer, per 100,000",BEL,2004,SEX_BTSX,200.0,200
SA_0000001419,"Age-standardized DALYs, breast cancer, per 100,000",THA,2004,SEX_FMLE,169.0,169
SA_0000001419,"Age-standardized DALYs, breast cancer, per 100,000",DZA,2004,SEX_FMLE,212.0,212
SA_0000001419,"Age-standardized DALYs, breast cancer, per 100,000",NPL,2004,SEX_FMLE,259.0,259
SA_0000001419,"Age-standardized DALYs, breast cancer, per 100,000",CZE,2004,SEX_MLE,,2
SA_0000001419,"Age-standardized DALYs, breast cancer, per 100,000",KEN,2004,SEX_FMLE,178.0,178
SA_0000001419,"Age-standardized DALYs, breast cancer, per 100,000",SVN,2004,SEX_FMLE,301.0,301
SA_0000001419,"Age-standardized DALYs, breast cancer, per 100,000",ISR,2004,SEX_FMLE,334.0,334
SA_0000001419,"Age-standardized DALYs, breast cancer, per 100,000",MOZ,2004,SEX_FMLE,31.0,31
SA_0000001419,"Age-standardized DALYs, breast cancer, per 100,000",LCA,2004,SEX_MLE,,4
SA_0000001419,"Age-standardized DALYs, breast cancer, per 100,000",QAT,2004,SEX_BTSX,26.0,26
SA_0000001419,"Age-standardized DALYs, breast cancer, per 100,000",JPN,2004,SEX_BTSX,90.0,90
SA_0000001419,"Age-standardized DALYs, breast cancer, per 100,000",SLB,2004,SEX_FMLE,142.0,142
SA_0000001419,"Age-standardized DALYs, breast cancer, per 100,000",IND,2004,SEX_BTSX,80.0,80
SA_0000001419,"Age-standardized DALYs, breast cancer, per 100,000",MDV,2004,SEX_FMLE,181.0,181
SA_0000001419,"Age-standardized DALYs, breast cancer, per 100,000",ARM,2004,SEX_BTSX,310.0,310
SA_0000001419,"Age-standardized DALYs, breast cancer, per 100,000",BIH,2004,SEX_MLE,,3
SA_0000001419,"Age-standardized DALYs, breast cancer, per 100,000",CRI,2004,SEX_MLE,,2
SA_0000001419,"Age-standardized DALYs, breast cancer, per 100,000",PLW,2004,SEX_MLE,,7
SA_0000001419,"Age-standardized DALYs, breast cancer, per 100,000",NER,2004,SEX_BTSX,173.0,173
SA_0000001419,"Age-standardized DALYs, breast cancer, per 100,000",IRN,2004,SEX_BTSX,85.0,85
SA_0000001419,"Age-standardized DALYs, breast cancer, per 100,000",QAT,2004,SEX_FMLE,101.0,101
SA_0000001419,"Age-standardized DALYs, breast cancer, per 100,000",MMR,2004,SEX_BTSX,92.0,92
SA_0000001419,"Age-standardized DALYs, breast cancer, per 100,000",COD,2004,SEX_FMLE,119.0,119
SA_0000001419,"Age-standardized DALYs, breast cancer, per 100,000",GBR,2004,SEX_MLE,,1
SA_0000001419,"Age-standardized DALYs, breast cancer, per 100,000",BEL,2004,SEX_MLE,,2
SA_0000001419,"Age-standardized DALYs, breast cancer, per 100,000",BGD,2004,SEX_FMLE,169.0,169
SA_0000001419,"Age-standardized DALYs, breast cancer, per 100,000",SDN,2004,SEX_BTSX,178.0,178
SA_0000001419,"Age-standardized DALYs, breast cancer, per 100,000",GNQ,2004,SEX_FMLE,214.0,214
SA_0000001419,"Age-standardized DALYs, breast cancer, per 100,000",GRD,2004,SEX_BTSX,225.0,225
SA_0000001419,"Age-standardized DALYs, breast cancer, per 100,000",LUX,2004,SEX_BTSX,152.0,152
SA_0000001419,"Age-standardized DALYs, breast cancer, per 100,000",COL,2004,SEX_BTSX,89.0,89
SA_0000001419,"Age-standardized DALYs, breast cancer, per 100,000",SWZ,2004,SEX_BTSX,69.0,69
SA_0000001419,"Age-standardized DALYs, breast cancer, per 100,000",MDA,2004,SEX_MLE,,7
SA_0000001419,"Age-standardized DALYs, breast cancer, per 100,000",CHN,2004,SEX_FMLE,138.0,138
SA_0000001419,"Age-standardized DALYs, breast cancer, per 100,000",CHE,2004,SEX_FMLE,291.0,291
SA_0000001419,"Age-standardized DALYs, breast cancer, per 100,000",STP,2004,SEX_MLE,,2
SA_0000001419,"Age-standardized DALYs, breast cancer, per 100,000",ALB,2004,SEX_FMLE,384.0,384
SA_0000001419,"Age-standardized DALYs, breast cancer, per 100,000",ISL,2004,SEX_FMLE,295.0,295
SA_0000001419,"Age-standardized DALYs, breast cancer, per 100,000",DMA,2004,SEX_FMLE,556.0,556
SA_0000001419,"Age-standardized DALYs, breast cancer, per 100,000",ITA,2004,SEX_MLE,,7
SA_0000001419,"Age-standardized DALYs, breast cancer, per 100,000",PNG,2004,SEX_FMLE,132.0,132
SA_0000001419,"Age-standardized DALYs, breast cancer, per 100,000",UKR,2004,SEX_BTSX,166.0,166
SA_0000001419,"Age-standardized DALYs, breast cancer, per 100,000",AND,2004,SEX_BTSX,138.0,138
SA_0000001419,"Age-standardized DALYs, breast cancer, per 100,000",GAB,2004,SEX_BTSX,81.0,81
SA_0000001419,"Age-standardized DALYs, breast cancer, per 100,000",BGR,2004,SEX_BTSX,128.0,128
SA_0000001419,"Age-standardized DALYs, breast cancer, per 100,000",RUS,2004,SEX_FMLE,312.0,312
SA_0000001419,"Age-standardized DALYs, breast cancer, per 100,000",DMA,2004,SEX_BTSX,286.0,286
SA_0000001419,"Age-standardized DALYs, breast cancer, per 100,000",KGZ,2004,SEX_FMLE,195.0,195
SA_0000001419,"Age-standardized DALYs, breast cancer, per 100,000",BRA,2004,SEX_BTSX,177.0,177
SA_0000001419,"Age-standardized DALYs, breast cancer, per 100,000",LBN,2004,SEX_BTSX,135.0,135
SA_0000001419,"Age-standardized DALYs, breast cancer, per 100,000",RUS,2004,SEX_BTSX,176.0,176
SA_0000001419,"Age-standardized DALYs, breast cancer, per 100,000",PHL,2004,SEX_BTSX,148.0,148
SA_0000001419,"Age-standardized DALYs, breast cancer, per 100,000",ERI,2004,SEX_BTSX,73.0,73
SA_0000001419,"Age-standardized DALYs, breast cancer, per 100,000",BRB,2004,SEX_FMLE,490.0,490
SA_0000001419,"Age-standardized DALYs, breast cancer, per 100,000",LAO,2004,SEX_BTSX,86.0,86
SA_0000001419,"Age-standardized DALYs, breast cancer, per 100,000",HRV,2004,SEX_FMLE,308.0,308
SA_0000001419,"Age-standardized DALYs, breast cancer, per 100,000",LVA,2004,SEX_MLE,,1
SA_0000001419,"Age-standardized DALYs, breast cancer, per 100,000",HRV,2004,SEX_BTSX,165.0,165
SA_0000001419,"Age-standardized DALYs, breast cancer, per 100,000",EST,2004,SEX_MLE,,2
SA_0000001419,"Age-standardized DALYs, breast cancer, per 100,000",AND,2004,SEX_MLE,,2
SA_0000001419,"Age-standardized DALYs, breast cancer, per 100,000",MUS,2004,SEX_FMLE,248.0,248
SA_0000001419,"Age-standardized DALYs, breast cancer, per 100,000",ARM,2004,SEX_FMLE,552.0,552
SA_0000001419,"Age-standardized DALYs, breast cancer, per 100,000",OMN,2004,SEX_BTSX,66.0,66
SA_0000001419,"Age-standardized DALYs, breast cancer, per 100,000",AUT,2004,SEX_FMLE,259.0,259
SA_0000001419,"Age-standardized DALYs, breast cancer, per 100,000",MHL,2004,SEX_FMLE,365.0,365
SA_0000001419,"Age-standardized DALYs, breast cancer, per 100,000",TZA,2004,SEX_FMLE,210.0,210
SA_0000001419,"Age-standardized DALYs, breast cancer, per 100,000",NIU,2004,SEX_BTSX,85.0,85
SA_0000001419,"Age-standardized DALYs, breast cancer, per 100,000",KIR,2004,SEX_BTSX,156.0,156
SA_0000001419,"Age-standardized DALYs, breast cancer, per 100,000",CAN,2004,SEX_FMLE,335.0,335
SA_0000001419,"Age-standardized DALYs, breast cancer, per 100,000",ZMB,2004,SEX_FMLE,117.0,117
SA_0000001419,"Age-standardized DALYs, breast cancer, per 100,000",TGO,2004,SEX_FMLE,357.0,357
SA_0000001419,"Age-standardized DALYs, breast cancer, per 100,000",SYR,2004,SEX_BTSX,87.0,87
SA_0000001419,"Age-standardized DALYs, breast cancer, per 100,000",JAM,2004,SEX_FMLE,337.0,337
SA_0000001419,"Age-standardized DALYs, breast cancer, per 100,000",SGP,2004,SEX_FMLE,198.0,198
SA_0000001419,"Age-standardized DALYs, breast cancer, per 100,000",PLW,2004,SEX_BTSX,138.0,138
SA_0000001419,"Age-standardized DALYs, breast cancer, per 100,000",SLV,2004,SEX_FMLE,101.0,101
SA_0000001419,"Age-standardized DALYs, breast cancer, per 100,000",NOR,2004,SEX_BTSX,152.0,152
SA_0000001419,"Age-standardized DALYs, breast cancer, per 100,000",VEN,2004,SEX_FMLE,226.0,226
SA_0000001419,"Age-standardized DALYs, breast cancer, per 100,000",GUY,2004,SEX_FMLE,383.0,383
SA_0000001419,"Age-standardized DALYs, breast cancer, per 100,000",MLI,2004,SEX_BTSX,133.0,133
SA_0000001419,"Age-standardized DALYs, breast cancer, per 100,000",CHN,2004,SEX_BTSX,68.0,68
SA_0000001419,"Age-standardized DALYs, breast cancer, per 100,000",GNB,2004,SEX_FMLE,419.0,419
SA_0000001419,"Age-standardized DALYs, breast cancer, per 100,000",CUB,2004,SEX_FMLE,211.0,211
SA_0000001419,"Age-standardized DALYs, breast cancer, per 100,000",TTO,2004,SEX_FMLE,396.0,396
SA_0000001419,"Age-standardized DALYs, breast cancer, per 100,000",KWT,2004,SEX_FMLE,177.0,177
SA_0000001419,"Age-standardized DALYs, breast cancer, per 100,000",KNA,2004,SEX_BTSX,179.0,179
SA_0000001419,"Age-standardized DALYs, breast cancer, per 100,000",LKA,2004,SEX_FMLE,250.0,250
SA_0000001419,"Age-standardized DALYs, breast cancer, per 100,000",ZWE,2004,SEX_FMLE,148.0,148
SA_0000001419,"Age-standardized DALYs, breast cancer, per 100,000",ARE,2004,SEX_BTSX,35.0,35
SA_0000001419,"Age-standardized DALYs, breast cancer, per 100,000",KHM,2004,SEX_BTSX,196.0,196
SA_0000001419,"Age-standardized DALYs, breast cancer, per 100,000",FRA,2004,SEX_MLE,,5
SA_0000001419,"Age-standardized DALYs, breast cancer, per 100,000",COD,2004,SEX_BTSX,64.0,64
SA_0000001419,"Age-standardized DALYs, breast cancer, per 100,000",BOL,2004,SEX_BTSX,179.0,179
SA_0000001419,"Age-standardized DALYs, breast cancer, per 100,000",POL,2004,SEX_BTSX,138.0,138
SA_0000001419,"Age-standardized DALYs, breast cancer, per 100,000",YEM,2004,SEX_FMLE,362.0,362
SA_0000001419,"Age-standardized DALYs, breast cancer, per 100,000",LUX,2004,SEX_MLE,,3
SA_0000001419,"Age-standardized DALYs, breast cancer, per 100,000",BGR,2004,SEX_FMLE,241.0,241
SA_0000001419,"Age-standardized DALYs, breast cancer, per 100,000",BLZ,2004,SEX_MLE,,4
SA_0000001419,"Age-standardized DALYs, breast cancer, per 100,000",TUN,2004,SEX_FMLE,122.0,122
SA_0000001419,"Age-standardized DALYs, breast cancer, per 100,000",RUS,2004,SEX_MLE,,3
SA_0000001419,"Age-standardized DALYs, breast cancer, per 100,000",EST,2004,SEX_BTSX,146.0,146
SA_0000001419,"Age-standardized DALYs, breast cancer, per 100,000",COM,2004,SEX_FMLE,140.0,140
SA_0000001419,"Age-standardized DALYs, breast cancer, per 100,000",GHA,2004,SEX_MLE,,2
SA_0000001419,"Age-standardized DALYs, breast cancer, per 100,000",NLD,2004,SEX_FMLE,383.0,383
SA_0000001419,"Age-standardized DALYs, breast cancer, per 100,000",ESP,2004,SEX_BTSX,122.0,122
SA_0000001419,"Age-standardized DALYs, breast cancer, per 100,000",GMB,2004,SEX_BTSX,55.0,55
SA_0000001419,"Age-standardized DALYs, breast cancer, per 100,000",ROU,2004,SEX_MLE,,3
SA_0000001419,"Age-standardized DALYs, breast cancer, per 100,000",JAM,2004,SEX_BTSX,173.0,173
SA_0000001419,"Age-standardized DALYs, breast cancer, per 100,000",LCA,2004,SEX_BTSX,151.0,151
SA_0000001419,"Age-standardized DALYs, breast cancer, per 100,000",GNQ,2004,SEX_BTSX,113.0,113
SA_0000001419,"Age-standardized DALYs, breast cancer, per 100,000",NAM,2004,SEX_FMLE,145.0,145
SA_0000001419,"Age-standardized DALYs, breast cancer, per 100,000",VEN,2004,SEX_MLE,,1
SA_0000001419,"Age-standardized DALYs, breast cancer, per 100,000",GHA,2004,SEX_BTSX,155.0,155
SA_0000001419,"Age-standardized DALYs, breast cancer, per 100,000",ESP,2004,SEX_FMLE,237.0,237
SA_0000001419,"Age-standardized DALYs, breast cancer, per 100,000",DEU,2004,SEX_FMLE,311.0,311
SA_0000001419,"Age-standardized DALYs, breast cancer, per 100,000",MYS,2004,SEX_BTSX,125.0,125
SA_0000001419,"Age-standardized DALYs, breast cancer, per 100,000",BEN,2004,SEX_BTSX,204.0,204
SA_0000001419,"Age-standardized DALYs, breast cancer, per 100,000",LBR,2004,SEX_BTSX,158.0,158
SA_0000001419,"Age-standardized DALYs, breast cancer, per 100,000",AGO,2004,SEX_BTSX,218.0,218
SA_0000001419,"Age-standardized DALYs, breast cancer, per 100,000",SWE,2004,SEX_BTSX,117.0,117
SA_0000001419,"Age-standardized DALYs, breast cancer, per 100,000",SWZ,2004,SEX_FMLE,123.0,123
SA_0000001419,"Age-standardized DALYs, breast cancer, per 100,000",HND,2004,SEX_BTSX,142.0,142
SA_0000001419,"Age-standardized DALYs, breast cancer, per 100,000",TTO,2004,SEX_MLE,,4
SA_0000001419,"Age-standardized DALYs, breast cancer, per 100,000",TCD,2004,SEX_BTSX,111.0,111
SA_0000001419,"Age-standardized DALYs, breast cancer, per 100,000",MDG,2004,SEX_FMLE,166.0,166
SA_0000001419,"Age-standardized DALYs, breast cancer, per 100,000",JOR,2004,SEX_BTSX,191.0,191
SA_0000001419,"Age-standardized DALYs, breast cancer, per 100,000",SVN,2004,SEX_BTSX,157.0,157
SA_0000001419,"Age-standardized DALYs, breast cancer, per 100,000",ARG,2004,SEX_MLE,,2
SA_0000001419,"Age-standardized DALYs, breast cancer, per 100,000",MCO,2004,SEX_FMLE,252.0,252
SA_0000001419,"Age-standardized DALYs, breast cancer, per 100,000",TKM,2004,SEX_BTSX,72.0,72
SA_0000001419,"Age-standardized DALYs, breast cancer, per 100,000",AFG,2004,SEX_BTSX,244.0,244
SA_0000001419,"Age-standardized DALYs, breast cancer, per 100,000",GMB,2004,SEX_FMLE,108.0,108
SA_0000001419,"Age-standardized DALYs, breast cancer, per 100,000",AUT,2004,SEX_BTSX,135.0,135
SA_0000001419,"Age-standardized DALYs, breast cancer, per 100,000",IRL,2004,SEX_FMLE,357.0,357
SA_0000001419,"Age-standardized DALYs, breast cancer, per 100,000",URY,2004,SEX_BTSX,198.0,198
SA_0000001419,"Age-standardized DALYs, breast cancer, per 100,000",MAR,2004,SEX_FMLE,170.0,170
SA_0000001419,"Age-standardized DALYs, breast cancer, per 100,000",CPV,2004,SEX_BTSX,140.0,140
SA_0000001419,"Age-standardized DALYs, breast cancer, per 100,000",NOR,2004,SEX_FMLE,301.0,301
SA_0000001419,"Age-standardized DALYs, breast cancer, per 100,000",MKD,2004,SEX_FMLE,290.0,290
SA_0000001419,"Age-standardized DALYs, breast cancer, per 100,000",NAM,2004,SEX_BTSX,81.0,81
SA_0000001419,"Age-standardized DALYs, breast cancer, per 100,000",KNA,2004,SEX_FMLE,348.0,348
SA_0000001419,"Age-standardized DALYs, breast cancer, per 100,000",CPV,2004,SEX_FMLE,229.0,229
SA_0000001419,"Age-standardized DALYs, breast cancer, per 100,000",HTI,2004,SEX_BTSX,15.0,15
SA_0000001419,"Age-standardized DALYs, breast cancer, per 100,000",NIU,2004,SEX_FMLE,167.0,167
SA_0000001419,"Age-standardized DALYs, breast cancer, per 100,000",NZL,2004,SEX_BTSX,200.0,200
SA_0000001419,"Age-standardized DALYs, breast cancer, per 100,000",BRA,2004,SEX_FMLE,336.0,336
SA_0000001419,"Age-standardized DALYs, breast cancer, per 100,000",KOR,2004,SEX_BTSX,51.0,51
SA_0000001419,"Age-standardized DALYs, breast cancer, per 100,000",SYC,2004,SEX_BTSX,117.0,117
SA_0000001419,"Age-standardized DALYs, breast cancer, per 100,000",TON,2004,SEX_FMLE,244.0,244
SA_0000001419,"Age-standardized DALYs, breast cancer, per 100,000",KIR,2004,SEX_FMLE,312.0,312
SA_0000001419,"Age-standardized DALYs, breast cancer, per 100,000",MEX,2004,SEX_BTSX,90.0,90
SA_0000001419,"Age-standardized DALYs, breast cancer, per 100,000",OMN,2004,SEX_FMLE,171.0,171
SA_0000001419,"Age-standardized DALYs, breast cancer, per 100,000",GNB,2004,SEX_BTSX,221.0,221
SA_0000001419,"Age-standardized DALYs, breast cancer, per 100,000",SAU,2004,SEX_FMLE,244.0,244
SA_0000001419,"Age-standardized DALYs, breast cancer, per 100,000",ARG,2004,SEX_FMLE,316.0,316
SA_0000001419,"Age-standardized DALYs, breast cancer, per 100,000",LTU,2004,SEX_MLE,,1
SA_0000001419,"Age-standardized DALYs, breast cancer, per 100,000",ERI,2004,SEX_FMLE,127.0,127
SA_0000001419,"Age-standardized DALYs, breast cancer, per 100,000",AUS,2004,SEX_FMLE,337.0,337
SA_0000001419,"Age-standardized DALYs, breast cancer, per 100,000",PRK,2004,SEX_BTSX,79.0,79
SA_0000001419,"Age-standardized DALYs, breast cancer, per 100,000",ETH,2004,SEX_FMLE,197.0,197
SA_0000001419,"Age-standardized DALYs, breast cancer, per 100,000",BIH,2004,SEX_BTSX,124.0,124
SA_0000001419,"Age-standardized DALYs, breast cancer, per 100,000",BWA,2004,SEX_FMLE,226.0,226
SA_0000001419,"Age-standardized DALYs, breast cancer, per 100,000",COK,2004,SEX_MLE,,4
SA_0000001419,"Age-standardized DALYs, breast cancer, per 100,000",GTM,2004,SEX_BTSX,123.0,123
SA_0000001419,"Age-standardized DALYs, breast cancer, per 100,000",ISL,2004,SEX_BTSX,148.0,148
SA_0000001419,"Age-standardized DALYs, breast cancer, per 100,000",DOM,2004,SEX_BTSX,164.0,164
SA_0000001419,"Age-standardized DALYs, breast cancer, per 100,000",MKD,2004,SEX_BTSX,153.0,153
SA_0000001419,"Age-standardized DALYs, breast cancer, per 100,000",MNG,2004,SEX_BTSX,48.0,48
SA_0000001419,"Age-standardized DALYs, breast cancer, per 100,000",MLT,2004,SEX_MLE,,4
SA_0000001419,"Age-standardized DALYs, breast cancer, per 100,000",PRY,2004,SEX_BTSX,126.0,126
SA_0000001419,"Age-standardized DALYs, breast cancer, per 100,000",NRU,2004,SEX_BTSX,155.0,155
SA_0000001419,"Age-standardized DALYs, breast cancer, per 100,000",ZAF,2004,SEX_BTSX,156.0,156
SA_0000001419,"Age-standardized DALYs, breast cancer, per 100,000",BTN,2004,SEX_BTSX,79.0,79
SA_0000001419,"Age-standardized DALYs, breast cancer, per 100,000",BDI,2004,SEX_FMLE,185.0,185
SA_0000001419,"Age-standardized DALYs, breast cancer, per 100,000",BRB,2004,SEX_BTSX,261.0,261
SA_0000001419,"Age-standardized DALYs, breast cancer, per 100,000",VCT,2004,SEX_FMLE,389.0,389
SA_0000001419,"Age-standardized DALYs, breast cancer, per 100,000",CAF,2004,SEX_FMLE,188.0,188
SA_0000001419,"Age-standardized DALYs, breast cancer, per 100,000",BHR,2004,SEX_BTSX,116.0,116
SA_0000001419,"Age-standardized DALYs, breast cancer, per 100,000",PRT,2004,SEX_BTSX,144.0,144
SA_0000001419,"Age-standardized DALYs, breast cancer, per 100,000",BIH,2004,SEX_FMLE,235.0,235
SA_0000001419,"Age-standardized DALYs, breast cancer, per 100,000",SEN,2004,SEX_BTSX,112.0,112
SA_0000001419,"Age-standardized DALYs, breast cancer, per 100,000",ROU,2004,SEX_BTSX,135.0,135
SA_0000001419,"Age-standardized DALYs, breast cancer, per 100,000",NIC,2004,SEX_BTSX,112.0,112
SA_0000001419,"Age-standardized DALYs, breast cancer, per 100,000",AUS,2004,SEX_MLE,,1
SA_0000001419,"Age-standardized DALYs, breast cancer, per 100,000",TUN,2004,SEX_BTSX,62.0,62
SA_0000001419,"Age-standardized DALYs, breast cancer, per 100,000",MWI,2004,SEX_BTSX,67.0,67
SA_0000001419,"Age-standardized DALYs, breast cancer, per 100,000",MUS,2004,SEX_BTSX,129.0,129
SA_0000001419,"Age-standardized DALYs, breast cancer, per 100,000",AUT,2004,SEX_MLE,,2
SA_0000001419,"Age-standardized DALYs, breast cancer, per 100,000",IND,2004,SEX_MLE,,1
SA_0000001419,"Age-standardized DALYs, breast cancer, per 100,000",DNK,2004,SEX_BTSX,202.0,202
SA_0000001419,"Age-standardized DALYs, breast cancer, per 100,000",SMR,2004,SEX_FMLE,169.0,169
SA_0000001419,"Age-standardized DALYs, breast cancer, per 100,000",LSO,2004,SEX_FMLE,75.0,75
SA_0000001419,"Age-standardized DALYs, breast cancer, per 100,000",SWE,2004,SEX_FMLE,230.0,230
SA_0000001419,"Age-standardized DALYs, breast cancer, per 100,000",FSM,2004,SEX_FMLE,162.0,162
SA_0000001419,"Age-standardized DALYs, breast cancer, per 100,000",ARG,2004,SEX_BTSX,169.0,169
SA_0000001419,"Age-standardized DALYs, breast cancer, per 100,000",TON,2004,SEX_BTSX,128.0,128
SA_0000001419,"Age-standardized DALYs, breast cancer, per 100,000",GEO,2004,SEX_FMLE,246.0,246
SA_0000001419,"Age-standardized DALYs, breast cancer, per 100,000",NLD,2004,SEX_MLE,,2
SA_0000001419,"Age-standardized DALYs, breast cancer, per 100,000",SYC,2004,SEX_FMLE,197.0,197
SA_0000001419,"Age-standardized DALYs, breast cancer, per 100,000",BHS,2004,SEX_FMLE,416.0,416
SA_0000001419,"Age-standardized DALYs, breast cancer, per 100,000",KGZ,2004,SEX_BTSX,104.0,104
SA_0000001419,"Age-standardized DALYs, breast cancer, per 100,000",AGO,2004,SEX_FMLE,410.0,410
SA_0000001419,"Age-standardized DALYs, breast cancer, per 100,000",WSM,2004,SEX_BTSX,147.0,147
SA_0000001419,"Age-standardized DALYs, breast cancer, per 100,000",GHA,2004,SEX_FMLE,306.0,306
SA_0000001419,"Age-standardized DALYs, breast cancer, per 100,000",COG,2004,SEX_FMLE,224.0,224
SA_0000001419,"Age-standardized DALYs, breast cancer, per 100,000",TUR,2004,SEX_BTSX,98.0,98
SA_0000001419,"Age-standardized DALYs, breast cancer, per 100,000",CHE,2004,SEX_MLE,,1
SA_0000001419,"Age-standardized DALYs, breast cancer, per 100,000",FIN,2004,SEX_FMLE,245.0,245
SA_0000001419,"Age-standardized DALYs, breast cancer, per 100,000",DJI,2004,SEX_BTSX,87.0,87
SA_0000001419,"Age-standardized DALYs, breast cancer, per 100,000",FJI,2004,SEX_BTSX,139.0,139
SA_0000001419,"Age-standardized DALYs, breast cancer, per 100,000",VEN,2004,SEX_BTSX,116.0,116
SA_0000001419,"Age-standardized DALYs, breast cancer, per 100,000",UGA,2004,SEX_BTSX,80.0,80
SA_0000001419,"Age-standardized DALYs, breast cancer, per 100,000",CYP,2004,SEX_FMLE,229.0,229
SA_0000001419,"Age-standardized DALYs, breast cancer, per 100,000",UZB,2004,SEX_BTSX,77.0,77
SA_0000001419,"Age-standardized DALYs, breast cancer, per 100,000",CUB,2004,SEX_MLE,,1
SA_0000001419,"Age-standardized DALYs, breast cancer, per 100,000",BLZ,2004,SEX_BTSX,47.0,47
SA_0000001419,"Age-standardized DALYs, breast cancer, per 100,000",LTU,2004,SEX_FMLE,278.0,278
SA_0000001438,"Age-standardized death rates, breast cancer, per 100,000",UGA,2002,,9.59,9.59
SA_0000001438,"Age-standardized death rates, breast cancer, per 100,000",KHM,2004,SEX_MLE,0.0,0.0
SA_0000001438,"Age-standardized death rates, breast cancer, per 100,000",VNM,2004,SEX_FMLE,11.7,11.7
SA_0000001438,"Age-standardized death rates, breast cancer, per 100,000",PAK,2004,SEX_BTSX,13.1,13.1
SA_0000001438,"Age-standardized death rates, breast cancer, per 100,000",CHL,2004,SEX_BTSX,7.4,7.4
SA_0000001438,"Age-standardized death rates, breast cancer, per 100,000",KAZ,2002,,12.2,12.20
SA_0000001438,"Age-standardized death rates, breast cancer, per 100,000",SDN,2004,SEX_FMLE,26.7,26.7
SA_0000001438,"Age-standardized death rates, breast cancer, per 100,000",TUR,2004,SEX_MLE,0.0,0.0
SA_0000001438,"Age-standardized death rates, breast cancer, per 100,000",NLD,2004,SEX_FMLE,27.7,27.7
SA_0000001438,"Age-standardized death rates, breast cancer, per 100,000",HND,2004,SEX_FMLE,20.7,20.7
SA_0000001438,"Age-standardized death rates, breast cancer, per 100,000",TZA,2004,SEX_BTSX,10.5,10.5
SA_0000001438,"Age-standardized death rates, breast cancer, per 100,000",VCT,2004,SEX_MLE,0.9,0.9
SA_0000001438,"Age-standardized death rates, breast cancer, per 100,000",SLE,2004,SEX_FMLE,39.3,39.3
SA_0000001438,"Age-standardized death rates, breast cancer, per 100,000",BOL,2004,SEX_BTSX,15.8,15.8
SA_0000001438,"Age-standardized death rates, breast cancer, per 100,000",TUV,2004,SEX_BTSX,10.6,10.6
SA_0000001438,"Age-standardized death rates, breast cancer, per 100,000",PLW,2004,SEX_BTSX,8.6,8.6
SA_0000001438,"Age-standardized death rates, breast cancer, per 100,000",FRA,2004,SEX_BTSX,14.0,14.0
SA_0000001438,"Age-standardized death rates, breast cancer, per 100,000",QAT,2002,,3.49,3.49
SA_0000001438,"Age-standardized death rates, breast cancer, per 100,000",TTO,2002,,13.02,13.02
SA_0000001438,"Age-standardized death rates, breast cancer, per 100,000",SLB,2004,SEX_BTSX,5.9,5.9
SA_0000001438,"Age-standardized death rates, breast cancer, per 100,000",NIC,2002,,7.69,7.69
SA_0000001438,"Age-standardized death rates, breast cancer, per 100,000",BRA,2004,SEX_FMLE,26.3,26.3
SA_0000001438,"Age-standardized death rates, breast cancer, per 100,000",LBN,2004,SEX_MLE,0.0,0.0
SA_0000001438,"Age-standardized death rates, breast cancer, per 100,000",COG,2004,SEX_MLE,0.0,0.0
SA_0000001438,"Age-standardized death rates, breast cancer, per 100,000",FJI,2004,SEX_FMLE,18.8,18.8
SA_0000001438,"Age-standardized death rates, breast cancer, per 100,000",BRN,2004,SEX_BTSX,7.1,7.1
SA_0000001438,"Age-standardized death rates, breast cancer, per 100,000",VNM,2004,SEX_MLE,0.0,0.0
SA_0000001438,"Age-standardized death rates, breast cancer, per 100,000",HRV,2004,SEX_BTSX,12.7,12.7
SA_0000001438,"Age-standardized death rates, breast cancer, per 100,000",ARG,2002,,14.62,14.62
SA_0000001438,"Age-standardized death rates, breast cancer, per 100,000",HRV,2004,SEX_MLE,0.0,0.0
SA_0000001438,"Age-standardized death rates, breast cancer, per 100,000",KWT,2004,SEX_MLE,0.0,0.0
SA_0000001438,"Age-standardized death rates, breast cancer, per 100,000",MNG,2004,SEX_MLE,0.0,0.0
SA_0000001438,"Age-standardized death rates, breast cancer, per 100,000",IND,2004,SEX_BTSX,7.4,7.4
SA_0000001438,"Age-standardized death rates, breast cancer, per 100,000",NLD,2002,,15.68,15.68
SA_0000001438,"Age-standardized death rates, breast cancer, per 100,000",MWI,2004,SEX_BTSX,6.8,6.8
SA_0000001438,"Age-standardized death rates, breast cancer, per 100,000",BEN,2002,,16.89,16.89
SA_0000001438,"Age-standardized death rates, breast cancer, per 100,000",ETH,2004,SEX_BTSX,9.9,9.9
SA_0000001438,"Age-standardized death rates, breast cancer, per 100,000",BDI,2002,,9.91,9.91
SA_0000001438,"Age-standardized death rates, breast cancer, per 100,000",MCO,2002,,10.13,10.13
SA_0000001438,"Age-standardized death rates, breast cancer, per 100,000",KNA,2004,SEX_BTSX,13.7,13.7
SA_0000001438,"Age-standardized death rates, breast cancer, per 100,000",ARM,2004,SEX_MLE,0.0,0.0
SA_0000001438,"Age-standardized death rates, breast cancer, per 100,000",GNQ,2004,SEX_FMLE,18.8,18.8
SA_0000001438,"Age-standardized death rates, breast cancer, per 100,000",ROU,2004,SEX_BTSX,10.6,10.6
SA_0000001438,"Age-standardized death rates, breast cancer, per 100,000",NIU,2004,SEX_BTSX,5.0,5.0
SA_0000001438,"Age-standardized death rates, breast cancer, per 100,000",TCD,2004,SEX_MLE,0.0,0.0
SA_0000001438,"Age-standardized death rates, breast cancer, per 100,000",CZE,2002,,12.2,12.20
SA_0000001438,"Age-standardized death rates, breast cancer, per 100,000",BGR,2004,SEX_BTSX,9.9,9.9
SA_0000001438,"Age-standardized death rates, breast cancer, per 100,000",LUX,2004,SEX_FMLE,22.9,22.9
SA_0000001438,"Age-standardized death rates, breast cancer, per 100,000",DEU,2002,,13.2,13.20
SA_0000001438,"Age-standardized death rates, breast cancer, per 100,000",IDN,2002,,14.5,14.50
SA_0000001438,"Age-standardized death rates, breast cancer, per 100,000",ZWE,2004,SEX_MLE,0.0,0.0
SA_0000001438,"Age-standardized death rates, breast cancer, per 100,000",NER,2004,SEX_MLE,0.0,0.0
SA_0000001438,"Age-standardized death rates, breast cancer, per 100,000",GBR,2002,,14.93,14.93
SA_0000001438,"Age-standardized death rates, breast cancer, per 100,000",PRK,2004,SEX_MLE,0.0,0.0
SA_0000001438,"Age-standardized death rates, breast cancer, per 100,000",GRC,2004,SEX_FMLE,21.4,21.4
SA_0000001438,"Age-standardized death rates, breast cancer, per 100,000",LUX,2002,,13.71,13.71
SA_0000001438,"Age-standardized death rates, breast cancer, per 100,000",MUS,2004,SEX_FMLE,18.0,18.0
SA_0000001438,"Age-standardized death rates, breast cancer, per 100,000",GNQ,2004,SEX_MLE,0.0,0.0
SA_0000001438,"Age-standardized death rates, breast cancer, per 100,000",CUB,2002,,8.48,8.48
SA_0000001438,"Age-standardized death rates, breast cancer, per 100,000",GRD,2004,SEX_MLE,0.0,0.0
SA_0000001438,"Age-standardized death rates, breast cancer, per 100,000",CYP,2004,SEX_FMLE,18.8,18.8
SA_0000001438,"Age-standardized death rates, breast cancer, per 100,000",BHR,2002,,9.46,9.46
SA_0000001438,"Age-standardized death rates, breast cancer, per 100,000",MKD,2004,SEX_BTSX,11.5,11.5
SA_0000001438,"Age-standardized death rates, breast cancer, per 100,000",MDG,2002,,8.45,8.45
SA_0000001438,"Age-standardized death rates, breast cancer, per 100,000",NPL,2004,SEX_BTSX,11.1,11.1
SA_0000001438,"Age-standardized death rates, breast cancer, per 100,000",MDA,2004,SEX_FMLE,19.9,19.9
SA_0000001438,"Age-standardized death rates, breast cancer, per 100,000",CHE,2004,SEX_BTSX,12.5,12.5
SA_0000001438,"Age-standardized death rates, breast cancer, per 100,000",WSM,2002,,8.19,8.19
SA_0000001438,"Age-standardized death rates, breast cancer, per 100,000",MNG,2004,SEX_BTSX,3.2,3.2
SA_0000001438,"Age-standardized death rates, breast cancer, per 100,000",GEO,2004,SEX_BTSX,9.3,9.3
SA_0000001438,"Age-standardized death rates, breast cancer, per 100,000",DEU,2004,SEX_BTSX,13.0,13.0
SA_0000001438,"Age-standardized death rates, breast cancer, per 100,000",MYS,2004,SEX_BTSX,10.6,10.6
SA_0000001438,"Age-standardized death rates, breast cancer, per 100,000",GRD,2004,SEX_FMLE,30.4,30.4
SA_0000001438,"Age-standardized death rates, breast cancer, per 100,000",AFG,2004,SEX_BTSX,14.5,14.5
SA_0000001438,"Age-standardized death rates, breast cancer, per 100,000",HRV,2002,,13.41,13.41
SA_0000001438,"Age-standardized death rates, breast cancer, per 100,000",SWE,2004,SEX_BTSX,9.4,9.4
SA_0000001438,"Age-standardized death rates, breast cancer, per 100,000",CAN,2004,SEX_BTSX,12.0,12.0
SA_0000001438,"Age-standardized death rates, breast cancer, per 100,000",SLE,2004,SEX_BTSX,21.4,21.4
SA_0000001438,"Age-standardized death rates, breast cancer, per 100,000",BFA,2004,SEX_MLE,0.0,0.0
SA_0000001438,"Age-standardized death rates, breast cancer, per 100,000",HRV,2004,SEX_FMLE,22.0,22.0
SA_0000001438,"Age-standardized death rates, breast cancer, per 100,000",NRU,2004,SEX_MLE,0.0,0.0
SA_0000001438,"Age-standardized death rates, breast cancer, per 100,000",SDN,2004,SEX_BTSX,14.0,14.0
SA_0000001438,"Age-standardized death rates, breast cancer, per 100,000",CRI,2004,SEX_FMLE,15.6,15.6
SA_0000001438,"Age-standardized death rates, breast cancer, per 100,000",DMA,2004,SEX_FMLE,34.7,34.7
SA_0000001438,"Age-standardized death rates, breast cancer, per 100,000",ECU,2004,SEX_MLE,0.0,0.0
SA_0000001438,"Age-standardized death rates, breast cancer, per 100,000",GBR,2004,SEX_BTSX,14.5,14.5
SA_0000001438,"Age-standardized death rates, breast cancer, per 100,000",NLD,2004,SEX_MLE,0.2,0.2
SA_0000001438,"Age-standardized death rates, breast cancer, per 100,000",BLR,2004,SEX_BTSX,11.3,11.3
SA_0000001438,"Age-standardized death rates, breast cancer, per 100,000",MDA,2002,,11.43,11.43
SA_0000001438,"Age-standardized death rates, breast cancer, per 100,000",URY,2002,,18.41,18.41
SA_0000001438,"Age-standardized death rates, breast cancer, per 100,000",IRL,2004,SEX_FMLE,27.1,27.1
SA_0000001438,"Age-standardized death rates, breast cancer, per 100,000",SUR,2004,SEX_MLE,0.8,0.8
SA_0000001438,"Age-standardized death rates, breast cancer, per 100,000",DJI,2004,SEX_MLE,0.0,0.0
SA_0000001438,"Age-standardized death rates, breast cancer, per 100,000",USA,2004,SEX_FMLE,20.6,20.6
SA_0000001438,"Age-standardized death rates, breast cancer, per 100,000",ZAF,2002,,12.52,12.52
SA_0000001438,"Age-standardized death rates, breast cancer, per 100,000",HTI,2004,SEX_BTSX,1.3,1.3
SA_0000001438,"Age-standardized death rates, breast cancer, per 100,000",CMR,2004,SEX_FMLE,33.3,33.3
SA_0000001438,"Age-standardized death rates, breast cancer, per 100,000",MDV,2004,SEX_FMLE,13.2,13.2
SA_0000001438,"Age-standardized death rates, breast cancer, per 100,000",TGO,2002,,16.55,16.55
SA_0000001438,"Age-standardized death rates, breast cancer, per 100,000",EST,2004,SEX_BTSX,12.2,12.2
SA_0000001438,"Age-standardized death rates, breast cancer, per 100,000",SVN,2004,SEX_FMLE,22.8,22.8
SA_0000001438,"Age-standardized death rates, breast cancer, per 100,000",SLE,2002,,21.21,21.21
SA_0000001438,"Age-standardized death rates, breast cancer, per 100,000",MDA,2004,SEX_MLE,0.6,0.6
SA_0000001438,"Age-standardized death rates, breast cancer, per 100,000",LCA,2004,SEX_BTSX,11.4,11.4
SA_0000001438,"Age-standardized death rates, breast cancer, per 100,000",KEN,2002,,7.51,7.51
SA_0000001438,"Age-standardized death rates, breast cancer, per 100,000",PAK,2004,SEX_MLE,0.0,0.0
SA_0000001438,"Age-standardized death rates, breast cancer, per 100,000",PNG,2004,SEX_FMLE,11.8,11.8
SA_0000001438,"Age-standardized death rates, breast cancer, per 100,000",LTU,2004,SEX_BTSX,11.6,11.6
SA_0000001438,"Age-standardized death rates, breast cancer, per 100,000",FSM,2002,,7.27,7.27
SA_0000001438,"Age-standardized death rates, breast cancer, per 100,000",MAR,2004,SEX_MLE,0.0,0.0
SA_0000001438,"Age-standardized death rates, breast cancer, per 100,000",MLI,2004,SEX_BTSX,11.6,11.6
SA_0000001438,"Age-standardized death rates, breast cancer, per 100,000",USA,2004,SEX_MLE,0.2,0.2
SA_0000001438,"Age-standardized death rates, breast cancer, per 100,000",PLW,2004,SEX_MLE,0.3,0.3
SA_0000001438,"Age-standardized death rates, breast cancer, per 100,000",ZAF,2004,SEX_MLE,0.0,0.0
SA_0000001438,"Age-standardized death rates, breast cancer, per 100,000",FJI,2004,SEX_MLE,0.0,0.0
SA_0000001438,"Age-standardized death rates, breast cancer, per 100,000",TZA,2002,,9.89,9.89
SA_0000001438,"Age-standardized death rates, breast cancer, per 100,000",KIR,2004,SEX_MLE,0.0,0.0
SA_0000001438,"Age-standardized death rates, breast cancer, per 100,000",BOL,2004,SEX_MLE,0.0,0.0
SA_0000001438,"Age-standardized death rates, breast cancer, per 100,000",BRB,2002,,17.32,17.32
SA_0000001438,"Age-standardized death rates, breast cancer, per 100,000",SOM,2004,SEX_FMLE,17.3,17.3
SA_0000001438,"Age-standardized death rates, breast cancer, per 100,000",MMR,2002,,8.61,8.61
SA_0000001438,"Age-standardized death rates, breast cancer, per 100,000",IRQ,2004,SEX_BTSX,12.5,12.5
SA_0000001438,"Age-standardized death rates, breast cancer, per 100,000",GUY,2002,,7.11,7.11
SA_0000001438,"Age-standardized death rates, breast cancer, per 100,000",CHL,2002,,7.88,7.88
SA_0000001438,"Age-standardized death rates, breast cancer, per 100,000",DMA,2004,SEX_MLE,0.0,0.0
SA_0000001438,"Age-standardized death rates, breast cancer, per 100,000",VCT,2004,SEX_BTSX,14.1,14.1
SA_0000001438,"Age-standardized death rates, breast cancer, per 100,000",ROU,2004,SEX_FMLE,19.0,19.0
SA_0000001438,"Age-standardized death rates, breast cancer, per 100,000",BWA,2004,SEX_MLE,0.0,0.0
SA_0000001438,"Age-standardized death rates, breast cancer, per 100,000",KAZ,2004,SEX_BTSX,12.4,12.4
SA_0000001438,"Age-standardized death rates, breast cancer, per 100,000",FRA,2002,,13.08,13.08
SA_0000001438,"Age-standardized death rates, breast cancer, per 100,000",AUS,2004,SEX_BTSX,10.7,10.7
SA_0000001438,"Age-standardized death rates, breast cancer, per 100,000",BHR,2004,SEX_MLE,0.0,0.0
SA_0000001438,"Age-standardized death rates, breast cancer, per 100,000",ARE,2004,SEX_BTSX,3.5,3.5
SA_0000001438,"Age-standardized death rates, breast cancer, per 100,000",NOR,2004,SEX_MLE,0.1,0.1
SA_0000001438,"Age-standardized death rates, breast cancer, per 100,000",PRK,2002,,4.14,4.14
SA_0000001438,"Age-standardized death rates, breast cancer, per 100,000",ITA,2002,,10.85,10.85
SA_0000001438,"Age-standardized death rates, breast cancer, per 100,000",NIU,2002,,5.09,5.09
SA_0000001438,"Age-standardized death rates, breast cancer, per 100,000",BWA,2004,SEX_BTSX,13.2,13.2
SA_0000001438,"Age-standardized death rates, breast cancer, per 100,000",CUB,2004,SEX_FMLE,16.7,16.7
SA_0000001438,"Age-standardized death rates, breast cancer, per 100,000",FRA,2004,SEX_MLE,0.6,0.6
SA_0000001438,"Age-standardized death rates, breast cancer, per 100,000",PLW,2004,SEX_FMLE,17.0,17.0
SA_0000001438,"Age-standardized death rates, breast cancer, per 100,000",KHM,2004,SEX_FMLE,24.5,24.5
SA_0000001438,"Age-standardized death rates, breast cancer, per 100,000",ALB,2004,SEX_BTSX,14.7,14.7
SA_0000001438,"Age-standardized death rates, breast cancer, per 100,000",TCD,2004,SEX_BTSX,10.4,10.4
SA_0000001438,"Age-standardized death rates, breast cancer, per 100,000",LAO,2004,SEX_BTSX,6.2,6.2
SA_0000001438,"Age-standardized death rates, breast cancer, per 100,000",STP,2002,,8.66,8.66
SA_0000001438,"Age-standardized death rates, breast cancer, per 100,000",TKM,2004,SEX_MLE,0.0,0.0
SA_0000001438,"Age-standardized death rates, breast cancer, per 100,000",HND,2004,SEX_BTSX,10.8,10.8
SA_0000001438,"Age-standardized death rates, breast cancer, per 100,000",CPV,2002,,14.52,14.52
SA_0000001438,"Age-standardized death rates, breast cancer, per 100,000",SYR,2002,,3.61,3.61
SA_0000001438,"Age-standardized death rates, breast cancer, per 100,000",LTU,2004,SEX_FMLE,19.7,19.7
SA_0000001438,"Age-standardized death rates, breast cancer, per 100,000",SEN,2004,SEX_FMLE,21.5,21.5
SA_0000001438,"Age-standardized death rates, breast cancer, per 100,000",SLE,2004,SEX_MLE,0.0,0.0
SA_0000001438,"Age-standardized death rates, breast cancer, per 100,000",JAM,2004,SEX_MLE,0.0,0.0
SA_0000001438,"Age-standardized death rates, breast cancer, per 100,000",JAM,2004,SEX_BTSX,15.1,15.1
SA_0000001438,"Age-standardized death rates, breast cancer, per 100,000",LAO,2004,SEX_MLE,0.0,0.0
SA_0000001438,"Age-standardized death rates, breast cancer, per 100,000",JPN,2004,SEX_BTSX,5.2,5.2
SA_0000001438,"Age-standardized death rates, breast cancer, per 100,000",TUV,2004,SEX_MLE,0.6,0.6
SA_0000001438,"Age-standardized death rates, breast cancer, per 100,000",CAF,2002,,7.56,7.56
SA_0000001438,"Age-standardized death rates, breast cancer, per 100,000",EGY,2004,SEX_MLE,0.0,0.0
SA_0000001438,"Age-standardized death rates, breast cancer, per 100,000",AND,2004,SEX_BTSX,10.0,10.0
SA_0000001438,"Age-standardized death rates, breast cancer, per 100,000",PRT,2004,SEX_BTSX,10.6,10.6
SA_0000001438,"Age-standardized death rates, breast cancer, per 100,000",ISR,2002,,16.44,16.44
SA_0000001438,"Age-standardized death rates, breast cancer, per 100,000",VNM,2002,,7.25,7.25
SA_0000001438,"Age-standardized death rates, breast cancer, per 100,000",DZA,2004,SEX_MLE,0.0,0.0
SA_0000001438,"Age-standardized death rates, breast cancer, per 100,000",NAM,2004,SEX_MLE,0.0,0.0
SA_0000001438,"Age-standardized death rates, breast cancer, per 100,000",TLS,2002,,9.89,9.89
SA_0000001438,"Age-standardized death rates, breast cancer, per 100,000",GAB,2004,SEX_BTSX,7.0,7.0
SA_0000001438,"Age-standardized death rates, breast cancer, per 100,000",NIC,2004,SEX_BTSX,8.4,8.4
SA_0000001438,"Age-standardized death rates, breast cancer, per 100,000",NZL,2004,SEX_MLE,0.2,0.2
SA_0000001438,"Age-standardized death rates, breast cancer, per 100,000",MDV,2004,SEX_BTSX,6.5,6.5
SA_0000001438,"Age-standardized death rates, breast cancer, per 100,000",BRA,2004,SEX_BTSX,14.2,14.2
SA_0000001438,"Age-standardized death rates, breast cancer, per 100,000",MDA,2004,SEX_BTSX,11.7,11.7
SA_0000001438,"Age-standardized death rates, breast cancer, per 100,000",ARM,2004,SEX_BTSX,22.2,22.2
SA_0000001438,"Age-standardized death rates, breast cancer, per 100,000",CPV,2004,SEX_FMLE,20.0,20.0
SA_0000001438,"Age-standardized death rates, breast cancer, per 100,000",GRC,2002,,10.26,10.26
SA_0000001438,"Age-standardized death rates, breast cancer, per 100,000",GMB,2004,SEX_MLE,0.0,0.0
SA_0000001438,"Age-standardized death rates, breast cancer, per 100,000",QAT,2004,SEX_MLE,0.0,0.0
SA_0000001438,"Age-standardized death rates, breast cancer, per 100,000",DJI,2002,,6.6,6.60
SA_0000001438,"Age-standardized death rates, breast cancer, per 100,000",TLS,2004,SEX_MLE,0.0,0.0
SA_0000001438,"Age-standardized death rates, breast cancer, per 100,000",SLV,2004,SEX_MLE,0.0,0.0
SA_0000001438,"Age-standardized death rates, breast cancer, per 100,000",JOR,2002,,18.71,18.71
SA_0000001438,"Age-standardized death rates, breast cancer, per 100,000",SWE,2004,SEX_FMLE,17.5,17.5
SA_0000001438,"Age-standardized death rates, breast cancer, per 100,000",SMR,2004,SEX_MLE,0.0,0.0
SA_0000001438,"Age-standardized death rates, breast cancer, per 100,000",GAB,2004,SEX_MLE,0.0,0.0
SA_0000001438,"Age-standardized death rates, breast cancer, per 100,000",BDI,2004,SEX_MLE,0.0,0.0
SA_0000001438,"Age-standardized death rates, breast cancer, per 100,000",FSM,2004,SEX_BTSX,6.4,6.4
SA_0000001438,"Age-standardized death rates, breast cancer, per 100,000",GAB,2002,,9.72,9.72
SA_0000001438,"Age-standardized death rates, breast cancer, per 100,000",ZMB,2002,,6.5,6.50
SA_0000001438,"Age-standardized death rates, breast cancer, per 100,000",PAK,2002,,14.44,14.44
SA_0000001438,"Age-standardized death rates, breast cancer, per 100,000",ERI,2004,SEX_FMLE,12.2,12.2
SA_0000001438,"Age-standardized death rates, breast cancer, per 100,000",TTO,2004,SEX_MLE,0.4,0.4
SA_0000001438,"Age-standardized death rates, breast cancer, per 100,000",CZE,2004,SEX_MLE,0.0,0.0
SA_0000001438,"Age-standardized death rates, breast cancer, per 100,000",DNK,2002,,15.58,15.58
SA_0000001438,"Age-standardized death rates, breast cancer, per 100,000",PHL,2004,SEX_MLE,0.0,0.0
SA_0000001438,"Age-standardized death rates, breast cancer, per 100,000",BRN,2002,,7.61,7.61
SA_0000001438,"Age-standardized death rates, breast cancer, per 100,000",NRU,2004,SEX_FMLE,22.0,22.0
SA_0000001438,"Age-standardized death rates, breast cancer, per 100,000",SOM,2002,,8.63,8.63
SA_0000001438,"Age-standardized death rates, breast cancer, per 100,000",DZA,2004,SEX_FMLE,17.5,17.5
SA_0000001438,"Age-standardized death rates, breast cancer, per 100,000",BWA,2004,SEX_FMLE,22.2,22.2
SA_0000001438,"Age-standardized death rates, breast cancer, per 100,000",MAR,2002,,6.14,6.14
SA_0000001438,"Age-standardized death rates, breast cancer, per 100,000",GHA,2004,SEX_FMLE,25.3,25.3
SA_0000001438,"Age-standardized death rates, breast cancer, per 100,000",JAM,2002,,17.97,17.97
SA_0000001438,"Age-standardized death rates, breast cancer, per 100,000",AGO,2002,,17.25,17.25
SA_0000001438,"Age-standardized death rates, breast cancer, per 100,000",AFG,2004,SEX_MLE,0.0,0.0
SA_0000001438,"Age-standardized death rates, breast cancer, per 100,000",BHS,2002,,14.09,14.09
SA_0000001438,"Age-standardized death rates, breast cancer, per 100,000",PRT,2002,,11.44,11.44
SA_0000001438,"Age-standardized death rates, breast cancer, per 100,000",MYS,2004,SEX_FMLE,20.7,20.7
SA_0000001438,"Age-standardized death rates, breast cancer, per 100,000",SLV,2004,SEX_BTSX,4.2,4.2
SA_0000001438,"Age-standardized death rates, breast cancer, per 100,000",LCA,2002,,11.97,11.97
SA_0000001438,"Age-standardized death rates, breast cancer, per 100,000",PRY,2004,SEX_MLE,0.0,0.0
SA_0000001438,"Age-standardized death rates, breast cancer, per 100,000",ARM,2002,,15.76,15.76
SA_0000001438,"Age-standardized death rates, breast cancer, per 100,000",DMA,2002,,9.72,9.72
SA_0000001438,"Age-standardized death rates, breast cancer, per 100,000",BEL,2002,,14.65,14.65
SA_0000001438,"Age-standardized death rates, breast cancer, per 100,000",RUS,2004,SEX_BTSX,13.8,13.8
SA_0000001438,"Age-standardized death rates, breast cancer, per 100,000",COG,2004,SEX_FMLE,18.0,18.0
SA_0000001438,"Age-standardized death rates, breast cancer, per 100,000",TON,2004,SEX_BTSX,7.8,7.8
SA_0000001438,"Age-standardized death rates, breast cancer, per 100,000",GRD,2004,SEX_BTSX,17.1,17.1
SA_0000001438,"Age-standardized death rates, breast cancer, per 100,000",MHL,2004,SEX_FMLE,20.6,20.6
SA_0000001438,"Age-standardized death rates, breast cancer, per 100,000",BLZ,2004,SEX_MLE,1.2,1.2
SA_0000001438,"Age-standardized death rates, breast cancer, per 100,000",SAU,2002,,7.23,7.23
SA_0000001438,"Age-standardized death rates, breast cancer, per 100,000",GUY,2004,SEX_BTSX,13.3,13.3
SA_0000001438,"Age-standardized death rates, breast cancer, per 100,000",DNK,2004,SEX_FMLE,31.0,31.0
SA_0000001438,"Age-standardized death rates, breast cancer, per 100,000",IRQ,2004,SEX_FMLE,24.3,24.3
SA_0000001438,"Age-standardized death rates, breast cancer, per 100,000",LVA,2004,SEX_BTSX,13.0,13.0
SA_0000001438,"Age-standardized death rates, breast cancer, per 100,000",COK,2002,,4.2,4.20
SA_0000001438,"Age-standardized death rates, breast cancer, per 100,000",HUN,2002,,14.28,14.28
SA_0000001438,"Age-standardized death rates, breast cancer, per 100,000",EGY,2004,SEX_FMLE,16.7,16.7
SA_0000001438,"Age-standardized death rates, breast cancer, per 100,000",MRT,2002,,17.68,17.68
SA_0000001438,"Age-standardized death rates, breast cancer, per 100,000",JPN,2004,SEX_FMLE,9.9,9.9
SA_0000001438,"Age-standardized death rates, breast cancer, per 100,000",NGA,2004,SEX_BTSX,20.8,20.8
SA_0000001438,"Age-standardized death rates, breast cancer, per 100,000",GTM,2004,SEX_BTSX,9.4,9.4
SA_0000001438,"Age-standardized death rates, breast cancer, per 100,000",LSO,2004,SEX_MLE,0.0,0.0
SA_0000001438,"Age-standardized death rates, breast cancer, per 100,000",UKR,2004,SEX_FMLE,21.1,21.1
SA_0000001438,"Age-standardized death rates, breast cancer, per 100,000",ALB,2004,SEX_FMLE,28.7,28.7
SA_0000001438,"Age-standardized death rates, breast cancer, per 100,000",KIR,2004,SEX_FMLE,20.0,20.0
SA_0000001438,"Age-standardized death rates, breast cancer, per 100,000",COD,2004,SEX_BTSX,6.2,6.2
SA_0000001438,"Age-standardized death rates, breast cancer, per 100,000",RWA,2004,SEX_MLE,0.0,0.0
SA_0000001438,"Age-standardized death rates, breast cancer, per 100,000",BGD,2004,SEX_BTSX,7.8,7.8
SA_0000001438,"Age-standardized death rates, breast cancer, per 100,000",CRI,2004,SEX_BTSX,8.2,8.2
SA_0000001438,"Age-standardized death rates, breast cancer, per 100,000",MHL,2002,,11.02,11.02
SA_0000001438,"Age-standardized death rates, breast cancer, per 100,000",BRB,2004,SEX_FMLE,34.2,34.2
SA_0000001438,"Age-standardized death rates, breast cancer, per 100,000",HUN,2004,SEX_FMLE,24.7,24.7
SA_0000001438,"Age-standardized death rates, breast cancer, per 100,000",VUT,2002,,6.81,6.81
SA_0000001438,"Age-standardized death rates, breast cancer, per 100,000",LSO,2004,SEX_FMLE,8.4,8.4
SA_0000001438,"Age-standardized death rates, breast cancer, per 100,000",YEM,2004,SEX_FMLE,24.1,24.1
SA_0000001438,"Age-standardized death rates, breast cancer, per 100,000",VUT,2004,SEX_MLE,0.0,0.0
SA_0000001438,"Age-standardized death rates, breast cancer, per 100,000",MRT,2004,SEX_BTSX,15.1,15.1
SA_0000001438,"Age-standardized death rates, breast cancer, per 100,000",CHN,2004,SEX_FMLE,9.7,9.7
SA_0000001438,"Age-standardized death rates, breast cancer, per 100,000",BGD,2004,SEX_MLE,0.0,0.0
SA_0000001438,"Age-standardized death rates, breast cancer, per 100,000",UKR,2004,SEX_MLE,0.0,0.0
SA_0000001438,"Age-standardized death rates, breast cancer, per 100,000",AZE,2004,SEX_MLE,0.0,0.0
SA_0000001438,"Age-standardized death rates, breast cancer, per 100,000",JPN,2004,SEX_MLE,0.1,0.1
SA_0000001438,"Age-standardized death rates, breast cancer, per 100,000",SDN,2004,SEX_MLE,0.0,0.0
SA_0000001438,"Age-standardized death rates, breast cancer, per 100,000",GTM,2004,SEX_MLE,0.0,0.0
SA_0000001438,"Age-standardized death rates, breast cancer, per 100,000",GNB,2004,SEX_MLE,0.0,0.0
SA_0000001438,"Age-standardized death rates, breast cancer, per 100,000",COM,2004,SEX_FMLE,12.6,12.6
SA_0000001438,"Age-standardized death rates, breast cancer, per 100,000",SWE,2004,SEX_MLE,0.1,0.1
SA_0000001438,"Age-standardized death rates, breast cancer, per 100,000",PER,2004,SEX_MLE,0.0,0.0
SA_0000001438,"Age-standardized death rates, breast cancer, per 100,000",DMA,2004,SEX_BTSX,18.2,18.2
SA_0000001438,"Age-standardized death rates, breast cancer, per 100,000",BLR,2004,SEX_FMLE,19.1,19.1
SA_0000001438,"Age-standardized death rates, breast cancer, per 100,000",AUT,2004,SEX_BTSX,11.3,11.3
SA_0000001438,"Age-standardized death rates, breast cancer, per 100,000",ITA,2004,SEX_BTSX,11.0,11.0
SA_0000001438,"Age-standardized death rates, breast cancer, per 100,000",MCO,2004,SEX_MLE,0.2,0.2
SA_0000001438,"Age-standardized death rates, breast cancer, per 100,000",PRY,2004,SEX_BTSX,10.4,10.4
SA_0000001438,"Age-standardized death rates, breast cancer, per 100,000",COL,2002,,8.32,8.32
SA_0000001438,"Age-standardized death rates, breast cancer, per 100,000",NIU,2004,SEX_FMLE,9.8,9.8
SA_0000001438,"Age-standardized death rates, breast cancer, per 100,000",RUS,2004,SEX_FMLE,22.9,22.9
SA_0000001438,"Age-standardized death rates, breast cancer, per 100,000",IDN,2004,SEX_FMLE,25.2,25.2
SA_0000001438,"Age-standardized death rates, breast cancer, per 100,000",VEN,2004,SEX_FMLE,16.1,16.1
SA_0000001438,"Age-standardized death rates, breast cancer, per 100,000",KGZ,2004,SEX_MLE,0.0,0.0
SA_0000001438,"Age-standardized death rates, breast cancer, per 100,000",DNK,2004,SEX_BTSX,16.9,16.9
SA_0000001438,"Age-standardized death rates, breast cancer, per 100,000",TUN,2002,,6.5,6.50
SA_0000001438,"Age-standardized death rates, breast cancer, per 100,000",GAB,2004,SEX_FMLE,13.3,13.3
SA_0000001438,"Age-standardized death rates, breast cancer, per 100,000",TGO,2004,SEX_FMLE,29.7,29.7
SA_0000001438,"Age-standardized death rates, breast cancer, per 100,000",ESP,2004,SEX_FMLE,16.7,16.7
SA_0000001438,"Age-standardized death rates, breast cancer, per 100,000",NIC,2004,SEX_FMLE,16.3,16.3
SA_0000001438,"Age-standardized death rates, breast cancer, per 100,000",SOM,2004,SEX_BTSX,9.1,9.1
SA_0000001438,"Age-standardized death rates, breast cancer, per 100,000",LBY,2002,,6.49,6.49
SA_0000001438,"Age-standardized death rates, breast cancer, per 100,000",SWZ,2004,SEX_FMLE,11.9,11.9
SA_0000001438,"Age-standardized death rates, breast cancer, per 100,000",MMR,2004,SEX_FMLE,14.9,14.9
SA_0000001438,"Age-standardized death rates, breast cancer, per 100,000",SEN,2004,SEX_MLE,0.0,0.0
SA_0000001438,"Age-standardized death rates, breast cancer, per 100,000",UGA,2004,SEX_MLE,0.0,0.0
SA_0000001438,"Age-standardized death rates, breast cancer, per 100,000",MLI,2004,SEX_FMLE,20.4,20.4
SA_0000001438,"Age-standardized death rates, breast cancer, per 100,000",IRN,2004,SEX_FMLE,11.3,11.3
SA_0000001438,"Age-standardized death rates, breast cancer, per 100,000",VCT,2002,,15.3,15.30
SA_0000001438,"Age-standardized death rates, breast cancer, per 100,000",SVK,2002,,12.36,12.36
SA_0000001438,"Age-standardized death rates, breast cancer, per 100,000",PLW,2002,,8.51,8.51
SA_0000001438,"Age-standardized death rates, breast cancer, per 100,000",SGP,2004,SEX_BTSX,8.1,8.1
SA_0000001438,"Age-standardized death rates, breast cancer, per 100,000",MWI,2004,SEX_FMLE,12.5,12.5
SA_0000001438,"Age-standardized death rates, breast cancer, per 100,000",AZE,2004,SEX_FMLE,17.7,17.7
SA_0000001438,"Age-standardized death rates, breast cancer, per 100,000",SVN,2002,,14.56,14.56
SA_0000001438,"Age-standardized death rates, breast cancer, per 100,000",BOL,2004,SEX_FMLE,29.2,29.2
SA_0000001438,"Age-standardized death rates, breast cancer, per 100,000",COK,2004,SEX_BTSX,3.9,3.9
SA_0000001438,"Age-standardized death rates, breast cancer, per 100,000",BRB,2004,SEX_MLE,0.0,0.0
SA_0000001438,"Age-standardized death rates, breast cancer, per 100,000",NER,2004,SEX_BTSX,15.4,15.4
SA_0000001438,"Age-standardized death rates, breast cancer, per 100,000",FRA,2004,SEX_FMLE,25.1,25.1
SA_0000001438,"Age-standardized death rates, breast cancer, per 100,000",IDN,2004,SEX_MLE,0.0,0.0
SA_0000001438,"Age-standardized death rates, breast cancer, per 100,000",MDV,2002,,11.21,11.21
SA_0000001438,"Age-standardized death rates, breast cancer, per 100,000",TUR,2002,,7.16,7.16
SA_0000001438,"Age-standardized death rates, breast cancer, per 100,000",BEN,2004,SEX_BTSX,17.6,17.6
SA_0000001438,"Age-standardized death rates, breast cancer, per 100,000",AND,2004,SEX_MLE,0.2,0.2
SA_0000001438,"Age-standardized death rates, breast cancer, per 100,000",KAZ,2004,SEX_FMLE,21.1,21.1
SA_0000001438,"Age-standardized death rates, breast cancer, per 100,000",BEL,2004,SEX_MLE,0.2,0.2
SA_0000001438,"Age-standardized death rates, breast cancer, per 100,000",BRN,2004,SEX_FMLE,15.0,15.0
SA_0000001438,"Age-standardized death rates, breast cancer, per 100,000",MYS,2004,SEX_MLE,0.0,0.0
SA_0000001438,"Age-standardized death rates, breast cancer, per 100,000",NZL,2004,SEX_BTSX,12.9,12.9
SA_0000001438,"Age-standardized death rates, breast cancer, per 100,000",SEN,2002,,12.99,12.99
SA_0000001438,"Age-standardized death rates, breast cancer, per 100,000",JAM,2004,SEX_FMLE,28.9,28.9
SA_0000001438,"Age-standardized death rates, breast cancer, per 100,000",LBR,2004,SEX_FMLE,30.6,30.6
SA_0000001438,"Age-standardized death rates, breast cancer, per 100,000",CHE,2004,SEX_MLE,0.2,0.2
SA_0000001438,"Age-standardized death rates, breast cancer, per 100,000",BWA,2002,,7.79,7.79
SA_0000001438,"Age-standardized death rates, breast cancer, per 100,000",BDI,2004,SEX_FMLE,16.5,16.5
SA_0000001438,"Age-standardized death rates, breast cancer, per 100,000",TCD,2004,SEX_FMLE,19.0,19.0
SA_0000001438,"Age-standardized death rates, breast cancer, per 100,000",KEN,2004,SEX_BTSX,8.5,8.5
SA_0000001438,"Age-standardized death rates, breast cancer, per 100,000",BLR,2004,SEX_MLE,0.3,0.3
SA_0000001438,"Age-standardized death rates, breast cancer, per 100,000",BEN,2004,SEX_MLE,0.0,0.0
SA_0000001438,"Age-standardized death rates, breast cancer, per 100,000",KOR,2004,SEX_MLE,0.1,0.1
SA_0000001438,"Age-standardized death rates, breast cancer, per 100,000",ZWE,2004,SEX_FMLE,11.8,11.8
SA_0000001438,"Age-standardized death rates, breast cancer, per 100,000",COK,2004,SEX_FMLE,7.8,7.8
SA_0000001438,"Age-standardized death rates, breast cancer, per 100,000",POL,2004,SEX_MLE,0.3,0.3
SA_0000001438,"Age-standardized death rates, breast cancer, per 100,000",ZWE,2002,,5.19,5.19
SA_0000001438,"Age-standardized death rates, breast cancer, per 100,000",MMR,2004,SEX_MLE,0.0,0.0
SA_0000001438,"Age-standardized death rates, breast cancer, per 100,000",ECU,2002,,7.29,7.29
SA_0000001438,"Age-standardized death rates, breast cancer, per 100,000",TZA,2004,SEX_MLE,0.0,0.0
SA_0000001438,"Age-standardized death rates, breast cancer, per 100,000",NAM,2002,,17.72,17.72
SA_0000001438,"Age-standardized death rates, breast cancer, per 100,000",NOR,2004,SEX_BTSX,10.7,10.7
SA_0000001438,"Age-standardized death rates, breast cancer, per 100,000",BRB,2004,SEX_BTSX,19.3,19.3
SA_0000001438,"Age-standardized death rates, breast cancer, per 100,000",PAN,2004,SEX_FMLE,16.3,16.3
SA_0000001438,"Age-standardized death rates, breast cancer, per 100,000",NPL,2002,,11.46,11.46
SA_0000001438,"Age-standardized death rates, breast cancer, per 100,000",KOR,2004,SEX_FMLE,6.2,6.2
SA_0000001438,"Age-standardized death rates, breast cancer, per 100,000",EST,2004,SEX_MLE,0.3,0.3
SA_0000001438,"Age-standardized death rates, breast cancer, per 100,000",MUS,2004,SEX_BTSX,9.7,9.7
SA_0000001438,"Age-standardized death rates, breast cancer, per 100,000",ETH,2002,,10.24,10.24
SA_0000001438,"Age-standardized death rates, breast cancer, per 100,000",ZMB,2004,SEX_MLE,0.0,0.0
SA_0000001438,"Age-standardized death rates, breast cancer, per 100,000",ESP,2004,SEX_MLE,0.2,0.2
SA_0000001438,"Age-standardized death rates, breast cancer, per 100,000",TUV,2002,,10.93,10.93
SA_0000001438,"Age-standardized death rates, breast cancer, per 100,000",PRT,2004,SEX_MLE,0.4,0.4
SA_0000001438,"Age-standardized death rates, breast cancer, per 100,000",BIH,2004,SEX_MLE,0.2,0.2
SA_0000001438,"Age-standardized death rates, breast cancer, per 100,000",GMB,2004,SEX_FMLE,10.3,10.3
SA_0000001438,"Age-standardized death rates, breast cancer, per 100,000",LBR,2004,SEX_BTSX,16.9,16.9
SA_0000001438,"Age-standardized death rates, breast cancer, per 100,000",THA,2004,SEX_FMLE,12.3,12.3
SA_0000001438,"Age-standardized death rates, breast cancer, per 100,000",EST,2004,SEX_FMLE,20.2,20.2
SA_0000001438,"Age-standardized death rates, breast cancer, per 100,000",ESP,2004,SEX_BTSX,9.1,9.1
SA_0000001438,"Age-standardized death rates, breast cancer, per 100,000",MOZ,2002,,7.67,7.67
SA_0000001438,"Age-standardized death rates, breast cancer, per 100,000",QAT,2004,SEX_BTSX,3.0,3.0
SA_0000001438,"Age-standardized death rates, breast cancer, per 100,000",MKD,2004,SEX_FMLE,20.9,20.9
SA_0000001438,"Age-standardized death rates, breast cancer, per 100,000",BHR,2004,SEX_FMLE,21.1,21.1
SA_0000001438,"Age-standardized death rates, breast cancer, per 100,000",EST,2002,,13.01,13.01
SA_0000001438,"Age-standardized death rates, breast cancer, per 100,000",IDN,2004,SEX_BTSX,13.4,13.4
SA_0000001438,"Age-standardized death rates, breast cancer, per 100,000",LTU,2002,,11.23,11.23
SA_0000001438,"Age-standardized death rates, breast cancer, per 100,000",TON,2002,,7.55,7.55
SA_0000001438,"Age-standardized death rates, breast cancer, per 100,000",NIU,2004,SEX_MLE,0.3,0.3
SA_0000001438,"Age-standardized death rates, breast cancer, per 100,000",PNG,2004,SEX_MLE,0.0,0.0
SA_0000001438,"Age-standardized death rates, breast cancer, per 100,000",WSM,2004,SEX_FMLE,22.9,22.9
SA_0000001438,"Age-standardized death rates, breast cancer, per 100,000",QAT,2004,SEX_FMLE,9.7,9.7
SA_0000001438,"Age-standardized death rates, breast cancer, per 100,000",MLT,2004,SEX_BTSX,12.8,12.8
SA_0000001438,"Age-standardized death rates, breast cancer, per 100,000",PAN,2004,SEX_BTSX,8.3,8.3
SA_0000001438,"Age-standardized death rates, breast cancer, per 100,000",MKD,2002,,11.67,11.67
SA_0000001438,"Age-standardized death rates, breast cancer, per 100,000",BTN,2002,,9.75,9.75
SA_0000001438,"Age-standardized death rates, breast cancer, per 100,000",VUT,2004,SEX_FMLE,19.5,19.5
SA_0000001438,"Age-standardized death rates, breast cancer, per 100,000",MOZ,2004,SEX_BTSX,1.6,1.6
SA_0000001438,"Age-standardized death rates, breast cancer, per 100,000",MWI,2002,,6.86,6.86
SA_0000001438,"Age-standardized death rates, breast cancer, per 100,000",BGD,2002,,8.52,8.52
SA_0000001438,"Age-standardized death rates, breast cancer, per 100,000",IND,2004,SEX_FMLE,14.6,14.6
SA_0000001438,"Age-standardized death rates, breast cancer, per 100,000",FIN,2004,SEX_FMLE,17.9,17.9
SA_0000001438,"Age-standardized death rates, breast cancer, per 100,000",LSO,2004,SEX_BTSX,5.0,5.0
SA_0000001438,"Age-standardized death rates, breast cancer, per 100,000",GBR,2004,SEX_MLE,0.2,0.2
SA_0000001438,"Age-standardized death rates, breast cancer, per 100,000",KHM,2002,,9.91,9.91
SA_0000001438,"Age-standardized death rates, breast cancer, per 100,000",DOM,2004,SEX_MLE,0.0,0.0
SA_0000001438,"Age-standardized death rates, breast cancer, per 100,000",SYR,2004,SEX_MLE,0.0,0.0
SA_0000001438,"Age-standardized death rates, breast cancer, per 100,000",STP,2004,SEX_MLE,0.4,0.4
SA_0000001438,"Age-standardized death rates, breast cancer, per 100,000",LUX,2004,SEX_MLE,0.1,0.1
SA_0000001438,"Age-standardized death rates, breast cancer, per 100,000",NOR,2004,SEX_FMLE,20.0,20.0
SA_0000001438,"Age-standardized death rates, breast cancer, per 100,000",CAN,2002,,11.95,11.95
SA_0000001438,"Age-standardized death rates, breast cancer, per 100,000",COL,2004,SEX_MLE,0.0,0.0
SA_0000001438,"Age-standardized death rates, breast cancer, per 100,000",LBY,2004,SEX_BTSX,7.0,7.0
SA_0000001438,"Age-standardized death rates, breast cancer, per 100,000",TUR,2004,SEX_FMLE,15.5,15.5
SA_0000001438,"Age-standardized death rates, breast cancer, per 100,000",MUS,2004,SEX_MLE,0.0,0.0
SA_0000001438,"Age-standardized death rates, breast cancer, per 100,000",AUS,2004,SEX_MLE,0.1,0.1
SA_0000001438,"Age-standardized death rates, breast cancer, per 100,000",MCO,2004,SEX_FMLE,17.9,17.9
SA_0000001438,"Age-standardized death rates, breast cancer, per 100,000",ALB,2002,,8.2,8.20
SA_0000001438,"Age-standardized death rates, breast cancer, per 100,000",CIV,2002,,12.7,12.70
SA_0000001438,"Age-standardized death rates, breast cancer, per 100,000",UZB,2004,SEX_MLE,0.0,0.0
SA_0000001438,"Age-standardized death rates, breast cancer, per 100,000",GUY,2004,SEX_FMLE,25.3,25.3
SA_0000001438,"Age-standardized death rates, breast cancer, per 100,000",KOR,2002,,3.15,3.15
SA_0000001438,"Age-standardized death rates, breast cancer, per 100,000",MDG,2004,SEX_MLE,0.0,0.0
SA_0000001438,"Age-standardized death rates, breast cancer, per 100,000",FSM,2004,SEX_MLE,0.0,0.0
SA_0000001438,"Age-standardized death rates, breast cancer, per 100,000",KWT,2004,SEX_BTSX,5.4,5.4
SA_0000001438,"Age-standardized death rates, breast cancer, per 100,000",SYC,2004,SEX_BTSX,11.3,11.3
SA_0000001438,"Age-standardized death rates, breast cancer, per 100,000",PHL,2004,SEX_FMLE,20.2,20.2
SA_0000001438,"Age-standardized death rates, breast cancer, per 100,000",OMN,2004,SEX_FMLE,12.0,12.0
SA_0000001438,"Age-standardized death rates, breast cancer, per 100,000",CZE,2004,SEX_FMLE,22.2,22.2
SA_0000001438,"Age-standardized death rates, breast cancer, per 100,000",LSO,2002,,8.62,8.62
SA_0000001438,"Age-standardized death rates, breast cancer, per 100,000",TON,2004,SEX_MLE,0.1,0.1
SA_0000001438,"Age-standardized death rates, breast cancer, per 100,000",ATG,2002,,16.86,16.86
SA_0000001438,"Age-standardized death rates, breast cancer, per 100,000",BOL,2002,,18.43,18.43
SA_0000001438,"Age-standardized death rates, breast cancer, per 100,000",NPL,2004,SEX_MLE,0.0,0.0
SA_0000001438,"Age-standardized death rates, breast cancer, per 100,000",PER,2004,SEX_FMLE,20.0,20.0
SA_0000001438,"Age-standardized death rates, breast cancer, per 100,000",ARE,2002,,5.53,5.53
SA_0000001438,"Age-standardized death rates, breast cancer, per 100,000",ARE,2004,SEX_FMLE,10.6,10.6
SA_0000001438,"Age-standardized death rates, breast cancer, per 100,000",TJK,2004,SEX_FMLE,9.5,9.5
SA_0000001438,"Age-standardized death rates, breast cancer, per 100,000",GRD,2002,,16.07,16.07
SA_0000001438,"Age-standardized death rates, breast cancer, per 100,000",PNG,2004,SEX_BTSX,5.8,5.8
SA_0000001438,"Age-standardized death rates, breast cancer, per 100,000",BRA,2002,,10.75,10.75
SA_0000001438,"Age-standardized death rates, breast cancer, per 100,000",GHA,2002,,15.58,15.58
SA_0000001438,"Age-standardized death rates, breast cancer, per 100,000",CAN,2004,SEX_MLE,0.2,0.2
SA_0000001438,"Age-standardized death rates, breast cancer, per 100,000",TTO,2004,SEX_FMLE,25.5,25.5
SA_0000001438,"Age-standardized death rates, breast cancer, per 100,000",JOR,2004,SEX_FMLE,28.5,28.5
SA_0000001438,"Age-standardized death rates, breast cancer, per 100,000",HND,2004,SEX_MLE,0.0,0.0
SA_0000001438,"Age-standardized death rates, breast cancer, per 100,000",MDG,2004,SEX_BTSX,7.7,7.7
SA_0000001438,"Age-standardized death rates, breast cancer, per 100,000",BRA,2004,SEX_MLE,0.0,0.0
SA_0000001438,"Age-standardized death rates, breast cancer, per 100,000",AGO,2004,SEX_MLE,0.0,0.0
SA_0000001438,"Age-standardized death rates, breast cancer, per 100,000",LKA,2004,SEX_FMLE,19.5,19.5
SA_0000001438,"Age-standardized death rates, breast cancer, per 100,000",COL,2004,SEX_FMLE,13.3,13.3
SA_0000001438,"Age-standardized death rates, breast cancer, per 100,000",LBY,2004,SEX_FMLE,14.8,14.8
SA_0000001438,"Age-standardized death rates, breast cancer, per 100,000",RUS,2004,SEX_MLE,0.4,0.4
SA_0000001438,"Age-standardized death rates, breast cancer, per 100,000",SYC,2002,,12.97,12.97
SA_0000001438,"Age-standardized death rates, breast cancer, per 100,000",BGD,2004,SEX_FMLE,15.2,15.2
SA_0000001438,"Age-standardized death rates, breast cancer, per 100,000",BFA,2004,SEX_BTSX,21.8,21.8
SA_0000001438,"Age-standardized death rates, breast cancer, per 100,000",CYP,2004,SEX_MLE,0.0,0.0
SA_0000001438,"Age-standardized death rates, breast cancer, per 100,000",ROU,2002,,11.09,11.09
SA_0000001438,"Age-standardized death rates, breast cancer, per 100,000",NER,2004,SEX_FMLE,33.9,33.9
SA_0000001438,"Age-standardized death rates, breast cancer, per 100,000",USA,2002,,11.18,11.18
SA_0000001438,"Age-standardized death rates, breast cancer, per 100,000",DJI,2004,SEX_BTSX,6.0,6.0
SA_0000001438,"Age-standardized death rates, breast cancer, per 100,000",GTM,2004,SEX_FMLE,17.8,17.8
SA_0000001438,"Age-standardized death rates, breast cancer, per 100,000",TUN,2004,SEX_FMLE,9.4,9.4
SA_0000001438,"Age-standardized death rates, breast cancer, per 100,000",KWT,2002,,6.69,6.69
SA_0000001438,"Age-standardized death rates, breast cancer, per 100,000",LVA,2004,SEX_FMLE,21.8,21.8
SA_0000001438,"Age-standardized death rates, breast cancer, per 100,000",ARE,2004,SEX_MLE,0.0,0.0
SA_0000001438,"Age-standardized death rates, breast cancer, per 100,000",SAU,2004,SEX_FMLE,16.9,16.9
SA_0000001438,"Age-standardized death rates, breast cancer, per 100,000",ME1,2002,,13.3,13.30
SA_0000001438,"Age-standardized death rates, breast cancer, per 100,000",HTI,2004,SEX_MLE,0.0,0.0
SA_0000001438,"Age-standardized death rates, breast cancer, per 100,000",URY,2004,SEX_BTSX,16.7,16.7
SA_0000001438,"Age-standardized death rates, breast cancer, per 100,000",AZE,2002,,8.41,8.41
SA_0000001438,"Age-standardized death rates, breast cancer, per 100,000",BFA,2002,,25.24,25.24
SA_0000001438,"Age-standardized death rates, breast cancer, per 100,000",ECU,2004,SEX_BTSX,6.6,6.6
SA_0000001438,"Age-standardized death rates, breast cancer, per 100,000",ECU,2004,SEX_FMLE,12.8,12.8
SA_0000001438,"Age-standardized death rates, breast cancer, per 100,000",BTN,2004,SEX_MLE,0.0,0.0
SA_0000001438,"Age-standardized death rates, breast cancer, per 100,000",DNK,2004,SEX_MLE,0.5,0.5
SA_0000001438,"Age-standardized death rates, breast cancer, per 100,000",IRN,2002,,3.6,3.60
SA_0000001438,"Age-standardized death rates, breast cancer, per 100,000",SVK,2004,SEX_FMLE,20.2,20.2
SA_0000001438,"Age-standardized death rates, breast cancer, per 100,000",SWZ,2002,,8.44,8.44
SA_0000001438,"Age-standardized death rates, breast cancer, per 100,000",TJK,2002,,4.58,4.58
SA_0000001438,"Age-standardized death rates, breast cancer, per 100,000",IRN,2004,SEX_BTSX,5.7,5.7
SA_0000001438,"Age-standardized death rates, breast cancer, per 100,000",PHL,2004,SEX_BTSX,10.6,10.6
SA_0000001438,"Age-standardized death rates, breast cancer, per 100,000",AND,2004,SEX_FMLE,18.4,18.4
SA_0000001438,"Age-standardized death rates, breast cancer, per 100,000",GIN,2004,SEX_FMLE,17.1,17.1
SA_0000001438,"Age-standardized death rates, breast cancer, per 100,000",HTI,2002,,0.99,0.99
SA_0000001438,"Age-standardized death rates, breast cancer, per 100,000",CAF,2004,SEX_FMLE,17.7,17.7
SA_0000001438,"Age-standardized death rates, breast cancer, per 100,000",LUX,2004,SEX_BTSX,12.8,12.8
SA_0000001438,"Age-standardized death rates, breast cancer, per 100,000",BGR,2004,SEX_MLE,0.2,0.2
SA_0000001438,"Age-standardized death rates, breast cancer, per 100,000",BEL,2004,SEX_BTSX,15.3,15.3
SA_0000001438,"Age-standardized death rates, breast cancer, per 100,000",TKM,2004,SEX_FMLE,9.3,9.3
SA_0000001438,"Age-standardized death rates, breast cancer, per 100,000",SUR,2004,SEX_BTSX,9.3,9.3
SA_0000001438,"Age-standardized death rates, breast cancer, per 100,000",AND,2002,,9.74,9.74
SA_0000001438,"Age-standardized death rates, breast cancer, per 100,000",NOR,2002,,11.27,11.27
SA_0000001438,"Age-standardized death rates, breast cancer, per 100,000",OMN,2002,,4.92,4.92
SA_0000001438,"Age-standardized death rates, breast cancer, per 100,000",BLZ,2002,,6.34,6.34
SA_0000001438,"Age-standardized death rates, breast cancer, per 100,000",RWA,2002,,4.27,4.27
SA_0000001438,"Age-standardized death rates, breast cancer, per 100,000",KNA,2004,SEX_FMLE,25.9,25.9
SA_0000001438,"Age-standardized death rates, breast cancer, per 100,000",WSM,2004,SEX_MLE,0.0,0.0
SA_0000001438,"Age-standardized death rates, breast cancer, per 100,000",ATG,2004,SEX_MLE,0.0,0.0
SA_0000001438,"Age-standardized death rates, breast cancer, per 100,000",JPN,2002,,4.85,4.85
SA_0000001438,"Age-standardized death rates, breast cancer, per 100,000",IRN,2004,SEX_MLE,0.0,0.0
SA_0000001438,"Age-standardized death rates, breast cancer, per 100,000",SVK,2004,SEX_BTSX,11.7,11.7
SA_0000001438,"Age-standardized death rates, breast cancer, per 100,000",NRU,2004,SEX_BTSX,11.2,11.2
SA_0000001438,"Age-standardized death rates, breast cancer, per 100,000",SUR,2002,,10.58,10.58
SA_0000001438,"Age-standardized death rates, breast cancer, per 100,000",BLZ,2004,SEX_FMLE,10.2,10.2
SA_0000001438,"Age-standardized death rates, breast cancer, per 100,000",CUB,2004,SEX_BTSX,8.7,8.7
SA_0000001438,"Age-standardized death rates, breast cancer, per 100,000",BTN,2004,SEX_FMLE,15.5,15.5
SA_0000001438,"Age-standardized death rates, breast cancer, per 100,000",UGA,2004,SEX_BTSX,8.4,8.4
SA_0000001438,"Age-standardized death rates, breast cancer, per 100,000",SMR,2004,SEX_BTSX,7.1,7.1
SA_0000001438,"Age-standardized death rates, breast cancer, per 100,000",GUY,2004,SEX_MLE,0.5,0.5
SA_0000001438,"Age-standardized death rates, breast cancer, per 100,000",MEX,2002,,6.01,6.01
SA_0000001438,"Age-standardized death rates, breast cancer, per 100,000",VEN,2004,SEX_BTSX,8.4,8.4
SA_0000001438,"Age-standardized death rates, breast cancer, per 100,000",MEX,2004,SEX_MLE,0.2,0.2
SA_0000001438,"Age-standardized death rates, breast cancer, per 100,000",CYP,2004,SEX_BTSX,10.0,10.0
SA_0000001438,"Age-standardized death rates, breast cancer, per 100,000",COL,2004,SEX_BTSX,7.3,7.3
SA_0000001438,"Age-standardized death rates, breast cancer, per 100,000",MLT,2004,SEX_FMLE,23.1,23.1
SA_0000001438,"Age-standardized death rates, breast cancer, per 100,000",HND,2002,,11.42,11.42
SA_0000001438,"Age-standardized death rates, breast cancer, per 100,000",GRC,2004,SEX_BTSX,11.7,11.7
SA_0000001438,"Age-standardized death rates, breast cancer, per 100,000",UKR,2002,,13.01,13.01
SA_0000001438,"Age-standardized death rates, breast cancer, per 100,000",TJK,2004,SEX_MLE,0.0,0.0
SA_0000001438,"Age-standardized death rates, breast cancer, per 100,000",ROU,2004,SEX_MLE,0.4,0.4
SA_0000001438,"Age-standardized death rates, breast cancer, per 100,000",SLV,2002,,5.93,5.93
SA_0000001438,"Age-standardized death rates, breast cancer, per 100,000",KOR,2004,SEX_BTSX,3.4,3.4
SA_0000001438,"Age-standardized death rates, breast cancer, per 100,000",URY,2004,SEX_MLE,0.1,0.1
SA_0000001438,"Age-standardized death rates, breast cancer, per 100,000",COD,2002,,5.79,5.79
SA_0000001438,"Age-standardized death rates, breast cancer, per 100,000",CHN,2004,SEX_MLE,0.0,0.0
SA_0000001438,"Age-standardized death rates, breast cancer, per 100,000",CHN,2004,SEX_BTSX,4.9,4.9
SA_0000001438,"Age-standardized death rates, breast cancer, per 100,000",BEN,2004,SEX_FMLE,31.9,31.9
SA_0000001438,"Age-standardized death rates, breast cancer, per 100,000",TUR,2004,SEX_BTSX,8.2,8.2
SA_0000001438,"Age-standardized death rates, breast cancer, per 100,000",KEN,2004,SEX_FMLE,15.9,15.9
SA_0000001438,"Age-standardized death rates, breast cancer, per 100,000",BIH,2004,SEX_FMLE,14.4,14.4
SA_0000001438,"Age-standardized death rates, breast cancer, per 100,000",MRT,2004,SEX_MLE,0.0,0.0
SA_0000001438,"Age-standardized death rates, breast cancer, per 100,000",NGA,2004,SEX_FMLE,39.1,39.1
SA_0000001438,"Age-standardized death rates, breast cancer, per 100,000",SWE,2002,,9.92,9.92
SA_0000001438,"Age-standardized death rates, breast cancer, per 100,000",DJI,2004,SEX_FMLE,11.3,11.3
SA_0000001438,"Age-standardized death rates, breast cancer, per 100,000",SWZ,2004,SEX_BTSX,6.8,6.8
SA_0000001438,"Age-standardized death rates, breast cancer, per 100,000",UZB,2004,SEX_BTSX,5.2,5.2
SA_0000001438,"Age-standardized death rates, breast cancer, per 100,000",CHE,2004,SEX_FMLE,22.6,22.6
SA_0000001438,"Age-standardized death rates, breast cancer, per 100,000",NER,2002,,13.64,13.64
SA_0000001438,"Age-standardized death rates, breast cancer, per 100,000",IND,2002,,8.46,8.46
SA_0000001438,"Age-standardized death rates, breast cancer, per 100,000",DZA,2004,SEX_BTSX,9.3,9.3
SA_0000001438,"Age-standardized death rates, breast cancer, per 100,000",PER,2002,,10.24,10.24
SA_0000001438,"Age-standardized death rates, breast cancer, per 100,000",MEX,2004,SEX_BTSX,6.5,6.5
SA_0000001438,"Age-standardized death rates, breast cancer, per 100,000",MEX,2004,SEX_FMLE,12.1,12.1
SA_0000001438,"Age-standardized death rates, breast cancer, per 100,000",SLB,2004,SEX_FMLE,12.2,12.2
SA_0000001438,"Age-standardized death rates, breast cancer, per 100,000",MLI,2002,,9.66,9.66
SA_0000001438,"Age-standardized death rates, breast cancer, per 100,000",FIN,2004,SEX_MLE,0.1,0.1
SA_0000001438,"Age-standardized death rates, breast cancer, per 100,000",TLS,2004,SEX_BTSX,9.4,9.4
SA_0000001438,"Age-standardized death rates, breast cancer, per 100,000",VNM,2004,SEX_BTSX,6.1,6.1
SA_0000001438,"Age-standardized death rates, breast cancer, per 100,000",KIR,2002,,10.2,10.20
SA_0000001438,"Age-standardized death rates, breast cancer, per 100,000",BEL,2004,SEX_FMLE,28.1,28.1
SA_0000001438,"Age-standardized death rates, breast cancer, per 100,000",SUR,2004,SEX_FMLE,16.5,16.5
SA_0000001438,"Age-standardized death rates, breast cancer, per 100,000",SYR,2004,SEX_BTSX,5.9,5.9
SA_0000001438,"Age-standardized death rates, breast cancer, per 100,000",GNB,2004,SEX_BTSX,18.5,18.5
SA_0000001438,"Age-standardized death rates, breast cancer, per 100,000",MRT,2004,SEX_FMLE,27.8,27.8
SA_0000001438,"Age-standardized death rates, breast cancer, per 100,000",SWZ,2004,SEX_MLE,0.0,0.0
SA_0000001438,"Age-standardized death rates, breast cancer, per 100,000",CAF,2004,SEX_MLE,0.0,0.0
SA_0000001438,"Age-standardized death rates, breast cancer, per 100,000",GIN,2002,,8.26,8.26
SA_0000001438,"Age-standardized death rates, breast cancer, per 100,000",BGR,2002,,9.55,9.55
SA_0000001438,"Age-standardized death rates, breast cancer, per 100,000",HUN,2004,SEX_BTSX,14.5,14.5
SA_0000001438,"Age-standardized death rates, breast cancer, per 100,000",DEU,2004,SEX_FMLE,23.3,23.3
SA_0000001438,"Age-standardized death rates, breast cancer, per 100,000",SVK,2004,SEX_MLE,0.3,0.3
SA_0000001438,"Age-standardized death rates, breast cancer, per 100,000",CYP,2002,,11.8,11.80
SA_0000001438,"Age-standardized death rates, breast cancer, per 100,000",DOM,2002,,7.93,7.93
SA_0000001438,"Age-standardized death rates, breast cancer, per 100,000",ARM,2004,SEX_FMLE,38.6,38.6
SA_0000001438,"Age-standardized death rates, breast cancer, per 100,000",PRK,2004,SEX_BTSX,5.1,5.1
SA_0000001438,"Age-standardized death rates, breast cancer, per 100,000",RWA,2004,SEX_FMLE,6.3,6.3
SA_0000001438,"Age-standardized death rates, breast cancer, per 100,000",BHS,2004,SEX_BTSX,15.5,15.5
SA_0000001438,"Age-standardized death rates, breast cancer, per 100,000",SMR,2004,SEX_FMLE,12.1,12.1
SA_0000001438,"Age-standardized death rates, breast cancer, per 100,000",TZA,2004,SEX_FMLE,19.1,19.1
SA_0000001438,"Age-standardized death rates, breast cancer, per 100,000",COM,2004,SEX_MLE,0.0,0.0
SA_0000001438,"Age-standardized death rates, breast cancer, per 100,000",ARG,2004,SEX_FMLE,25.8,25.8
SA_0000001438,"Age-standardized death rates, breast cancer, per 100,000",VUT,2004,SEX_BTSX,9.3,9.3
SA_0000001438,"Age-standardized death rates, breast cancer, per 100,000",SYC,2004,SEX_FMLE,18.0,18.0
SA_0000001438,"Age-standardized death rates, breast cancer, per 100,000",SYC,2004,SEX_MLE,2.6,2.6
SA_0000001438,"Age-standardized death rates, breast cancer, per 100,000",DOM,2004,SEX_FMLE,23.1,23.1
SA_0000001438,"Age-standardized death rates, breast cancer, per 100,000",BTN,2004,SEX_BTSX,7.6,7.6
SA_0000001438,"Age-standardized death rates, breast cancer, per 100,000",GNB,2004,SEX_FMLE,34.2,34.2
SA_0000001438,"Age-standardized death rates, breast cancer, per 100,000",EGY,2004,SEX_BTSX,8.7,8.7
SA_0000001438,"Age-standardized death rates, breast cancer, per 100,000",GNB,2002,,18.32,18.32
SA_0000001438,"Age-standardized death rates, breast cancer, per 100,000",POL,2004,SEX_BTSX,11.4,11.4
SA_0000001438,"Age-standardized death rates, breast cancer, per 100,000",ETH,2004,SEX_FMLE,18.4,18.4
SA_0000001438,"Age-standardized death rates, breast cancer, per 100,000",SDN,2002,,13.71,13.71
SA_0000001438,"Age-standardized death rates, breast cancer, per 100,000",WSM,2004,SEX_BTSX,11.9,11.9
SA_0000001438,"Age-standardized death rates, breast cancer, per 100,000",LBR,2004,SEX_MLE,0.0,0.0
SA_0000001438,"Age-standardized death rates, breast cancer, per 100,000",IRQ,2004,SEX_MLE,0.0,0.0
SA_0000001438,"Age-standardized death rates, breast cancer, per 100,000",SOM,2004,SEX_MLE,0.0,0.0
SA_0000001438,"Age-standardized death rates, breast cancer, per 100,000",LCA,2004,SEX_FMLE,20.7,20.7
SA_0000001438,"Age-standardized death rates, breast cancer, per 100,000",DOM,2004,SEX_BTSX,11.6,11.6
SA_0000001438,"Age-standardized death rates, breast cancer, per 100,000",ZAF,2004,SEX_BTSX,15.0,15.0
SA_0000001438,"Age-standardized death rates, breast cancer, per 100,000",THA,2004,SEX_MLE,0.0,0.0
SA_0000001438,"Age-standardized death rates, breast cancer, per 100,000",ZWE,2004,SEX_BTSX,6.5,6.5
SA_0000001438,"Age-standardized death rates, breast cancer, per 100,000",NAM,2004,SEX_BTSX,9.3,9.3
SA_0000001438,"Age-standardized death rates, breast cancer, per 100,000",PAK,2004,SEX_FMLE,26.3,26.3
SA_0000001438,"Age-standardized death rates, breast cancer, per 100,000",CHN,2002,,4.51,4.51
SA_0000001438,"Age-standardized death rates, breast cancer, per 100,000",GMB,2004,SEX_BTSX,5.3,5.3
SA_0000001438,"Age-standardized death rates, breast cancer, per 100,000",ESP,2002,,9.27,9.27
SA_0000001438,"Age-standardized death rates, breast cancer, per 100,000",GHA,2004,SEX_MLE,0.0,0.0
SA_0000001438,"Age-standardized death rates, breast cancer, per 100,000",ISL,2004,SEX_MLE,0.3,0.3
SA_0000001438,"Age-standardized death rates, breast cancer, per 100,000",LKA,2004,SEX_BTSX,10.2,10.2
SA_0000001438,"Age-standardized death rates, breast cancer, per 100,000",SYR,2004,SEX_FMLE,11.3,11.3
SA_0000001438,"Age-standardized death rates, breast cancer, per 100,000",NLD,2004,SEX_BTSX,15.0,15.0
SA_0000001438,"Age-standardized death rates, breast cancer, per 100,000",PER,2004,SEX_BTSX,10.5,10.5
SA_0000001438,"Age-standardized death rates, breast cancer, per 100,000",KGZ,2002,,7.52,7.52
SA_0000001438,"Age-standardized death rates, breast cancer, per 100,000",CZE,2004,SEX_BTSX,12.8,12.8
SA_0000001438,"Age-standardized death rates, breast cancer, per 100,000",KIR,2004,SEX_BTSX,10.0,10.0
SA_0000001438,"Age-standardized death rates, breast cancer, per 100,000",SLB,2002,,6.19,6.19
SA_0000001438,"Age-standardized death rates, breast cancer, per 100,000",LBN,2004,SEX_FMLE,18.4,18.4
SA_0000001438,"Age-standardized death rates, breast cancer, per 100,000",CHL,2004,SEX_MLE,0.1,0.1
SA_0000001438,"Age-standardized death rates, breast cancer, per 100,000",MNG,2002,,3.75,3.75
SA_0000001438,"Age-standardized death rates, breast cancer, per 100,000",TKM,2002,,5.08,5.08
SA_0000001438,"Age-standardized death rates, breast cancer, per 100,000",VCT,2004,SEX_FMLE,25.5,25.5
SA_0000001438,"Age-standardized death rates, breast cancer, per 100,000",BLZ,2004,SEX_BTSX,5.8,5.8
SA_0000001438,"Age-standardized death rates, breast cancer, per 100,000",THA,2004,SEX_BTSX,6.7,6.7
SA_0000001438,"Age-standardized death rates, breast cancer, per 100,000",GMB,2002,,5.2,5.20
SA_0000001438,"Age-standardized death rates, breast cancer, per 100,000",GEO,2004,SEX_MLE,0.0,0.0
SA_0000001438,"Age-standardized death rates, breast cancer, per 100,000",ERI,2004,SEX_MLE,0.0,0.0
SA_0000001438,"Age-standardized death rates, breast cancer, per 100,000",YEM,2004,SEX_BTSX,12.5,12.5
SA_0000001438,"Age-standardized death rates, breast cancer, per 100,000",BGR,2004,SEX_FMLE,18.0,18.0
SA_0000001438,"Age-standardized death rates, breast cancer, per 100,000",LBR,2002,,16.96,16.96
SA_0000001438,"Age-standardized death rates, breast cancer, per 100,000",FSM,2004,SEX_FMLE,12.1,12.1
SA_0000001438,"Age-standardized death rates, breast cancer, per 100,000",CAN,2004,SEX_FMLE,22.1,22.1
SA_0000001438,"Age-standardized death rates, breast cancer, per 100,000",BHR,2004,SEX_BTSX,9.1,9.1
SA_0000001438,"Age-standardized death rates, breast cancer, per 100,000",CMR,2002,,6.67,6.67
SA_0000001438,"Age-standardized death rates, breast cancer, per 100,000",BIH,2004,SEX_BTSX,7.8,7.8
SA_0000001438,"Age-standardized death rates, breast cancer, per 100,000",PRT,2004,SEX_FMLE,18.9,18.9
SA_0000001438,"Age-standardized death rates, breast cancer, per 100,000",NGA,2004,SEX_MLE,0.0,0.0
SA_0000001438,"Age-standardized death rates, breast cancer, per 100,000",KHM,2004,SEX_BTSX,14.6,14.6
SA_0000001438,"Age-standardized death rates, breast cancer, per 100,000",NZL,2002,,12.11,12.11
SA_0000001438,"Age-standardized death rates, breast cancer, per 100,000",GNQ,2004,SEX_BTSX,10.2,10.2
SA_0000001438,"Age-standardized death rates, breast cancer, per 100,000",CIV,2004,SEX_BTSX,15.6,15.6
SA_0000001438,"Age-standardized death rates, breast cancer, per 100,000",YEM,2002,,11.54,11.54
SA_0000001438,"Age-standardized death rates, breast cancer, per 100,000",BHS,2004,SEX_FMLE,28.4,28.4
SA_0000001438,"Age-standardized death rates, breast cancer, per 100,000",FJI,2002,,6.8,6.80
SA_0000001438,"Age-standardized death rates, breast cancer, per 100,000",MCO,2004,SEX_BTSX,9.9,9.9
SA_0000001438,"Age-standardized death rates, breast cancer, per 100,000",MMR,2004,SEX_BTSX,8.0,8.0
SA_0000001438,"Age-standardized death rates, breast cancer, per 100,000",TTO,2004,SEX_BTSX,13.9,13.9
SA_0000001438,"Age-standardized death rates, breast cancer, per 100,000",ETH,2004,SEX_MLE,0.0,0.0
SA_0000001438,"Age-standardized death rates, breast cancer, per 100,000",CMR,2004,SEX_MLE,0.0,0.0
SA_0000001438,"Age-standardized death rates, breast cancer, per 100,000",KWT,2004,SEX_FMLE,13.8,13.8
SA_0000001438,"Age-standardized death rates, breast cancer, per 100,000",ISR,2004,SEX_FMLE,25.1,25.1
SA_0000001438,"Age-standardized death rates, breast cancer, per 100,000",MOZ,2004,SEX_MLE,0.0,0.0
SA_0000001438,"Age-standardized death rates, breast cancer, per 100,000",BIH,2002,,7.87,7.87
SA_0000001438,"Age-standardized death rates, breast cancer, per 100,000",GTM,2002,,2.27,2.27
SA_0000001438,"Age-standardized death rates, breast cancer, per 100,000",AUT,2002,,11.61,11.61
SA_0000001438,"Age-standardized death rates, breast cancer, per 100,000",GHA,2004,SEX_BTSX,13.0,13.0
SA_0000001438,"Age-standardized death rates, breast cancer, per 100,000",IND,2004,SEX_MLE,0.0,0.0
SA_0000001438,"Age-standardized death rates, breast cancer, per 100,000",AFG,2004,SEX_FMLE,29.6,29.6
SA_0000001438,"Age-standardized death rates, breast cancer, per 100,000",IRQ,2002,,11.9,11.90
SA_0000001438,"Age-standardized death rates, breast cancer, per 100,000",TJK,2004,SEX_BTSX,5.0,5.0
SA_0000001438,"Age-standardized death rates, breast cancer, per 100,000",KGZ,2004,SEX_BTSX,7.7,7.7
SA_0000001438,"Age-standardized death rates, breast cancer, per 100,000",RUS,2002,,12.13,12.13
SA_0000001438,"Age-standardized death rates, breast cancer, per 100,000",TUN,2004,SEX_MLE,0.0,0.0
SA_0000001438,"Age-standardized death rates, breast cancer, per 100,000",THA,2002,,6.85,6.85
SA_0000001438,"Age-standardized death rates, breast cancer, per 100,000",COM,2004,SEX_BTSX,6.9,6.9
SA_0000001438,"Age-standardized death rates, breast cancer, per 100,000",ZMB,2004,SEX_BTSX,7.4,7.4
SA_0000001438,"Age-standardized death rates, breast cancer, per 100,000",MNG,2004,SEX_FMLE,6.1,6.1
SA_0000001438,"Age-standardized death rates, breast cancer, per 100,000",MDV,2004,SEX_MLE,0.2,0.2
SA_0000001438,"Age-standardized death rates, breast cancer, per 100,000",TGO,2004,SEX_BTSX,16.2,16.2
SA_0000001438,"Age-standardized death rates, breast cancer, per 100,000",CPV,2004,SEX_BTSX,12.6,12.6
SA_0000001438,"Age-standardized death rates, breast cancer, per 100,000",SGP,2002,,8.85,8.85
SA_0000001438,"Age-standardized death rates, breast cancer, per 100,000",TGO,2004,SEX_MLE,0.0,0.0
SA_0000001438,"Age-standardized death rates, breast cancer, per 100,000",TLS,2004,SEX_FMLE,18.2,18.2
SA_0000001438,"Age-standardized death rates, breast cancer, per 100,000",AGO,2004,SEX_BTSX,18.9,18.9
SA_0000001438,"Age-standardized death rates, breast cancer, per 100,000",JOR,2004,SEX_MLE,0.0,0.0
SA_0000001438,"Age-standardized death rates, breast cancer, per 100,000",URY,2004,SEX_FMLE,29.7,29.7
SA_0000001438,"Age-standardized death rates, breast cancer, per 100,000",CHE,2002,,9.45,9.45
SA_0000001438,"Age-standardized death rates, breast cancer, per 100,000",AUT,2004,SEX_FMLE,20.1,20.1
SA_0000001438,"Age-standardized death rates, breast cancer, per 100,000",SAU,2004,SEX_BTSX,7.3,7.3
SA_0000001438,"Age-standardized death rates, breast cancer, per 100,000",TUN,2004,SEX_BTSX,4.8,4.8
SA_0000001438,"Age-standardized death rates, breast cancer, per 100,000",KEN,2004,SEX_MLE,0.0,0.0
SA_0000001438,"Age-standardized death rates, breast cancer, per 100,000",STP,2004,SEX_BTSX,8.9,8.9
SA_0000001438,"Age-standardized death rates, breast cancer, per 100,000",ISL,2004,SEX_BTSX,10.8,10.8
SA_0000001438,"Age-standardized death rates, breast cancer, per 100,000",MDG,2004,SEX_FMLE,14.6,14.6
SA_0000001438,"Age-standardized death rates, breast cancer, per 100,000",LKA,2004,SEX_MLE,0.0,0.0
SA_0000001438,"Age-standardized death rates, breast cancer, per 100,000",CIV,2004,SEX_FMLE,32.3,32.3
SA_0000001438,"Age-standardized death rates, breast cancer, per 100,000",PNG,2002,,6.29,6.29
SA_0000001438,"Age-standardized death rates, breast cancer, per 100,000",CUB,2004,SEX_MLE,0.0,0.0
SA_0000001438,"Age-standardized death rates, breast cancer, per 100,000",TON,2004,SEX_FMLE,14.8,14.8
SA_0000001438,"Age-standardized death rates, breast cancer, per 100,000",KAZ,2004,SEX_MLE,0.0,0.0
SA_0000001438,"Age-standardized death rates, breast cancer, per 100,000",UGA,2004,SEX_FMLE,15.4,15.4
SA_0000001438,"Age-standardized death rates, breast cancer, per 100,000",LVA,2002,,12.35,12.35
SA_0000001438,"Age-standardized death rates, breast cancer, per 100,000",ATG,2004,SEX_BTSX,19.8,19.8
SA_0000001438,"Age-standardized death rates, breast cancer, per 100,000",LKA,2002,,3.27,3.27
SA_0000001438,"Age-standardized death rates, breast cancer, per 100,000",PHL,2002,,8.34,8.34
SA_0000001438,"Age-standardized death rates, breast cancer, per 100,000",LAO,2004,SEX_FMLE,11.7,11.7
SA_0000001438,"Age-standardized death rates, breast cancer, per 100,000",LVA,2004,SEX_MLE,0.1,0.1
SA_0000001438,"Age-standardized death rates, breast cancer, per 100,000",UZB,2002,,5.82,5.82
SA_0000001438,"Age-standardized death rates, breast cancer, per 100,000",LCA,2004,SEX_MLE,0.6,0.6
SA_0000001438,"Age-standardized death rates, breast cancer, per 100,000",ERI,2004,SEX_BTSX,7.4,7.4
SA_0000001438,"Age-standardized death rates, breast cancer, per 100,000",NRU,2002,,11.06,11.06
SA_0000001438,"Age-standardized death rates, breast cancer, per 100,000",BHS,2004,SEX_MLE,0.0,0.0
SA_0000001438,"Age-standardized death rates, breast cancer, per 100,000",COM,2002,,7.8,7.80
SA_0000001438,"Age-standardized death rates, breast cancer, per 100,000",YEM,2004,SEX_MLE,0.0,0.0
SA_0000001438,"Age-standardized death rates, breast cancer, per 100,000",ISR,2004,SEX_BTSX,14.1,14.1
SA_0000001438,"Age-standardized death rates, breast cancer, per 100,000",CRI,2004,SEX_MLE,0.3,0.3
SA_0000001438,"Age-standardized death rates, breast cancer, per 100,000",RWA,2004,SEX_BTSX,3.6,3.6
SA_0000001438,"Age-standardized death rates, breast cancer, per 100,000",PRY,2002,,10.03,10.03
SA_0000001438,"Age-standardized death rates, breast cancer, per 100,000",MLT,2004,SEX_MLE,0.5,0.5
SA_0000001438,"Age-standardized death rates, breast cancer, per 100,000",PAN,2002,,7.83,7.83
SA_0000001438,"Age-standardized death rates, breast cancer, per 100,000",AUS,2004,SEX_FMLE,20.3,20.3
SA_0000001438,"Age-standardized death rates, breast cancer, per 100,000",MAR,2004,SEX_FMLE,11.5,11.5
SA_0000001438,"Age-standardized death rates, breast cancer, per 100,000",CMR,2004,SEX_BTSX,17.9,17.9
SA_0000001438,"Age-standardized death rates, breast cancer, per 100,000",UKR,2004,SEX_BTSX,12.4,12.4
SA_0000001438,"Age-standardized death rates, breast cancer, per 100,000",SGP,2004,SEX_FMLE,15.5,15.5
SA_0000001438,"Age-standardized death rates, breast cancer, per 100,000",MUS,2002,,6.62,6.62
SA_0000001438,"Age-standardized death rates, breast cancer, per 100,000",GNQ,2002,,7.1,7.10
SA_0000001438,"Age-standardized death rates, breast cancer, per 100,000",ERI,2002,,8.77,8.77
SA_0000001438,"Age-standardized death rates, breast cancer, per 100,000",POL,2004,SEX_FMLE,19.8,19.8
SA_0000001438,"Age-standardized death rates, breast cancer, per 100,000",NGA,2002,,20.57,20.57
SA_0000001438,"Age-standardized death rates, breast cancer, per 100,000",BLR,2002,,10.55,10.55
SA_0000001438,"Age-standardized death rates, breast cancer, per 100,000",ISL,2002,,12.5,12.50
SA_0000001438,"Age-standardized death rates, breast cancer, per 100,000",SVN,2004,SEX_MLE,0.1,0.1
SA_0000001438,"Age-standardized death rates, breast cancer, per 100,000",CAF,2004,SEX_BTSX,10.1,10.1
SA_0000001438,"Age-standardized death rates, breast cancer, per 100,000",SLV,2004,SEX_FMLE,7.6,7.6
SA_0000001438,"Age-standardized death rates, breast cancer, per 100,000",MOZ,2004,SEX_FMLE,2.9,2.9
SA_0000001438,"Age-standardized death rates, breast cancer, per 100,000",OMN,2004,SEX_MLE,0.0,0.0
SA_0000001438,"Age-standardized death rates, breast cancer, per 100,000",AFG,2002,,16.25,16.25
SA_0000001438,"Age-standardized death rates, breast cancer, per 100,000",OMN,2004,SEX_BTSX,5.2,5.2
SA_0000001438,"Age-standardized death rates, breast cancer, per 100,000",FIN,2004,SEX_BTSX,9.8,9.8
SA_0000001438,"Age-standardized death rates, breast cancer, per 100,000",ISR,2004,SEX_MLE,0.8,0.8
SA_0000001438,"Age-standardized death rates, breast cancer, per 100,000",BFA,2004,SEX_FMLE,38.9,38.9
SA_0000001438,"Age-standardized death rates, breast cancer, per 100,000",PRY,2004,SEX_FMLE,20.2,20.2
SA_0000001438,"Age-standardized death rates, breast cancer, per 100,000",JOR,2004,SEX_BTSX,14.2,14.2
SA_0000001438,"Age-standardized death rates, breast cancer, per 100,000",COK,2004,SEX_MLE,0.2,0.2
SA_0000001438,"Age-standardized death rates, breast cancer, per 100,000",USA,2004,SEX_BTSX,11.3,11.3
SA_0000001438,"Age-standardized death rates, breast cancer, per 100,000",PRK,2004,SEX_FMLE,9.5,9.5
SA_0000001438,"Age-standardized death rates, breast cancer, per 100,000",NIC,2004,SEX_MLE,0.0,0.0
SA_0000001438,"Age-standardized death rates, breast cancer, per 100,000",MLT,2002,,15.73,15.73
SA_0000001438,"Age-standardized death rates, breast cancer, per 100,000",ISL,2004,SEX_FMLE,20.4,20.4
SA_0000001438,"Age-standardized death rates, breast cancer, per 100,000",ATG,2004,SEX_FMLE,37.7,37.7
SA_0000001438,"Age-standardized death rates, breast cancer, per 100,000",MAR,2004,SEX_BTSX,5.9,5.9
SA_0000001438,"Age-standardized death rates, breast cancer, per 100,000",MHL,2004,SEX_MLE,0.7,0.7
SA_0000001438,"Age-standardized death rates, breast cancer, per 100,000",CPV,2004,SEX_MLE,0.0,0.0
SA_0000001438,"Age-standardized death rates, breast cancer, per 100,000",AZE,2004,SEX_BTSX,9.7,9.7
SA_0000001438,"Age-standardized death rates, breast cancer, per 100,000",MHL,2004,SEX_BTSX,10.6,10.6
SA_0000001438,"Age-standardized death rates, breast cancer, per 100,000",HTI,2004,SEX_FMLE,2.3,2.3
SA_0000001438,"Age-standardized death rates, breast cancer, per 100,000",ITA,2004,SEX_FMLE,20.1,20.1
SA_0000001438,"Age-standardized death rates, breast cancer, per 100,000",ALB,2004,SEX_MLE,0.0,0.0
SA_0000001438,"Age-standardized death rates, breast cancer, per 100,000",SVN,2004,SEX_BTSX,12.9,12.9
SA_0000001438,"Age-standardized death rates, breast cancer, per 100,000",BRN,2004,SEX_MLE,0.0,0.0
SA_0000001438,"Age-standardized death rates, breast cancer, per 100,000",EGY,2002,,9.19,9.19
SA_0000001438,"Age-standardized death rates, breast cancer, per 100,000",TKM,2004,SEX_BTSX,5.2,5.2
SA_0000001438,"Age-standardized death rates, breast cancer, per 100,000",TCD,2002,,7.41,7.41
SA_0000001438,"Age-standardized death rates, breast cancer, per 100,000",GBR,2004,SEX_FMLE,26.6,26.6
SA_0000001438,"Age-standardized death rates, breast cancer, per 100,000",UZB,2004,SEX_FMLE,9.7,9.7
SA_0000001438,"Age-standardized death rates, breast cancer, per 100,000",MYS,2002,,12.76,12.76
SA_0000001438,"Age-standardized death rates, breast cancer, per 100,000",COD,2004,SEX_FMLE,11.0,11.0
SA_0000001438,"Age-standardized death rates, breast cancer, per 100,000",VEN,2002,,8.44,8.44
SA_0000001438,"Age-standardized death rates, breast cancer, per 100,000",MLI,2004,SEX_MLE,0.0,0.0
SA_0000001438,"Age-standardized death rates, breast cancer, per 100,000",MWI,2004,SEX_MLE,0.0,0.0
SA_0000001438,"Age-standardized death rates, breast cancer, per 100,000",AUT,2004,SEX_MLE,0.2,0.2
SA_0000001438,"Age-standardized death rates, breast cancer, per 100,000",NAM,2004,SEX_FMLE,16.2,16.2
SA_0000001438,"Age-standardized death rates, breast cancer, per 100,000",BDI,2004,SEX_BTSX,9.8,9.8
SA_0000001438,"Age-standardized death rates, breast cancer, per 100,000",ARG,2004,SEX_MLE,0.2,0.2
SA_0000001438,"Age-standardized death rates, breast cancer, per 100,000",ZAF,2004,SEX_FMLE,25.7,25.7
SA_0000001438,"Age-standardized death rates, breast cancer, per 100,000",CRI,2002,,8.51,8.51
SA_0000001438,"Age-standardized death rates, breast cancer, per 100,000",GEO,2002,,12.78,12.78
SA_0000001438,"Age-standardized death rates, breast cancer, per 100,000",VEN,2004,SEX_MLE,0.2,0.2
SA_0000001438,"Age-standardized death rates, breast cancer, per 100,000",LBN,2004,SEX_BTSX,9.7,9.7
SA_0000001438,"Age-standardized death rates, breast cancer, per 100,000",NZL,2004,SEX_FMLE,24.2,24.2
SA_0000001438,"Age-standardized death rates, breast cancer, per 100,000",IRL,2004,SEX_MLE,0.1,0.1
SA_0000001438,"Age-standardized death rates, breast cancer, per 100,000",DEU,2004,SEX_MLE,0.3,0.3
SA_0000001438,"Age-standardized death rates, breast cancer, per 100,000",NPL,2004,SEX_FMLE,20.1,20.1
SA_0000001438,"Age-standardized death rates, breast cancer, per 100,000",ZMB,2004,SEX_FMLE,13.2,13.2
SA_0000001438,"Age-standardized death rates, breast cancer, per 100,000",GIN,2004,SEX_BTSX,9.2,9.2
SA_0000001438,"Age-standardized death rates, breast cancer, per 100,000",AGO,2004,SEX_FMLE,34.5,34.5
SA_0000001438,"Age-standardized death rates, breast cancer, per 100,000",GRC,2004,SEX_MLE,0.4,0.4
SA_0000001438,"Age-standardized death rates, breast cancer, per 100,000",LAO,2002,,6.49,6.49
SA_0000001438,"Age-standardized death rates, breast cancer, per 100,000",HUN,2004,SEX_MLE,0.5,0.5
SA_0000001438,"Age-standardized death rates, breast cancer, per 100,000",PAN,2004,SEX_MLE,0.0,0.0
SA_0000001438,"Age-standardized death rates, breast cancer, per 100,000",SEN,2004,SEX_BTSX,10.9,10.9
SA_0000001438,"Age-standardized death rates, breast cancer, per 100,000",ITA,2004,SEX_MLE,0.2,0.2
SA_0000001438,"Age-standardized death rates, breast cancer, per 100,000",KGZ,2004,SEX_FMLE,13.8,13.8
SA_0000001438,"Age-standardized death rates, breast cancer, per 100,000",ARG,2004,SEX_BTSX,14.5,14.5
SA_0000001438,"Age-standardized death rates, breast cancer, per 100,000",COG,2004,SEX_BTSX,9.8,9.8
SA_0000001438,"Age-standardized death rates, breast cancer, per 100,000",SGP,2004,SEX_MLE,0.1,0.1
SA_0000001438,"Age-standardized death rates, breast cancer, per 100,000",STP,2004,SEX_FMLE,16.0,16.0
SA_0000001438,"Age-standardized death rates, breast cancer, per 100,000",COG,2002,,11.49,11.49
SA_0000001438,"Age-standardized death rates, breast cancer, per 100,000",GIN,2004,SEX_MLE,0.0,0.0
SA_0000001438,"Age-standardized death rates, breast cancer, per 100,000",GEO,2004,SEX_FMLE,16.6,16.6
SA_0000001438,"Age-standardized death rates, breast cancer, per 100,000",IRL,2002,,15.31,15.31
SA_0000001438,"Age-standardized death rates, breast cancer, per 100,000",TUV,2004,SEX_FMLE,21.1,21.1
SA_0000001438,"Age-standardized death rates, breast cancer, per 100,000",KNA,2002,,13.88,13.88
SA_0000001438,"Age-standardized death rates, breast cancer, per 100,000",CHL,2004,SEX_FMLE,13.5,13.5
SA_0000001438,"Age-standardized death rates, breast cancer, per 100,000",LBY,2004,SEX_MLE,0.0,0.0
SA_0000001438,"Age-standardized death rates, breast cancer, per 100,000",DZA,2002,,9.66,9.66
SA_0000001438,"Age-standardized death rates, breast cancer, per 100,000",FIN,2002,,10.76,10.76
SA_0000001438,"Age-standardized death rates, breast cancer, per 100,000",COD,2004,SEX_MLE,0.0,0.0
SA_0000001438,"Age-standardized death rates, breast cancer, per 100,000",AUS,2002,,10.02,10.02
SA_0000001438,"Age-standardized death rates, breast cancer, per 100,000",LTU,2004,SEX_MLE,0.2,0.2
SA_0000001438,"Age-standardized death rates, breast cancer, per 100,000",FJI,2004,SEX_BTSX,9.9,9.9
SA_0000001438,"Age-standardized death rates, breast cancer, per 100,000",SMR,2002,,6.74,6.74
SA_0000001438,"Age-standardized death rates, breast cancer, per 100,000",KNA,2004,SEX_MLE,0.0,0.0
SA_0000001438,"Age-standardized death rates, breast cancer, per 100,000",CIV,2004,SEX_MLE,0.0,0.0
SA_0000001438,"Age-standardized death rates, breast cancer, per 100,000",IRL,2004,SEX_BTSX,14.5,14.5
SA_0000001438,"Age-standardized death rates, breast cancer, per 100,000",LBN,2002,,11.33,11.33
SA_0000001438,"Age-standardized death rates, breast cancer, per 100,000",POL,2002,,11.48,11.48
SA_0000001438,"Age-standardized death rates, breast cancer, per 100,000",SLB,2004,SEX_MLE,0.0,0.0
SA_0000001438,"Age-standardized death rates, breast cancer, per 100,000",SAU,2004,SEX_MLE,0.0,0.0
SA_0000001438,"Age-standardized death rates, breast cancer, per 100,000",MKD,2004,SEX_MLE,1.0,1.0
NCD_CCS_breastcancerscreening,Existence of national screening program for breast cancer,MKD,2019,,,Yes
NCD_CCS_breastcancerscreening,Existence of national screening program for breast cancer,URY,2017,,,Yes
NCD_CCS_breastcancerscreening,Existence of national screening program for breast cancer,LUX,2019,,,Yes
NCD_CCS_breastcancerscreening,Existence of national screening program for breast cancer,COG,2019,,,No
NCD_CCS_breastcancerscreening,Existence of national screening program for breast cancer,MNG,2017,,,Yes
NCD_CCS_breastcancerscreening,Existence of national screening program for breast cancer,GHA,2015,,,Yes
NCD_CCS_breastcancerscreening,Existence of national screening program for breast cancer,ISL,2017,,,Yes
NCD_CCS_breastcancerscreening,Existence of national screening program for breast cancer,KAZ,2015,,,Yes
NCD_CCS_breastcancerscreening,Existence of national screening program for breast cancer,SDN,2015,,,No
NCD_CCS_breastcancerscreening,Existence of national screening program for breast cancer,AND,2021,,,Yes
NCD_CCS_breastcancerscreening,Existence of national screening program for breast cancer,STP,2021,,,No
NCD_CCS_breastcancerscreening,Existence of national screening program for breast cancer,BRB,2019,,,No
NCD_CCS_breastcancerscreening,Existence of national screening program for breast cancer,HTI,2017,,,Yes
NCD_CCS_breastcancerscreening,Existence of national screening program for breast cancer,BOL,2015,,,Yes
NCD_CCS_breastcancerscreening,Existence of national screening program for breast cancer,NIC,2019,,,Yes
NCD_CCS_breastcancerscreening,Existence of national screening program for breast cancer,SLE,2019,,,No
NCD_CCS_breastcancerscreening,Existence of national screening program for breast cancer,PLW,2017,,,Yes
NCD_CCS_breastcancerscreening,Existence of national screening program for breast cancer,MOZ,2015,,,Yes
NCD_CCS_breastcancerscreening,Existence of national screening program for breast cancer,CUB,2021,,,Yes
NCD_CCS_breastcancerscreening,Existence of national screening program for breast cancer,AND,2019,,,Yes
NCD_CCS_breastcancerscreening,Existence of national screening program for breast cancer,TJK,2017,,,Yes
NCD_CCS_breastcancerscreening,Existence of national screening program for breast cancer,BHR,2015,,,Yes
NCD_CCS_breastcancerscreening,Existence of national screening program for breast cancer,WSM,2017,,,No
NCD_CCS_breastcancerscreening,Existence of national screening program for breast cancer,LBY,2021,,,No
NCD_CCS_breastcancerscreening,Existence of national screening program for breast cancer,NPL,2015,,,No
NCD_CCS_breastcancerscreening,Existence of national screening program for breast cancer,TON,2015,,,Yes
NCD_CCS_breastcancerscreening,Existence of national screening program for breast cancer,GBR,2019,,,Yes
NCD_CCS_breastcancerscreening,Existence of national screening program for breast cancer,PRT,2017,,,Yes
NCD_CCS_breastcancerscreening,Existence of national screening program for breast cancer,AUS,2017,,,Yes
NCD_CCS_breastcancerscreening,Existence of national screening program for breast cancer,SLE,2015,,,No
NCD_CCS_breastcancerscreening,Existence of national screening program for breast cancer,BEL,2015,,,Yes
NCD_CCS_breastcancerscreening,Existence of national screening program for breast cancer,MAR,2015,,,Yes
NCD_CCS_breastcancerscreening,Existence of national screening program for breast cancer,BDI,2015,,,No
NCD_CCS_breastcancerscreening,Existence of national screening program for breast cancer,ECU,2017,,,Yes
NCD_CCS_breastcancerscreening,Existence of national screening program for breast cancer,ARG,2021,,,Yes
NCD_CCS_breastcancerscreening,Existence of national screening program for breast cancer,LTU,2017,,,Yes
NCD_CCS_breastcancerscreening,Existence of national screening program for breast cancer,ALB,2021,,,Yes
NCD_CCS_breastcancerscreening,Existence of national screening program for breast cancer,TUR,2017,,,Yes
NCD_CCS_breastcancerscreening,Existence of national screening program for breast cancer,MLT,2015,,,Yes
NCD_CCS_breastcancerscreening,Existence of national screening program for breast cancer,DZA,2021,,,Yes
NCD_CCS_breastcancerscreening,Existence of national screening program for breast cancer,GTM,2017,,,Yes
NCD_CCS_breastcancerscreening,Existence of national screening program for breast cancer,BHS,2017,,,No
NCD_CCS_breastcancerscreening,Existence of national screening program for breast cancer,MHL,2015,,,Yes
NCD_CCS_breastcancerscreening,Existence of national screening program for breast cancer,HND,2021,,,No
NCD_CCS_breastcancerscreening,Existence of national screening program for breast cancer,GIN,2021,,,Yes
NCD_CCS_breastcancerscreening,Existence of national screening program for breast cancer,ROU,2019,,,Yes
NCD_CCS_breastcancerscreening,Existence of national screening program for breast cancer,LKA,2019,,,Yes
NCD_CCS_breastcancerscreening,Existence of national screening program for breast cancer,EGY,2015,,,Yes
NCD_CCS_breastcancerscreening,Existence of national screening program for breast cancer,VUT,2019,,,Yes
NCD_CCS_breastcancerscreening,Existence of national screening program for breast cancer,KWT,2015,,,Yes
NCD_CCS_breastcancerscreening,Existence of national screening program for breast cancer,ZWE,2017,,,No
NCD_CCS_breastcancerscreening,Existence of national screening program for breast cancer,LTU,2019,,,Yes
NCD_CCS_breastcancerscreening,Existence of national screening program for breast cancer,IRL,2019,,,Yes
NCD_CCS_breastcancerscreening,Existence of national screening program for breast cancer,KEN,2015,,,No
NCD_CCS_breastcancerscreening,Existence of national screening program for breast cancer,KIR,2015,,,No response
NCD_CCS_breastcancerscreening,Existence of national screening program for breast cancer,HTI,2015,,,No
NCD_CCS_breastcancerscreening,Existence of national screening program for breast cancer,CPV,2019,,,No
NCD_CCS_breastcancerscreening,Existence of national screening program for breast cancer,LVA,2015,,,Yes
NCD_CCS_breastcancerscreening,Existence of national screening program for breast cancer,PRY,2015,,,Yes
NCD_CCS_breastcancerscreening,Existence of national screening program for breast cancer,PAN,2017,,,Yes
NCD_CCS_breastcancerscreening,Existence of national screening program for breast cancer,SWZ,2021,,,Yes
NCD_CCS_breastcancerscreening,Existence of national screening program for breast cancer,ITA,2017,,,Yes
NCD_CCS_breastcancerscreening,Existence of national screening program for breast cancer,HRV,2019,,,Yes
NCD_CCS_breastcancerscreening,Existence of national screening program for breast cancer,ERI,2015,,,Yes
NCD_CCS_breastcancerscreening,Existence of national screening program for breast cancer,BLZ,2021,,,No
NCD_CCS_breastcancerscreening,Existence of national screening program for breast cancer,IRQ,2019,,,Yes
NCD_CCS_breastcancerscreening,Existence of national screening program for breast cancer,CIV,2015,,,No data received
NCD_CCS_breastcancerscreening,Existence of national screening program for breast cancer,URY,2021,,,Yes
NCD_CCS_breastcancerscreening,Existence of national screening program for breast cancer,LTU,2021,,,Yes
NCD_CCS_breastcancerscreening,Existence of national screening program for breast cancer,PHL,2021,,,Yes
NCD_CCS_breastcancerscreening,Existence of national screening program for breast cancer,EST,2021,,,Yes
NCD_CCS_breastcancerscreening,Existence of national screening program for breast cancer,SAU,2021,,,Yes
NCD_CCS_breastcancerscreening,Existence of national screening program for breast cancer,SWZ,2017,,,Yes
NCD_CCS_breastcancerscreening,Existence of national screening program for breast cancer,TJK,2019,,,No
NCD_CCS_breastcancerscreening,Existence of national screening program for breast cancer,HND,2015,,,Yes
NCD_CCS_breastcancerscreening,Existence of national screening program for breast cancer,ISL,2015,,,Yes
NCD_CCS_breastcancerscreening,Existence of national screening program for breast cancer,USA,2017,,,Yes
NCD_CCS_breastcancerscreening,Existence of national screening program for breast cancer,SVK,2015,,,Yes
NCD_CCS_breastcancerscreening,Existence of national screening program for breast cancer,BRB,2015,,,No
NCD_CCS_breastcancerscreening,Existence of national screening program for breast cancer,CPV,2021,,,No
NCD_CCS_breastcancerscreening,Existence of national screening program for breast cancer,MKD,2015,,,Yes
NCD_CCS_breastcancerscreening,Existence of national screening program for breast cancer,TON,2021,,,Yes
NCD_CCS_breastcancerscreening,Existence of national screening program for breast cancer,GRD,2017,,,No
NCD_CCS_breastcancerscreening,Existence of national screening program for breast cancer,UGA,2021,,,No
NCD_CCS_breastcancerscreening,Existence of national screening program for breast cancer,ECU,2021,,,Yes
NCD_CCS_breastcancerscreening,Existence of national screening program for breast cancer,CZE,2021,,,Yes
NCD_CCS_breastcancerscreening,Existence of national screening program for breast cancer,GNQ,2019,,,No
NCD_CCS_breastcancerscreening,Existence of national screening program for breast cancer,GAB,2019,,,No
NCD_CCS_breastcancerscreening,Existence of national screening program for breast cancer,IDN,2021,,,Yes
NCD_CCS_breastcancerscreening,Existence of national screening program for breast cancer,FJI,2015,,,No
NCD_CCS_breastcancerscreening,Existence of national screening program for breast cancer,MLT,2021,,,Yes
NCD_CCS_breastcancerscreening,Existence of national screening program for breast cancer,SMR,2017,,,Yes
NCD_CCS_breastcancerscreening,Existence of national screening program for breast cancer,GEO,2017,,,Yes
NCD_CCS_breastcancerscreening,Existence of national screening program for breast cancer,JPN,2015,,,Yes
NCD_CCS_breastcancerscreening,Existence of national screening program for breast cancer,SSD,2019,,,No
NCD_CCS_breastcancerscreening,Existence of national screening program for breast cancer,BRB,2021,,,No
NCD_CCS_breastcancerscreening,Existence of national screening program for breast cancer,VEN,2021,,,Yes
NCD_CCS_breastcancerscreening,Existence of national screening program for breast cancer,SWE,2019,,,Yes
NCD_CCS_breastcancerscreening,Existence of national screening program for breast cancer,SLB,2017,,,No
NCD_CCS_breastcancerscreening,Existence of national screening program for breast cancer,COL,2021,,,Yes
NCD_CCS_breastcancerscreening,Existence of national screening program for breast cancer,MMR,2015,,,No
NCD_CCS_breastcancerscreening,Existence of national screening program for breast cancer,SYC,2021,,,No
NCD_CCS_breastcancerscreening,Existence of national screening program for breast cancer,NPL,2017,,,No
NCD_CCS_breastcancerscreening,Existence of national screening program for breast cancer,LBY,2019,,,No
NCD_CCS_breastcancerscreening,Existence of national screening program for breast cancer,CAN,2021,,,Yes
NCD_CCS_breastcancerscreening,Existence of national screening program for breast cancer,SOM,2015,,,No
NCD_CCS_breastcancerscreening,Existence of national screening program for breast cancer,AGO,2019,,,No
NCD_CCS_breastcancerscreening,Existence of national screening program for breast cancer,VUT,2021,,,Yes
NCD_CCS_breastcancerscreening,Existence of national screening program for breast cancer,ARE,2017,,,Yes
NCD_CCS_breastcancerscreening,Existence of national screening program for breast cancer,LSO,2019,,,No
NCD_CCS_breastcancerscreening,Existence of national screening program for breast cancer,SEN,2017,,,No
NCD_CCS_breastcancerscreening,Existence of national screening program for breast cancer,ZAF,2015,,,Yes
NCD_CCS_breastcancerscreening,Existence of national screening program for breast cancer,DJI,2019,,,Yes
NCD_CCS_breastcancerscreening,Existence of national screening program for breast cancer,GRD,2015,,,Yes
NCD_CCS_breastcancerscreening,Existence of national screening program for breast cancer,FJI,2017,,,No
NCD_CCS_breastcancerscreening,Existence of national screening program for breast cancer,BWA,2019,,,No
NCD_CCS_breastcancerscreening,Existence of national screening program for breast cancer,UKR,2019,,,Yes
NCD_CCS_breastcancerscreening,Existence of national screening program for breast cancer,VUT,2017,,,No
NCD_CCS_breastcancerscreening,Existence of national screening program for breast cancer,BWA,2021,,,No
NCD_CCS_breastcancerscreening,Existence of national screening program for breast cancer,IRQ,2015,,,Yes
NCD_CCS_breastcancerscreening,Existence of national screening program for breast cancer,THA,2021,,,Yes
NCD_CCS_breastcancerscreening,Existence of national screening program for breast cancer,PNG,2015,,,Yes
NCD_CCS_breastcancerscreening,Existence of national screening program for breast cancer,GRC,2019,,,Yes
NCD_CCS_breastcancerscreening,Existence of national screening program for breast cancer,SRB,2019,,,Yes
NCD_CCS_breastcancerscreening,Existence of national screening program for breast cancer,DJI,2021,,,No
NCD_CCS_breastcancerscreening,Existence of national screening program for breast cancer,IRN,2015,,,Yes
NCD_CCS_breastcancerscreening,Existence of national screening program for breast cancer,MYS,2021,,,Yes
NCD_CCS_breastcancerscreening,Existence of national screening program for breast cancer,NGA,2021,,,No
NCD_CCS_breastcancerscreening,Existence of national screening program for breast cancer,ETH,2019,,,Yes
NCD_CCS_breastcancerscreening,Existence of national screening program for breast cancer,FIN,2019,,,Yes
NCD_CCS_breastcancerscreening,Existence of national screening program for breast cancer,JAM,2017,,,Yes
NCD_CCS_breastcancerscreening,Existence of national screening program for breast cancer,RWA,2021,,,Yes
NCD_CCS_breastcancerscreening,Existence of national screening program for breast cancer,CYP,2019,,,Yes
NCD_CCS_breastcancerscreening,Existence of national screening program for breast cancer,PRT,2021,,,Yes
NCD_CCS_breastcancerscreening,Existence of national screening program for breast cancer,MWI,2015,,,Yes
NCD_CCS_breastcancerscreening,Existence of national screening program for breast cancer,MWI,2019,,,No
NCD_CCS_breastcancerscreening,Existence of national screening program for breast cancer,NER,2015,,,No
NCD_CCS_breastcancerscreening,Existence of national screening program for breast cancer,CMR,2017,,,No
NCD_CCS_breastcancerscreening,Existence of national screening program for breast cancer,LUX,2017,,,Yes
NCD_CCS_breastcancerscreening,Existence of national screening program for breast cancer,TUV,2015,,,No
NCD_CCS_breastcancerscreening,Existence of national screening program for breast cancer,PRT,2015,,,Yes
NCD_CCS_breastcancerscreening,Existence of national screening program for breast cancer,NPL,2021,,,No
NCD_CCS_breastcancerscreening,Existence of national screening program for breast cancer,IDN,2017,,,Yes
NCD_CCS_breastcancerscreening,Existence of national screening program for breast cancer,BHS,2015,,,Yes
NCD_CCS_breastcancerscreening,Existence of national screening program for breast cancer,TZA,2017,,,No
NCD_CCS_breastcancerscreening,Existence of national screening program for breast cancer,MDG,2015,,,No
NCD_CCS_breastcancerscreening,Existence of national screening program for breast cancer,UZB,2021,,,Yes
NCD_CCS_breastcancerscreening,Existence of national screening program for breast cancer,BLZ,2017,,,No
NCD_CCS_breastcancerscreening,Existence of national screening program for breast cancer,BGR,2015,,,No
NCD_CCS_breastcancerscreening,Existence of national screening program for breast cancer,GMB,2019,,,No
NCD_CCS_breastcancerscreening,Existence of national screening program for breast cancer,COG,2015,,,No
NCD_CCS_breastcancerscreening,Existence of national screening program for breast cancer,ESP,2021,,,Yes
NCD_CCS_breastcancerscreening,Existence of national screening program for breast cancer,CRI,2017,,,Yes
NCD_CCS_breastcancerscreening,Existence of national screening program for breast cancer,PNG,2019,,,No
NCD_CCS_breastcancerscreening,Existence of national screening program for breast cancer,MCO,2021,,,Yes
NCD_CCS_breastcancerscreening,Existence of national screening program for breast cancer,BOL,2021,,,No
NCD_CCS_breastcancerscreening,Existence of national screening program for breast cancer,DOM,2017,,,Yes
NCD_CCS_breastcancerscreening,Existence of national screening program for breast cancer,SLB,2015,,,No
NCD_CCS_breastcancerscreening,Existence of national screening program for breast cancer,MKD,2017,,,Yes
NCD_CCS_breastcancerscreening,Existence of national screening program for breast cancer,NER,2017,,,No
NCD_CCS_breastcancerscreening,Existence of national screening program for breast cancer,BGD,2019,,,Yes
NCD_CCS_breastcancerscreening,Existence of national screening program for breast cancer,SVK,2017,,,Yes
NCD_CCS_breastcancerscreening,Existence of national screening program for breast cancer,NRU,2017,,,No
NCD_CCS_breastcancerscreening,Existence of national screening program for breast cancer,FIN,2021,,,Yes
NCD_CCS_breastcancerscreening,Existence of national screening program for breast cancer,NGA,2019,,,No
NCD_CCS_breastcancerscreening,Existence of national screening program for breast cancer,COL,2017,,,Yes
NCD_CCS_breastcancerscreening,Existence of national screening program for breast cancer,GNB,2017,,,No
NCD_CCS_breastcancerscreening,Existence of national screening program for breast cancer,SGP,2021,,,Yes
NCD_CCS_breastcancerscreening,Existence of national screening program for breast cancer,UKR,2015,,,Yes
NCD_CCS_breastcancerscreening,Existence of national screening program for breast cancer,JAM,2021,,,No
NCD_CCS_breastcancerscreening,Existence of national screening program for breast cancer,CAF,2021,,,No
NCD_CCS_breastcancerscreening,Existence of national screening program for breast cancer,MHL,2021,,,Yes
NCD_CCS_breastcancerscreening,Existence of national screening program for breast cancer,TTO,2019,,,Don't know
NCD_CCS_breastcancerscreening,Existence of national screening program for breast cancer,LBR,2017,,,No
NCD_CCS_breastcancerscreening,Existence of national screening program for breast cancer,COL,2019,,,Yes
NCD_CCS_breastcancerscreening,Existence of national screening program for breast cancer,BRN,2017,,,No
NCD_CCS_breastcancerscreening,Existence of national screening program for breast cancer,IDN,2019,,,Yes
NCD_CCS_breastcancerscreening,Existence of national screening program for breast cancer,ROU,2015,,,No
NCD_CCS_breastcancerscreening,Existence of national screening program for breast cancer,COM,2019,,,Don't know
NCD_CCS_breastcancerscreening,Existence of national screening program for breast cancer,IRL,2017,,,Yes
NCD_CCS_breastcancerscreening,Existence of national screening program for breast cancer,MUS,2017,,,Yes
NCD_CCS_breastcancerscreening,Existence of national screening program for breast cancer,BHS,2021,,,No
NCD_CCS_breastcancerscreening,Existence of national screening program for breast cancer,ZMB,2019,,,No
NCD_CCS_breastcancerscreening,Existence of national screening program for breast cancer,KHM,2021,,,Yes
NCD_CCS_breastcancerscreening,Existence of national screening program for breast cancer,FSM,2015,,,Yes
NCD_CCS_breastcancerscreening,Existence of national screening program for breast cancer,OMN,2017,,,Yes
NCD_CCS_breastcancerscreening,Existence of national screening program for breast cancer,DZA,2019,,,Yes
NCD_CCS_breastcancerscreening,Existence of national screening program for breast cancer,MRT,2017,,,Yes
NCD_CCS_breastcancerscreening,Existence of national screening program for breast cancer,VNM,2019,,,Yes
NCD_CCS_breastcancerscreening,Existence of national screening program for breast cancer,SVK,2019,,,Yes
NCD_CCS_breastcancerscreening,Existence of national screening program for breast cancer,GNB,2021,,,No
NCD_CCS_breastcancerscreening,Existence of national screening program for breast cancer,DJI,2015,,,No data received
NCD_CCS_breastcancerscreening,Existence of national screening program for breast cancer,MUS,2021,,,No
NCD_CCS_breastcancerscreening,Existence of national screening program for breast cancer,CUB,2019,,,Yes
NCD_CCS_breastcancerscreening,Existence of national screening program for breast cancer,TUN,2019,,,Yes
NCD_CCS_breastcancerscreening,Existence of national screening program for breast cancer,FIN,2017,,,Yes
NCD_CCS_breastcancerscreening,Existence of national screening program for breast cancer,ROU,2021,,,Yes
NCD_CCS_breastcancerscreening,Existence of national screening program for breast cancer,PAN,2019,,,Yes
NCD_CCS_breastcancerscreening,Existence of national screening program for breast cancer,USA,2019,,,Yes
NCD_CCS_breastcancerscreening,Existence of national screening program for breast cancer,TTO,2021,,,Don't know
NCD_CCS_breastcancerscreening,Existence of national screening program for breast cancer,LVA,2021,,,Yes
NCD_CCS_breastcancerscreening,Existence of national screening program for breast cancer,AZE,2017,,,No
NCD_CCS_breastcancerscreening,Existence of national screening program for breast cancer,DMA,2017,,,Yes
NCD_CCS_breastcancerscreening,Existence of national screening program for breast cancer,SLB,2021,,,Yes
NCD_CCS_breastcancerscreening,Existence of national screening program for breast cancer,SVN,2015,,,Yes
NCD_CCS_breastcancerscreening,Existence of national screening program for breast cancer,KEN,2021,,,Yes
NCD_CCS_breastcancerscreening,Existence of national screening program for breast cancer,FJI,2019,,,No
NCD_CCS_breastcancerscreening,Existence of national screening program for breast cancer,KHM,2019,,,No
NCD_CCS_breastcancerscreening,Existence of national screening program for breast cancer,MNE,2019,,,Yes
NCD_CCS_breastcancerscreening,Existence of national screening program for breast cancer,BGR,2019,,,Yes
NCD_CCS_breastcancerscreening,Existence of national screening program for breast cancer,FRA,2015,,,Yes
NCD_CCS_breastcancerscreening,Existence of national screening program for breast cancer,TUV,2017,,,No
NCD_CCS_breastcancerscreening,Existence of national screening program for breast cancer,BTN,2017,,,Yes
NCD_CCS_breastcancerscreening,Existence of national screening program for breast cancer,FRA,2017,,,Yes
NCD_CCS_breastcancerscreening,Existence of national screening program for breast cancer,MDA,2019,,,Yes
NCD_CCS_breastcancerscreening,Existence of national screening program for breast cancer,RWA,2015,,,Yes
NCD_CCS_breastcancerscreening,Existence of national screening program for breast cancer,COK,2017,,,Yes
NCD_CCS_breastcancerscreening,Existence of national screening program for breast cancer,ITA,2021,,,Yes
NCD_CCS_breastcancerscreening,Existence of national screening program for breast cancer,GUY,2021,,,No
NCD_CCS_breastcancerscreening,Existence of national screening program for breast cancer,SDN,2021,,,No
NCD_CCS_breastcancerscreening,Existence of national screening program for breast cancer,TUN,2015,,,No response
NCD_CCS_breastcancerscreening,Existence of national screening program for breast cancer,DNK,2017,,,Yes
NCD_CCS_breastcancerscreening,Existence of national screening program for breast cancer,PAK,2015,,,No
NCD_CCS_breastcancerscreening,Existence of national screening program for breast cancer,DEU,2021,,,Yes
NCD_CCS_breastcancerscreening,Existence of national screening program for breast cancer,NIU,2017,,,No
NCD_CCS_breastcancerscreening,Existence of national screening program for breast cancer,CHL,2021,,,Yes
NCD_CCS_breastcancerscreening,Existence of national screening program for breast cancer,SUR,2015,,,No
NCD_CCS_breastcancerscreening,Existence of national screening program for breast cancer,SDN,2019,,,No
NCD_CCS_breastcancerscreening,Existence of national screening program for breast cancer,COM,2015,,,No response
NCD_CCS_breastcancerscreening,Existence of national screening program for breast cancer,ESP,2015,,,Yes
NCD_CCS_breastcancerscreening,Existence of national screening program for breast cancer,SAU,2017,,,Yes
NCD_CCS_breastcancerscreening,Existence of national screening program for breast cancer,KGZ,2015,,,Yes
NCD_CCS_breastcancerscreening,Existence of national screening program for breast cancer,MRT,2015,,,No
NCD_CCS_breastcancerscreening,Existence of national screening program for breast cancer,MRT,2019,,,No
NCD_CCS_breastcancerscreening,Existence of national screening program for breast cancer,LBY,2017,,,No
NCD_CCS_breastcancerscreening,Existence of national screening program for breast cancer,SGP,2015,,,Yes
NCD_CCS_breastcancerscreening,Existence of national screening program for breast cancer,EGY,2021,,,No response
NCD_CCS_breastcancerscreening,Existence of national screening program for breast cancer,NOR,2019,,,Yes
NCD_CCS_breastcancerscreening,Existence of national screening program for breast cancer,SWZ,2015,,,Yes
NCD_CCS_breastcancerscreening,Existence of national screening program for breast cancer,TKM,2019,,,Yes
NCD_CCS_breastcancerscreening,Existence of national screening program for breast cancer,LBY,2015,,,No
NCD_CCS_breastcancerscreening,Existence of national screening program for breast cancer,SWE,2015,,,Yes
NCD_CCS_breastcancerscreening,Existence of national screening program for breast cancer,AUT,2017,,,Yes
NCD_CCS_breastcancerscreening,Existence of national screening program for breast cancer,SUR,2019,,,No
NCD_CCS_breastcancerscreening,Existence of national screening program for breast cancer,TGO,2017,,,No
NCD_CCS_breastcancerscreening,Existence of national screening program for breast cancer,ISR,2017,,,Yes
NCD_CCS_breastcancerscreening,Existence of national screening program for breast cancer,VEN,2017,,,Yes
NCD_CCS_breastcancerscreening,Existence of national screening program for breast cancer,KWT,2021,,,Yes
NCD_CCS_breastcancerscreening,Existence of national screening program for breast cancer,SLE,2017,,,No
NCD_CCS_breastcancerscreening,Existence of national screening program for breast cancer,GNQ,2021,,,No
NCD_CCS_breastcancerscreening,Existence of national screening program for breast cancer,VUT,2015,,,No
NCD_CCS_breastcancerscreening,Existence of national screening program for breast cancer,PER,2019,,,Yes
NCD_CCS_breastcancerscreening,Existence of national screening program for breast cancer,ZMB,2021,,,Don't know
NCD_CCS_breastcancerscreening,Existence of national screening program for breast cancer,ETH,2021,,,Yes
NCD_CCS_breastcancerscreening,Existence of national screening program for breast cancer,ETH,2015,,,No
NCD_CCS_breastcancerscreening,Existence of national screening program for breast cancer,BRA,2015,,,Yes
NCD_CCS_breastcancerscreening,Existence of national screening program for breast cancer,NLD,2019,,,Yes
NCD_CCS_breastcancerscreening,Existence of national screening program for breast cancer,ZWE,2019,,,No
NCD_CCS_breastcancerscreening,Existence of national screening program for breast cancer,GHA,2017,,,Yes
NCD_CCS_breastcancerscreening,Existence of national screening program for breast cancer,TKM,2015,,,Yes
NCD_CCS_breastcancerscreening,Existence of national screening program for breast cancer,AUT,2015,,,Yes
NCD_CCS_breastcancerscreening,Existence of national screening program for breast cancer,FSM,2019,,,Yes
NCD_CCS_breastcancerscreening,Existence of national screening program for breast cancer,NZL,2019,,,Yes
NCD_CCS_breastcancerscreening,Existence of national screening program for breast cancer,TUN,2017,,,Yes
NCD_CCS_breastcancerscreening,Existence of national screening program for breast cancer,LVA,2019,,,Yes
NCD_CCS_breastcancerscreening,Existence of national screening program for breast cancer,DZA,2017,,,Yes
NCD_CCS_breastcancerscreening,Existence of national screening program for breast cancer,IDN,2015,,,Yes
NCD_CCS_breastcancerscreening,Existence of national screening program for breast cancer,WSM,2021,,,No
NCD_CCS_breastcancerscreening,Existence of national screening program for breast cancer,BDI,2021,,,No
NCD_CCS_breastcancerscreening,Existence of national screening program for breast cancer,KNA,2017,,,Yes
NCD_CCS_breastcancerscreening,Existence of national screening program for breast cancer,CHE,2021,,,Yes
NCD_CCS_breastcancerscreening,Existence of national screening program for breast cancer,AZE,2021,,,No
NCD_CCS_breastcancerscreening,Existence of national screening program for breast cancer,LCA,2021,,,No
NCD_CCS_breastcancerscreening,Existence of national screening program for breast cancer,POL,2015,,,Yes
NCD_CCS_breastcancerscreening,Existence of national screening program for breast cancer,CMR,2021,,,No
NCD_CCS_breastcancerscreening,Existence of national screening program for breast cancer,DNK,2015,,,Yes
NCD_CCS_breastcancerscreening,Existence of national screening program for breast cancer,POL,2019,,,Yes
NCD_CCS_breastcancerscreening,Existence of national screening program for breast cancer,BGD,2017,,,Yes
NCD_CCS_breastcancerscreening,Existence of national screening program for breast cancer,KIR,2019,,,Yes
NCD_CCS_breastcancerscreening,Existence of national screening program for breast cancer,YEM,2021,,,No
NCD_CCS_breastcancerscreening,Existence of national screening program for breast cancer,AZE,2019,,,No
NCD_CCS_breastcancerscreening,Existence of national screening program for breast cancer,UGA,2017,,,Yes
NCD_CCS_breastcancerscreening,Existence of national screening program for breast cancer,DEU,2019,,,Yes
NCD_CCS_breastcancerscreening,Existence of national screening program for breast cancer,TGO,2021,,,No
NCD_CCS_breastcancerscreening,Existence of national screening program for breast cancer,MLI,2021,,,No
NCD_CCS_breastcancerscreening,Existence of national screening program for breast cancer,NIC,2015,,,Yes
NCD_CCS_breastcancerscreening,Existence of national screening program for breast cancer,TON,2019,,,Yes
NCD_CCS_breastcancerscreening,Existence of national screening program for breast cancer,ISL,2021,,,Yes
NCD_CCS_breastcancerscreening,Existence of national screening program for breast cancer,TCD,2017,,,No
NCD_CCS_breastcancerscreening,Existence of national screening program for breast cancer,KWT,2019,,,Yes
NCD_CCS_breastcancerscreening,Existence of national screening program for breast cancer,PRY,2021,,,No
NCD_CCS_breastcancerscreening,Existence of national screening program for breast cancer,KOR,2019,,,Yes
NCD_CCS_breastcancerscreening,Existence of national screening program for breast cancer,ARG,2015,,,Yes
NCD_CCS_breastcancerscreening,Existence of national screening program for breast cancer,THA,2017,,,Yes
NCD_CCS_breastcancerscreening,Existence of national screening program for breast cancer,RUS,2015,,,Yes
NCD_CCS_breastcancerscreening,Existence of national screening program for breast cancer,BGD,2015,,,No
NCD_CCS_breastcancerscreening,Existence of national screening program for breast cancer,MAR,2017,,,Yes
NCD_CCS_breastcancerscreening,Existence of national screening program for breast cancer,GRC,2015,,,Yes
NCD_CCS_breastcancerscreening,Existence of national screening program for breast cancer,COM,2017,,,Don't know
NCD_CCS_breastcancerscreening,Existence of national screening program for breast cancer,MEX,2017,,,Yes
NCD_CCS_breastcancerscreening,Existence of national screening program for breast cancer,CHL,2019,,,Yes
NCD_CCS_breastcancerscreening,Existence of national screening program for breast cancer,COD,2015,,,No data received
NCD_CCS_breastcancerscreening,Existence of national screening program for breast cancer,MMR,2021,,,No
NCD_CCS_breastcancerscreening,Existence of national screening program for breast cancer,GTM,2015,,,Yes
NCD_CCS_breastcancerscreening,Existence of national screening program for breast cancer,SUR,2021,,,No
NCD_CCS_breastcancerscreening,Existence of national screening program for breast cancer,NIC,2021,,,Yes
NCD_CCS_breastcancerscreening,Existence of national screening program for breast cancer,MEX,2019,,,Yes
NCD_CCS_breastcancerscreening,Existence of national screening program for breast cancer,BFA,2019,,,Yes
NCD_CCS_breastcancerscreening,Existence of national screening program for breast cancer,WSM,2019,,,No
NCD_CCS_breastcancerscreening,Existence of national screening program for breast cancer,MDG,2017,,,Yes
NCD_CCS_breastcancerscreening,Existence of national screening program for breast cancer,YEM,2017,,,No
NCD_CCS_breastcancerscreening,Existence of national screening program for breast cancer,PAK,2021,,,No
NCD_CCS_breastcancerscreening,Existence of national screening program for breast cancer,SRB,2015,,,Yes
NCD_CCS_breastcancerscreening,Existence of national screening program for breast cancer,GHA,2021,,,No
NCD_CCS_breastcancerscreening,Existence of national screening program for breast cancer,KWT,2017,,,Yes
NCD_CCS_breastcancerscreening,Existence of national screening program for breast cancer,NOR,2017,,,Yes
NCD_CCS_breastcancerscreening,Existence of national screening program for breast cancer,BDI,2019,,,No
NCD_CCS_breastcancerscreening,Existence of national screening program for breast cancer,KOR,2017,,,Yes
NCD_CCS_breastcancerscreening,Existence of national screening program for breast cancer,HUN,2017,,,Yes
NCD_CCS_breastcancerscreening,Existence of national screening program for breast cancer,LTU,2015,,,Yes
NCD_CCS_breastcancerscreening,Existence of national screening program for breast cancer,ALB,2015,,,Yes
NCD_CCS_breastcancerscreening,Existence of national screening program for breast cancer,MDA,2015,,,Yes
NCD_CCS_breastcancerscreening,Existence of national screening program for breast cancer,BIH,2021,,,Yes
NCD_CCS_breastcancerscreening,Existence of national screening program for breast cancer,CYP,2015,,,Yes
NCD_CCS_breastcancerscreening,Existence of national screening program for breast cancer,SMR,2015,,,Yes
NCD_CCS_breastcancerscreening,Existence of national screening program for breast cancer,AFG,2021,,,No
NCD_CCS_breastcancerscreening,Existence of national screening program for breast cancer,BEL,2019,,,Yes
NCD_CCS_breastcancerscreening,Existence of national screening program for breast cancer,SLV,2015,,,Yes
NCD_CCS_breastcancerscreening,Existence of national screening program for breast cancer,CIV,2017,,,Yes
NCD_CCS_breastcancerscreening,Existence of national screening program for breast cancer,TTO,2015,,,No
NCD_CCS_breastcancerscreening,Existence of national screening program for breast cancer,MMR,2019,,,Yes
NCD_CCS_breastcancerscreening,Existence of national screening program for breast cancer,NLD,2017,,,Yes
NCD_CCS_breastcancerscreening,Existence of national screening program for breast cancer,MRT,2021,,,No
NCD_CCS_breastcancerscreening,Existence of national screening program for breast cancer,MAR,2021,,,Yes
NCD_CCS_breastcancerscreening,Existence of national screening program for breast cancer,UZB,2017,,,Yes
NCD_CCS_breastcancerscreening,Existence of national screening program for breast cancer,JAM,2019,,,No
NCD_CCS_breastcancerscreening,Existence of national screening program for breast cancer,GMB,2017,,,No response
NCD_CCS_breastcancerscreening,Existence of national screening program for breast cancer,CRI,2021,,,Yes
NCD_CCS_breastcancerscreening,Existence of national screening program for breast cancer,AUT,2021,,,Yes
NCD_CCS_breastcancerscreening,Existence of national screening program for breast cancer,SRB,2021,,,Yes
NCD_CCS_breastcancerscreening,Existence of national screening program for breast cancer,BLR,2017,,,Yes
NCD_CCS_breastcancerscreening,Existence of national screening program for breast cancer,FRA,2019,,,Yes
NCD_CCS_breastcancerscreening,Existence of national screening program for breast cancer,SUR,2017,,,No
NCD_CCS_breastcancerscreening,Existence of national screening program for breast cancer,JPN,2021,,,Yes
NCD_CCS_breastcancerscreening,Existence of national screening program for breast cancer,IND,2017,,,Yes
NCD_CCS_breastcancerscreening,Existence of national screening program for breast cancer,MYS,2017,,,Yes
NCD_CCS_breastcancerscreening,Existence of national screening program for breast cancer,COK,2019,,,Yes
NCD_CCS_breastcancerscreening,Existence of national screening program for breast cancer,JOR,2017,,,Yes
NCD_CCS_breastcancerscreening,Existence of national screening program for breast cancer,VCT,2019,,,No
NCD_CCS_breastcancerscreening,Existence of national screening program for breast cancer,ARM,2021,,,Yes
NCD_CCS_breastcancerscreening,Existence of national screening program for breast cancer,VNM,2021,,,Yes
NCD_CCS_breastcancerscreening,Existence of national screening program for breast cancer,CHN,2017,,,Yes
NCD_CCS_breastcancerscreening,Existence of national screening program for breast cancer,TZA,2021,,,No
NCD_CCS_breastcancerscreening,Existence of national screening program for breast cancer,RWA,2019,,,No
NCD_CCS_breastcancerscreening,Existence of national screening program for breast cancer,PER,2015,,,Yes
NCD_CCS_breastcancerscreening,Existence of national screening program for breast cancer,BOL,2017,,,Yes
NCD_CCS_breastcancerscreening,Existence of national screening program for breast cancer,COK,2015,,,No data received
NCD_CCS_breastcancerscreening,Existence of national screening program for breast cancer,TGO,2019,,,No
NCD_CCS_breastcancerscreening,Existence of national screening program for breast cancer,GIN,2019,,,Yes
NCD_CCS_breastcancerscreening,Existence of national screening program for breast cancer,COL,2015,,,Yes
NCD_CCS_breastcancerscreening,Existence of national screening program for breast cancer,SYC,2017,,,Yes
NCD_CCS_breastcancerscreening,Existence of national screening program for breast cancer,JOR,2015,,,Yes
NCD_CCS_breastcancerscreening,Existence of national screening program for breast cancer,BLR,2019,,,Yes
NCD_CCS_breastcancerscreening,Existence of national screening program for breast cancer,MWI,2017,,,No
NCD_CCS_breastcancerscreening,Existence of national screening program for breast cancer,ALB,2019,,,Yes
NCD_CCS_breastcancerscreening,Existence of national screening program for breast cancer,CZE,2019,,,Yes
NCD_CCS_breastcancerscreening,Existence of national screening program for breast cancer,IRL,2015,,,Yes
NCD_CCS_breastcancerscreening,Existence of national screening program for breast cancer,TLS,2017,,,Yes
NCD_CCS_breastcancerscreening,Existence of national screening program for breast cancer,NGA,2017,,,Yes
NCD_CCS_breastcancerscreening,Existence of national screening program for breast cancer,URY,2015,,,Yes
NCD_CCS_breastcancerscreening,Existence of national screening program for breast cancer,SMR,2021,,,Yes
NCD_CCS_breastcancerscreening,Existence of national screening program for breast cancer,CHL,2015,,,Yes
NCD_CCS_breastcancerscreening,Existence of national screening program for breast cancer,COG,2021,,,No
NCD_CCS_breastcancerscreening,Existence of national screening program for breast cancer,VNM,2015,,,Yes
NCD_CCS_breastcancerscreening,Existence of national screening program for breast cancer,MOZ,2019,,,Yes
NCD_CCS_breastcancerscreening,Existence of national screening program for breast cancer,AUS,2019,,,Yes
NCD_CCS_breastcancerscreening,Existence of national screening program for breast cancer,COD,2021,,,No
NCD_CCS_breastcancerscreening,Existence of national screening program for breast cancer,HUN,2019,,,Yes
NCD_CCS_breastcancerscreening,Existence of national screening program for breast cancer,NZL,2015,,,Yes
NCD_CCS_breastcancerscreening,Existence of national screening program for breast cancer,KIR,2021,,,Yes
NCD_CCS_breastcancerscreening,Existence of national screening program for breast cancer,GUY,2015,,,No
NCD_CCS_breastcancerscreening,Existence of national screening program for breast cancer,PER,2021,,,Yes
NCD_CCS_breastcancerscreening,Existence of national screening program for breast cancer,NPL,2019,,,No
NCD_CCS_breastcancerscreening,Existence of national screening program for breast cancer,SYR,2019,,,Yes
NCD_CCS_breastcancerscreening,Existence of national screening program for breast cancer,SAU,2015,,,Yes
NCD_CCS_breastcancerscreening,Existence of national screening program for breast cancer,VCT,2015,,,Yes
NCD_CCS_breastcancerscreening,Existence of national screening program for breast cancer,NZL,2017,,,Yes
NCD_CCS_breastcancerscreening,Existence of national screening program for breast cancer,NIU,2021,,,Yes
NCD_CCS_breastcancerscreening,Existence of national screening program for breast cancer,CYP,2017,,,Yes
NCD_CCS_breastcancerscreening,Existence of national screening program for breast cancer,IND,2019,,,Yes
NCD_CCS_breastcancerscreening,Existence of national screening program for breast cancer,BRB,2017,,,No
NCD_CCS_breastcancerscreening,Existence of national screening program for breast cancer,CUB,2015,,,Yes
NCD_CCS_breastcancerscreening,Existence of national screening program for breast cancer,GEO,2019,,,Yes
NCD_CCS_breastcancerscreening,Existence of national screening program for breast cancer,TJK,2015,,,Yes
NCD_CCS_breastcancerscreening,Existence of national screening program for breast cancer,GNB,2015,,,No data received
NCD_CCS_breastcancerscreening,Existence of national screening program for breast cancer,LCA,2017,,,Yes
NCD_CCS_breastcancerscreening,Existence of national screening program for breast cancer,RUS,2017,,,Yes
NCD_CCS_breastcancerscreening,Existence of national screening program for breast cancer,JAM,2015,,,Yes
NCD_CCS_breastcancerscreening,Existence of national screening program for breast cancer,MNE,2021,,,Yes
NCD_CCS_breastcancerscreening,Existence of national screening program for breast cancer,NIU,2015,,,No
NCD_CCS_breastcancerscreening,Existence of national screening program for breast cancer,PRY,2017,,,Yes
NCD_CCS_breastcancerscreening,Existence of national screening program for breast cancer,EST,2015,,,Yes
NCD_CCS_breastcancerscreening,Existence of national screening program for breast cancer,BIH,2017,,,Yes
NCD_CCS_breastcancerscreening,Existence of national screening program for breast cancer,FJI,2021,,,No
NCD_CCS_breastcancerscreening,Existence of national screening program for breast cancer,KGZ,2017,,,Yes
NCD_CCS_breastcancerscreening,Existence of national screening program for breast cancer,BRA,2021,,,Yes
NCD_CCS_breastcancerscreening,Existence of national screening program for breast cancer,BGD,2021,,,No
NCD_CCS_breastcancerscreening,Existence of national screening program for breast cancer,MCO,2015,,,Yes
NCD_CCS_breastcancerscreening,Existence of national screening program for breast cancer,AND,2015,,,Yes
NCD_CCS_breastcancerscreening,Existence of national screening program for breast cancer,THA,2019,,,Yes
NCD_CCS_breastcancerscreening,Existence of national screening program for breast cancer,CRI,2015,,,Yes
NCD_CCS_breastcancerscreening,Existence of national screening program for breast cancer,IND,2015,,,Yes
NCD_CCS_breastcancerscreening,Existence of national screening program for breast cancer,LAO,2021,,,No
NCD_CCS_breastcancerscreening,Existence of national screening program for breast cancer,BEL,2017,,,Yes
NCD_CCS_breastcancerscreening,Existence of national screening program for breast cancer,BLZ,2015,,,Yes
NCD_CCS_breastcancerscreening,Existence of national screening program for breast cancer,MDV,2017,,,Yes
NCD_CCS_breastcancerscreening,Existence of national screening program for breast cancer,ATG,2017,,,No
NCD_CCS_breastcancerscreening,Existence of national screening program for breast cancer,NOR,2015,,,Yes
NCD_CCS_breastcancerscreening,Existence of national screening program for breast cancer,IND,2021,,,Yes
NCD_CCS_breastcancerscreening,Existence of national screening program for breast cancer,TLS,2021,,,No
NCD_CCS_breastcancerscreening,Existence of national screening program for breast cancer,RUS,2021,,,Yes
NCD_CCS_breastcancerscreening,Existence of national screening program for breast cancer,SDN,2017,,,No
NCD_CCS_breastcancerscreening,Existence of national screening program for breast cancer,IRN,2019,,,Yes
NCD_CCS_breastcancerscreening,Existence of national screening program for breast cancer,BEN,2019,,,No
NCD_CCS_breastcancerscreening,Existence of national screening program for breast cancer,NER,2021,,,No
NCD_CCS_breastcancerscreening,Existence of national screening program for breast cancer,GBR,2021,,,Yes
NCD_CCS_breastcancerscreening,Existence of national screening program for breast cancer,GRD,2021,,,No
NCD_CCS_breastcancerscreening,Existence of national screening program for breast cancer,AZE,2015,,,No
NCD_CCS_breastcancerscreening,Existence of national screening program for breast cancer,BLZ,2019,,,No
NCD_CCS_breastcancerscreening,Existence of national screening program for breast cancer,SSD,2017,,,No
NCD_CCS_breastcancerscreening,Existence of national screening program for breast cancer,MMR,2017,,,Yes
NCD_CCS_breastcancerscreening,Existence of national screening program for breast cancer,DMA,2015,,,Yes
NCD_CCS_breastcancerscreening,Existence of national screening program for breast cancer,CHL,2017,,,Yes
NCD_CCS_breastcancerscreening,Existence of national screening program for breast cancer,PHL,2019,,,Yes
NCD_CCS_breastcancerscreening,Existence of national screening program for breast cancer,SWE,2021,,,Yes
NCD_CCS_breastcancerscreening,Existence of national screening program for breast cancer,PNG,2021,,,No
NCD_CCS_breastcancerscreening,Existence of national screening program for breast cancer,TCD,2019,,,No
NCD_CCS_breastcancerscreening,Existence of national screening program for breast cancer,MDA,2021,,,Yes
NCD_CCS_breastcancerscreening,Existence of national screening program for breast cancer,MCO,2017,,,Yes
NCD_CCS_breastcancerscreening,Existence of national screening program for breast cancer,VNM,2017,,,Yes
NCD_CCS_breastcancerscreening,Existence of national screening program for breast cancer,ATG,2021,,,No
NCD_CCS_breastcancerscreening,Existence of national screening program for breast cancer,GAB,2017,,,Yes
NCD_CCS_breastcancerscreening,Existence of national screening program for breast cancer,ALB,2017,,,Yes
NCD_CCS_breastcancerscreening,Existence of national screening program for breast cancer,TCD,2021,,,No
NCD_CCS_breastcancerscreening,Existence of national screening program for breast cancer,KEN,2017,,,Yes
NCD_CCS_breastcancerscreening,Existence of national screening program for breast cancer,UZB,2019,,,No
NCD_CCS_breastcancerscreening,Existence of national screening program for breast cancer,PAK,2019,,,No
NCD_CCS_breastcancerscreening,Existence of national screening program for breast cancer,SVN,2017,,,Yes
NCD_CCS_breastcancerscreening,Existence of national screening program for breast cancer,LKA,2021,,,Yes
NCD_CCS_breastcancerscreening,Existence of national screening program for breast cancer,HUN,2015,,,Yes
NCD_CCS_breastcancerscreening,Existence of national screening program for breast cancer,NOR,2021,,,Yes
NCD_CCS_breastcancerscreening,Existence of national screening program for breast cancer,SGP,2019,,,Yes
NCD_CCS_breastcancerscreening,Existence of national screening program for breast cancer,TZA,2015,,,No data received
NCD_CCS_breastcancerscreening,Existence of national screening program for breast cancer,BHS,2019,,,No
NCD_CCS_breastcancerscreening,Existence of national screening program for breast cancer,LAO,2017,,,No
NCD_CCS_breastcancerscreening,Existence of national screening program for breast cancer,LVA,2017,,,Yes
NCD_CCS_breastcancerscreening,Existence of national screening program for breast cancer,MNE,2017,,,Yes
NCD_CCS_breastcancerscreening,Existence of national screening program for breast cancer,CAF,2015,,,No
NCD_CCS_breastcancerscreening,Existence of national screening program for breast cancer,TKM,2021,,,Yes
NCD_CCS_breastcancerscreening,Existence of national screening program for breast cancer,MHL,2019,,,Yes
NCD_CCS_breastcancerscreening,Existence of national screening program for breast cancer,GRD,2019,,,No
NCD_CCS_breastcancerscreening,Existence of national screening program for breast cancer,GNQ,2015,,,No data received
NCD_CCS_breastcancerscreening,Existence of national screening program for breast cancer,SRB,2017,,,Yes
NCD_CCS_breastcancerscreening,Existence of national screening program for breast cancer,LBN,2017,,,Yes
NCD_CCS_breastcancerscreening,Existence of national screening program for breast cancer,DNK,2019,,,Yes
NCD_CCS_breastcancerscreening,Existence of national screening program for breast cancer,SEN,2015,,,No
NCD_CCS_breastcancerscreening,Existence of national screening program for breast cancer,NAM,2017,,,No
NCD_CCS_breastcancerscreening,Existence of national screening program for breast cancer,MNG,2015,,,Yes
NCD_CCS_breastcancerscreening,Existence of national screening program for breast cancer,BHR,2021,,,Yes
NCD_CCS_breastcancerscreening,Existence of national screening program for breast cancer,GMB,2015,,,Yes
NCD_CCS_breastcancerscreening,Existence of national screening program for breast cancer,DZA,2015,,,Yes
NCD_CCS_breastcancerscreening,Existence of national screening program for breast cancer,PLW,2021,,,Yes
NCD_CCS_breastcancerscreening,Existence of national screening program for breast cancer,BDI,2017,,,No
NCD_CCS_breastcancerscreening,Existence of national screening program for breast cancer,ESP,2019,,,Yes
NCD_CCS_breastcancerscreening,Existence of national screening program for breast cancer,HRV,2021,,,Yes
NCD_CCS_breastcancerscreening,Existence of national screening program for breast cancer,SOM,2019,,,Yes
NCD_CCS_breastcancerscreening,Existence of national screening program for breast cancer,MDA,2017,,,Yes
NCD_CCS_breastcancerscreening,Existence of national screening program for breast cancer,CHE,2019,,,Yes
NCD_CCS_breastcancerscreening,Existence of national screening program for breast cancer,DOM,2021,,,Yes
NCD_CCS_breastcancerscreening,Existence of national screening program for breast cancer,TUR,2021,,,Yes
NCD_CCS_breastcancerscreening,Existence of national screening program for breast cancer,BWA,2017,,,No
NCD_CCS_breastcancerscreening,Existence of national screening program for breast cancer,NLD,2021,,,Yes
NCD_CCS_breastcancerscreening,Existence of national screening program for breast cancer,BIH,2015,,,Yes
NCD_CCS_breastcancerscreening,Existence of national screening program for breast cancer,PLW,2019,,,Yes
NCD_CCS_breastcancerscreening,Existence of national screening program for breast cancer,KEN,2019,,,Yes
NCD_CCS_breastcancerscreening,Existence of national screening program for breast cancer,BGR,2021,,,Yes
NCD_CCS_breastcancerscreening,Existence of national screening program for breast cancer,HRV,2015,,,Yes
NCD_CCS_breastcancerscreening,Existence of national screening program for breast cancer,SMR,2019,,,Yes
NCD_CCS_breastcancerscreening,Existence of national screening program for breast cancer,BFA,2015,,,No
NCD_CCS_breastcancerscreening,Existence of national screening program for breast cancer,OMN,2015,,,Yes
NCD_CCS_breastcancerscreening,Existence of national screening program for breast cancer,SVN,2021,,,Yes
NCD_CCS_breastcancerscreening,Existence of national screening program for breast cancer,GBR,2017,,,Yes
NCD_CCS_breastcancerscreening,Existence of national screening program for breast cancer,KIR,2017,,,No
NCD_CCS_breastcancerscreening,Existence of national screening program for breast cancer,KHM,2015,,,Yes
NCD_CCS_breastcancerscreening,Existence of national screening program for breast cancer,ZAF,2019,,,Yes
NCD_CCS_breastcancerscreening,Existence of national screening program for breast cancer,ISR,2019,,,Yes
NCD_CCS_breastcancerscreening,Existence of national screening program for breast cancer,IRN,2021,,,Yes
NCD_CCS_breastcancerscreening,Existence of national screening program for breast cancer,LBN,2015,,,Yes
NCD_CCS_breastcancerscreening,Existence of national screening program for breast cancer,GEO,2021,,,Yes
NCD_CCS_breastcancerscreening,Existence of national screening program for breast cancer,DMA,2021,,,Yes
NCD_CCS_breastcancerscreening,Existence of national screening program for breast cancer,HRV,2017,,,Yes
NCD_CCS_breastcancerscreening,Existence of national screening program for breast cancer,COD,2019,,,No response
NCD_CCS_breastcancerscreening,Existence of national screening program for breast cancer,ATG,2019,,,No
NCD_CCS_breastcancerscreening,Existence of national screening program for breast cancer,CHN,2019,,,Yes
NCD_CCS_breastcancerscreening,Existence of national screening program for breast cancer,KAZ,2019,,,Yes
NCD_CCS_breastcancerscreening,Existence of national screening program for breast cancer,DOM,2019,,,Yes
NCD_CCS_breastcancerscreening,Existence of national screening program for breast cancer,DJI,2017,,,Yes
NCD_CCS_breastcancerscreening,Existence of national screening program for breast cancer,CMR,2019,,,No
NCD_CCS_breastcancerscreening,Existence of national screening program for breast cancer,PRT,2019,,,Yes
NCD_CCS_breastcancerscreening,Existence of national screening program for breast cancer,HUN,2021,,,Yes
NCD_CCS_breastcancerscreening,Existence of national screening program for breast cancer,MDG,2021,,,No
NCD_CCS_breastcancerscreening,Existence of national screening program for breast cancer,PAK,2017,,,Yes
NCD_CCS_breastcancerscreening,Existence of national screening program for breast cancer,MUS,2015,,,No data received
NCD_CCS_breastcancerscreening,Existence of national screening program for breast cancer,NLD,2015,,,Yes
NCD_CCS_breastcancerscreening,Existence of national screening program for breast cancer,SLV,2017,,,Yes
NCD_CCS_breastcancerscreening,Existence of national screening program for breast cancer,ISL,2019,,,Yes
NCD_CCS_breastcancerscreening,Existence of national screening program for breast cancer,MLI,2017,,,Yes
NCD_CCS_breastcancerscreening,Existence of national screening program for breast cancer,LSO,2015,,,Yes
NCD_CCS_breastcancerscreening,Existence of national screening program for breast cancer,MNG,2019,,,Yes
NCD_CCS_breastcancerscreening,Existence of national screening program for breast cancer,BFA,2017,,,Yes
NCD_CCS_breastcancerscreening,Existence of national screening program for breast cancer,NIU,2019,,,No
NCD_CCS_breastcancerscreening,Existence of national screening program for breast cancer,EST,2017,,,Yes
NCD_CCS_breastcancerscreening,Existence of national screening program for breast cancer,CYP,2021,,,Yes
NCD_CCS_breastcancerscreening,Existence of national screening program for breast cancer,FSM,2021,,,Yes
NCD_CCS_breastcancerscreening,Existence of national screening program for breast cancer,LSO,2017,,,No
NCD_CCS_breastcancerscreening,Existence of national screening program for breast cancer,MLT,2019,,,Yes
NCD_CCS_breastcancerscreening,Existence of national screening program for breast cancer,PRK,2015,,,Yes
NCD_CCS_breastcancerscreening,Existence of national screening program for breast cancer,SAU,2019,,,Yes
NCD_CCS_breastcancerscreening,Existence of national screening program for breast cancer,PAN,2015,,,Yes
NCD_CCS_breastcancerscreening,Existence of national screening program for breast cancer,UZB,2015,,,Yes
NCD_CCS_breastcancerscreening,Existence of national screening program for breast cancer,DOM,2015,,,Yes
NCD_CCS_breastcancerscreening,Existence of national screening program for breast cancer,PRK,2019,,,Yes
NCD_CCS_breastcancerscreening,Existence of national screening program for breast cancer,MEX,2015,,,Yes
NCD_CCS_breastcancerscreening,Existence of national screening program for breast cancer,IRL,2021,,,Yes
NCD_CCS_breastcancerscreening,Existence of national screening program for breast cancer,CHN,2021,,,Yes
NCD_CCS_breastcancerscreening,Existence of national screening program for breast cancer,SVK,2021,,,Yes
NCD_CCS_breastcancerscreening,Existence of national screening program for breast cancer,UGA,2015,,,Yes
NCD_CCS_breastcancerscreening,Existence of national screening program for breast cancer,ROU,2017,,,Yes
NCD_CCS_breastcancerscreening,Existence of national screening program for breast cancer,PRK,2017,,,Yes
NCD_CCS_breastcancerscreening,Existence of national screening program for breast cancer,HND,2019,,,No
NCD_CCS_breastcancerscreening,Existence of national screening program for breast cancer,NER,2019,,,No
NCD_CCS_breastcancerscreening,Existence of national screening program for breast cancer,BGR,2017,,,No
NCD_CCS_breastcancerscreening,Existence of national screening program for breast cancer,ERI,2017,,,Yes
NCD_CCS_breastcancerscreening,Existence of national screening program for breast cancer,PHL,2017,,,No
NCD_CCS_breastcancerscreening,Existence of national screening program for breast cancer,ARG,2017,,,Yes
NCD_CCS_breastcancerscreening,Existence of national screening program for breast cancer,CAN,2015,,,Yes
NCD_CCS_breastcancerscreening,Existence of national screening program for breast cancer,USA,2021,,,Yes
NCD_CCS_breastcancerscreening,Existence of national screening program for breast cancer,QAT,2017,,,Yes
NCD_CCS_breastcancerscreening,Existence of national screening program for breast cancer,LBR,2021,,,No
NCD_CCS_breastcancerscreening,Existence of national screening program for breast cancer,LBR,2015,,,No data received
NCD_CCS_breastcancerscreening,Existence of national screening program for breast cancer,SVN,2019,,,Yes
NCD_CCS_breastcancerscreening,Existence of national screening program for breast cancer,JOR,2019,,,Yes
NCD_CCS_breastcancerscreening,Existence of national screening program for breast cancer,TKM,2017,,,Yes
NCD_CCS_breastcancerscreening,Existence of national screening program for breast cancer,COM,2021,,,No
NCD_CCS_breastcancerscreening,Existence of national screening program for breast cancer,LCA,2015,,,Yes
NCD_CCS_breastcancerscreening,Existence of national screening program for breast cancer,HTI,2019,,,Yes
NCD_CCS_breastcancerscreening,Existence of national screening program for breast cancer,TGO,2015,,,Yes
NCD_CCS_breastcancerscreening,Existence of national screening program for breast cancer,CHN,2015,,,Yes
NCD_CCS_breastcancerscreening,Existence of national screening program for breast cancer,LKA,2017,,,Yes
NCD_CCS_breastcancerscreening,Existence of national screening program for breast cancer,VEN,2019,,,Yes
NCD_CCS_breastcancerscreening,Existence of national screening program for breast cancer,BIH,2019,,,Yes
NCD_CCS_breastcancerscreening,Existence of national screening program for breast cancer,BWA,2015,,,No data received
NCD_CCS_breastcancerscreening,Existence of national screening program for breast cancer,BEN,2017,,,Yes
NCD_CCS_breastcancerscreening,Existence of national screening program for breast cancer,ARM,2017,,,Yes
NCD_CCS_breastcancerscreening,Existence of national screening program for breast cancer,BRN,2019,,,No
NCD_CCS_breastcancerscreening,Existence of national screening program for breast cancer,MDV,2015,,,No
NCD_CCS_breastcancerscreening,Existence of national screening program for breast cancer,ARM,2015,,,Yes
NCD_CCS_breastcancerscreening,Existence of national screening program for breast cancer,PER,2017,,,Yes
NCD_CCS_breastcancerscreening,Existence of national screening program for breast cancer,CAF,2017,,,Yes
NCD_CCS_breastcancerscreening,Existence of national screening program for breast cancer,UGA,2019,,,No
NCD_CCS_breastcancerscreening,Existence of national screening program for breast cancer,NAM,2019,,,No
NCD_CCS_breastcancerscreening,Existence of national screening program for breast cancer,LUX,2015,,,No data received
NCD_CCS_breastcancerscreening,Existence of national screening program for breast cancer,BLR,2015,,,No
NCD_CCS_breastcancerscreening,Existence of national screening program for breast cancer,EGY,2019,,,Yes
NCD_CCS_breastcancerscreening,Existence of national screening program for breast cancer,TUN,2021,,,Yes
NCD_CCS_breastcancerscreening,Existence of national screening program for breast cancer,KNA,2021,,,Yes
NCD_CCS_breastcancerscreening,Existence of national screening program for breast cancer,GHA,2019,,,No
NCD_CCS_breastcancerscreening,Existence of national screening program for breast cancer,THA,2015,,,Yes
NCD_CCS_breastcancerscreening,Existence of national screening program for breast cancer,MOZ,2017,,,Yes
NCD_CCS_breastcancerscreening,Existence of national screening program for breast cancer,NAM,2021,,,No
NCD_CCS_breastcancerscreening,Existence of national screening program for breast cancer,TUV,2021,,,No
NCD_CCS_breastcancerscreening,Existence of national screening program for breast cancer,BRA,2017,,,Yes
NCD_CCS_breastcancerscreening,Existence of national screening program for breast cancer,KOR,2021,,,Yes
NCD_CCS_breastcancerscreening,Existence of national screening program for breast cancer,WSM,2015,,,No data received
NCD_CCS_breastcancerscreening,Existence of national screening program for breast cancer,NZL,2021,,,Yes
NCD_CCS_breastcancerscreening,Existence of national screening program for breast cancer,MHL,2017,,,No
NCD_CCS_breastcancerscreening,Existence of national screening program for breast cancer,SYR,2017,,,Yes
NCD_CCS_breastcancerscreening,Existence of national screening program for breast cancer,ZWE,2021,,,No
NCD_CCS_breastcancerscreening,Existence of national screening program for breast cancer,NRU,2019,,,No
NCD_CCS_breastcancerscreening,Existence of national screening program for breast cancer,HND,2017,,,No
NCD_CCS_breastcancerscreening,Existence of national screening program for breast cancer,GNB,2019,,,No
NCD_CCS_breastcancerscreening,Existence of national screening program for breast cancer,GUY,2017,,,Yes
NCD_CCS_breastcancerscreening,Existence of national screening program for breast cancer,SWZ,2019,,,No
NCD_CCS_breastcancerscreening,Existence of national screening program for breast cancer,BRN,2015,,,Yes
NCD_CCS_breastcancerscreening,Existence of national screening program for breast cancer,STP,2015,,,No
NCD_CCS_breastcancerscreening,Existence of national screening program for breast cancer,JPN,2017,,,Yes
NCD_CCS_breastcancerscreening,Existence of national screening program for breast cancer,SSD,2021,,,No
NCD_CCS_breastcancerscreening,Existence of national screening program for breast cancer,COG,2017,,,Yes
NCD_CCS_breastcancerscreening,Existence of national screening program for breast cancer,NIC,2017,,,No
NCD_CCS_breastcancerscreening,Existence of national screening program for breast cancer,GIN,2017,,,Yes
NCD_CCS_breastcancerscreening,Existence of national screening program for breast cancer,CHE,2017,,,Yes
NCD_CCS_breastcancerscreening,Existence of national screening program for breast cancer,LAO,2019,,,Yes
NCD_CCS_breastcancerscreening,Existence of national screening program for breast cancer,VEN,2015,,,No data received
NCD_CCS_breastcancerscreening,Existence of national screening program for breast cancer,CZE,2015,,,Yes
NCD_CCS_breastcancerscreening,Existence of national screening program for breast cancer,URY,2019,,,Yes
NCD_CCS_breastcancerscreening,Existence of national screening program for breast cancer,ERI,2019,,,No
NCD_CCS_breastcancerscreening,Existence of national screening program for breast cancer,CIV,2019,,,No
NCD_CCS_breastcancerscreening,Existence of national screening program for breast cancer,CAF,2019,,,No
NCD_CCS_breastcancerscreening,Existence of national screening program for breast cancer,MLI,2019,,,No
NCD_CCS_breastcancerscreening,Existence of national screening program for breast cancer,COK,2021,,,Yes
NCD_CCS_breastcancerscreening,Existence of national screening program for breast cancer,KGZ,2021,,,Yes
NCD_CCS_breastcancerscreening,Existence of national screening program for breast cancer,MWI,2021,,,No
NCD_CCS_breastcancerscreening,Existence of national screening program for breast cancer,LBN,2019,,,Yes
NCD_CCS_breastcancerscreening,Existence of national screening program for breast cancer,JPN,2019,,,Yes
NCD_CCS_breastcancerscreening,Existence of national screening program for breast cancer,AGO,2021,,,No
NCD_CCS_breastcancerscreening,Existence of national screening program for breast cancer,CMR,2015,,,No
NCD_CCS_breastcancerscreening,Existence of national screening program for breast cancer,QAT,2019,,,Yes
NCD_CCS_breastcancerscreening,Existence of national screening program for breast cancer,SEN,2021,,,No
NCD_CCS_breastcancerscreening,Existence of national screening program for breast cancer,ITA,2019,,,Yes
NCD_CCS_breastcancerscreening,Existence of national screening program for breast cancer,BEN,2021,,,No
NCD_CCS_breastcancerscreening,Existence of national screening program for breast cancer,TTO,2017,,,Yes
NCD_CCS_breastcancerscreening,Existence of national screening program for breast cancer,GBR,2015,,,Yes
NCD_CCS_breastcancerscreening,Existence of national screening program for breast cancer,ATG,2015,,,Yes
NCD_CCS_breastcancerscreening,Existence of national screening program for breast cancer,MNG,2021,,,Yes
NCD_CCS_breastcancerscreening,Existence of national screening program for breast cancer,AUS,2021,,,Yes
NCD_CCS_breastcancerscreening,Existence of national screening program for breast cancer,AFG,2015,,,No
NCD_CCS_breastcancerscreening,Existence of national screening program for breast cancer,MUS,2019,,,No
NCD_CCS_breastcancerscreening,Existence of national screening program for breast cancer,COD,2017,,,Yes
NCD_CCS_breastcancerscreening,Existence of national screening program for breast cancer,ITA,2015,,,Yes
NCD_CCS_breastcancerscreening,Existence of national screening program for breast cancer,BTN,2021,,,Yes
NCD_CCS_breastcancerscreening,Existence of national screening program for breast cancer,CHE,2015,,,Yes
NCD_CCS_breastcancerscreening,Existence of national screening program for breast cancer,TCD,2015,,,Yes
NCD_CCS_breastcancerscreening,Existence of national screening program for breast cancer,CPV,2015,,,No data received
NCD_CCS_breastcancerscreening,Existence of national screening program for breast cancer,GEO,2015,,,Yes
NCD_CCS_breastcancerscreening,Existence of national screening program for breast cancer,NAM,2015,,,No data received
NCD_CCS_breastcancerscreening,Existence of national screening program for breast cancer,POL,2021,,,Yes
NCD_CCS_breastcancerscreening,Existence of national screening program for breast cancer,CZE,2017,,,Yes
NCD_CCS_breastcancerscreening,Existence of national screening program for breast cancer,LBR,2019,,,No
NCD_CCS_breastcancerscreening,Existence of national screening program for breast cancer,USA,2015,,,Yes
NCD_CCS_breastcancerscreening,Existence of national screening program for breast cancer,POL,2017,,,Yes
NCD_CCS_breastcancerscreening,Existence of national screening program for breast cancer,GMB,2021,,,No
NCD_CCS_breastcancerscreening,Existence of national screening program for breast cancer,SOM,2021,,,No
NCD_CCS_breastcancerscreening,Existence of national screening program for breast cancer,KAZ,2017,,,Yes
NCD_CCS_breastcancerscreening,Existence of national screening program for breast cancer,KNA,2015,,,No
NCD_CCS_breastcancerscreening,Existence of national screening program for breast cancer,BLR,2021,,,Yes
NCD_CCS_breastcancerscreening,Existence of national screening program for breast cancer,GAB,2015,,,No data received
NCD_CCS_breastcancerscreening,Existence of national screening program for breast cancer,NRU,2021,,,No
NCD_CCS_breastcancerscreening,Existence of national screening program for breast cancer,SGP,2017,,,Yes
NCD_CCS_breastcancerscreening,Existence of national screening program for breast cancer,CPV,2017,,,Yes
NCD_CCS_breastcancerscreening,Existence of national screening program for breast cancer,PHL,2015,,,Yes
NCD_CCS_breastcancerscreening,Existence of national screening program for breast cancer,SLB,2019,,,No
NCD_CCS_breastcancerscreening,Existence of national screening program for breast cancer,ARE,2019,,,Yes
NCD_CCS_breastcancerscreening,Existence of national screening program for breast cancer,SYC,2019,,,No
NCD_CCS_breastcancerscreening,Existence of national screening program for breast cancer,KGZ,2019,,,Yes
NCD_CCS_breastcancerscreening,Existence of national screening program for breast cancer,VCT,2021,,,Yes
NCD_CCS_breastcancerscreening,Existence of national screening program for breast cancer,AFG,2017,,,No
NCD_CCS_breastcancerscreening,Existence of national screening program for breast cancer,MNE,2015,,,Yes
NCD_CCS_breastcancerscreening,Existence of national screening program for breast cancer,CUB,2017,,,Yes
NCD_CCS_breastcancerscreening,Existence of national screening program for breast cancer,BTN,2019,,,Yes
NCD_CCS_breastcancerscreening,Existence of national screening program for breast cancer,SLE,2021,,,No
NCD_CCS_breastcancerscreening,Existence of national screening program for breast cancer,TUR,2015,,,Yes
NCD_CCS_breastcancerscreening,Existence of national screening program for breast cancer,TZA,2019,,,No
NCD_CCS_breastcancerscreening,Existence of national screening program for breast cancer,LKA,2015,,,Yes
NCD_CCS_breastcancerscreening,Existence of national screening program for breast cancer,ERI,2021,,,No
NCD_CCS_breastcancerscreening,Existence of national screening program for breast cancer,MLI,2015,,,Yes
NCD_CCS_breastcancerscreening,Existence of national screening program for breast cancer,BRN,2021,,,Yes
NCD_CCS_breastcancerscreening,Existence of national screening program for breast cancer,MDG,2019,,,No
NCD_CCS_breastcancerscreening,Existence of national screening program for breast cancer,KHM,2017,,,No
NCD_CCS_breastcancerscreening,Existence of national screening program for breast cancer,KNA,2019,,,No
NCD_CCS_breastcancerscreening,Existence of national screening program for breast cancer,GTM,2021,,,Yes
NCD_CCS_breastcancerscreening,Existence of national screening program for breast cancer,LUX,2021,,,Yes
NCD_CCS_breastcancerscreening,Existence of national screening program for breast cancer,RUS,2019,,,Yes
NCD_CCS_breastcancerscreening,Existence of national screening program for breast cancer,NRU,2015,,,Yes
NCD_CCS_breastcancerscreening,Existence of national screening program for breast cancer,ARM,2019,,,Yes
NCD_CCS_breastcancerscreening,Existence of national screening program for breast cancer,GIN,2015,,,Yes
NCD_CCS_breastcancerscreening,Existence of national screening program for breast cancer,SLV,2021,,,Yes
NCD_CCS_breastcancerscreening,Existence of national screening program for breast cancer,MEX,2021,,,Yes
NCD_CCS_breastcancerscreening,Existence of national screening program for breast cancer,CRI,2019,,,Yes
NCD_CCS_breastcancerscreening,Existence of national screening program for breast cancer,YEM,2015,,,Yes
NCD_CCS_breastcancerscreening,Existence of national screening program for breast cancer,SLV,2019,,,Yes
NCD_CCS_breastcancerscreening,Existence of national screening program for breast cancer,BEL,2021,,,Yes
NCD_CCS_breastcancerscreening,Existence of national screening program for breast cancer,DNK,2021,,,Yes
NCD_CCS_breastcancerscreening,Existence of national screening program for breast cancer,CAN,2019,,,Yes
NCD_CCS_breastcancerscreening,Existence of national screening program for breast cancer,GRC,2021,,,Yes
NCD_CCS_breastcancerscreening,Existence of national screening program for breast cancer,DMA,2019,,,No
NCD_CCS_breastcancerscreening,Existence of national screening program for breast cancer,MOZ,2021,,,Yes
NCD_CCS_breastcancerscreening,Existence of national screening program for breast cancer,TJK,2021,,,No
NCD_CCS_breastcancerscreening,Existence of national screening program for breast cancer,TLS,2015,,,Yes
NCD_CCS_breastcancerscreening,Existence of national screening program for breast cancer,KOR,2015,,,Yes
NCD_CCS_breastcancerscreening,Existence of national screening program for breast cancer,YEM,2019,,,No
NCD_CCS_breastcancerscreening,Existence of national screening program for breast cancer,TUR,2019,,,Yes
NCD_CCS_breastcancerscreening,Existence of national screening program for breast cancer,ETH,2017,,,No
NCD_CCS_breastcancerscreening,Existence of national screening program for breast cancer,LCA,2019,,,No
NCD_CCS_breastcancerscreening,Existence of national screening program for breast cancer,SYR,2015,,,Yes
NCD_CCS_breastcancerscreening,Existence of national screening program for breast cancer,EST,2019,,,Yes
NCD_CCS_breastcancerscreening,Existence of national screening program for breast cancer,ZMB,2017,,,Yes
NCD_CCS_breastcancerscreening,Existence of national screening program for breast cancer,UKR,2021,,,Yes
NCD_CCS_breastcancerscreening,Existence of national screening program for breast cancer,STP,2019,,,No
NCD_CCS_breastcancerscreening,Existence of national screening program for breast cancer,GNQ,2017,,,No
NCD_CCS_breastcancerscreening,Existence of national screening program for breast cancer,QAT,2021,,,Yes
NCD_CCS_breastcancerscreening,Existence of national screening program for breast cancer,ARG,2019,,,Yes
NCD_CCS_breastcancerscreening,Existence of national screening program for breast cancer,AND,2017,,,Yes
NCD_CCS_breastcancerscreening,Existence of national screening program for breast cancer,AUT,2019,,,Yes
NCD_CCS_breastcancerscreening,Existence of national screening program for breast cancer,UKR,2017,,,Yes
NCD_CCS_breastcancerscreening,Existence of national screening program for breast cancer,TON,2017,,,No
NCD_CCS_breastcancerscreening,Existence of national screening program for breast cancer,AFG,2019,,,No
NCD_CCS_breastcancerscreening,Existence of national screening program for breast cancer,CIV,2021,,,No
NCD_CCS_breastcancerscreening,Existence of national screening program for breast cancer,PRK,2021,,,No
NCD_CCS_breastcancerscreening,Existence of national screening program for breast cancer,MAR,2019,,,Yes
NCD_CCS_breastcancerscreening,Existence of national screening program for breast cancer,IRQ,2017,,,Yes
NCD_CCS_breastcancerscreening,Existence of national screening program for breast cancer,ECU,2015,,,Yes
NCD_CCS_breastcancerscreening,Existence of national screening program for breast cancer,EGY,2017,,,Yes
NCD_CCS_breastcancerscreening,Existence of national screening program for breast cancer,CAN,2017,,,Yes
NCD_CCS_breastcancerscreening,Existence of national screening program for breast cancer,BHR,2019,,,Yes
NCD_CCS_breastcancerscreening,Existence of national screening program for breast cancer,BOL,2019,,,Don't know
NCD_CCS_breastcancerscreening,Existence of national screening program for breast cancer,ZWE,2015,,,Yes
NCD_CCS_breastcancerscreening,Existence of national screening program for breast cancer,PLW,2015,,,Yes
NCD_CCS_breastcancerscreening,Existence of national screening program for breast cancer,ECU,2019,,,Yes
NCD_CCS_breastcancerscreening,Existence of national screening program for breast cancer,SEN,2019,,,Yes
NCD_CCS_breastcancerscreening,Existence of national screening program for breast cancer,FSM,2017,,,Yes
NCD_CCS_breastcancerscreening,Existence of national screening program for breast cancer,MCO,2019,,,Yes
NCD_CCS_breastcancerscreening,Existence of national screening program for breast cancer,SWE,2017,,,Yes
NCD_CCS_breastcancerscreening,Existence of national screening program for breast cancer,IRQ,2021,,,Yes
NCD_CCS_breastcancerscreening,Existence of national screening program for breast cancer,JOR,2021,,,Yes
NCD_CCS_breastcancerscreening,Existence of national screening program for breast cancer,SYR,2021,,,Yes
NCD_CCS_breastcancerscreening,Existence of national screening program for breast cancer,FRA,2021,,,Yes
NCD_CCS_breastcancerscreening,Existence of national screening program for breast cancer,AGO,2015,,,Yes
NCD_CCS_breastcancerscreening,Existence of national screening program for breast cancer,BEN,2015,,,No
NCD_CCS_breastcancerscreening,Existence of national screening program for breast cancer,MDV,2019,,,Yes
NCD_CCS_breastcancerscreening,Existence of national screening program for breast cancer,IRN,2017,,,Yes
NCD_CCS_breastcancerscreening,Existence of national screening program for breast cancer,ZAF,2017,,,Yes
NCD_CCS_breastcancerscreening,Existence of national screening program for breast cancer,BHR,2017,,,Yes
NCD_CCS_breastcancerscreening,Existence of national screening program for breast cancer,TUV,2019,,,No
NCD_CCS_breastcancerscreening,Existence of national screening program for breast cancer,OMN,2019,,,Yes
NCD_CCS_breastcancerscreening,Existence of national screening program for breast cancer,LBN,2021,,,Yes
NCD_CCS_breastcancerscreening,Existence of national screening program for breast cancer,ARE,2021,,,Yes
NCD_CCS_breastcancerscreening,Existence of national screening program for breast cancer,TLS,2019,,,Yes
NCD_CCS_breastcancerscreening,Existence of national screening program for breast cancer,BFA,2021,,,Yes
NCD_CCS_breastcancerscreening,Existence of national screening program for breast cancer,SYC,2015,,,Yes
NCD_CCS_breastcancerscreening,Existence of national screening program for breast cancer,GUY,2019,,,No
NCD_CCS_breastcancerscreening,Existence of national screening program for breast cancer,MDV,2021,,,Yes
NCD_CCS_breastcancerscreening,Existence of national screening program for breast cancer,LSO,2021,,,No
NCD_CCS_breastcancerscreening,Existence of national screening program for breast cancer,ESP,2017,,,Yes
NCD_CCS_breastcancerscreening,Existence of national screening program for breast cancer,DEU,2015,,,Yes
NCD_CCS_breastcancerscreening,Existence of national screening program for breast cancer,SSD,2015,,,No data received
NCD_CCS_breastcancerscreening,Existence of national screening program for breast cancer,KAZ,2021,,,Yes
NCD_CCS_breastcancerscreening,Existence of national screening program for breast cancer,MYS,2019,,,Yes
NCD_CCS_breastcancerscreening,Existence of national screening program for breast cancer,FIN,2015,,,Yes
NCD_CCS_breastcancerscreening,Existence of national screening program for breast cancer,ISR,2015,,,Yes
NCD_CCS_breastcancerscreening,Existence of national screening program for breast cancer,AGO,2017,,,Yes
NCD_CCS_breastcancerscreening,Existence of national screening program for breast cancer,AUS,2015,,,Yes
NCD_CCS_breastcancerscreening,Existence of national screening program for breast cancer,GTM,2019,,,Yes
NCD_CCS_breastcancerscreening,Existence of national screening program for breast cancer,VCT,2017,,,No
NCD_CCS_breastcancerscreening,Existence of national screening program for breast cancer,DEU,2017,,,Yes
NCD_CCS_breastcancerscreening,Existence of national screening program for breast cancer,MKD,2021,,,Yes
NCD_CCS_breastcancerscreening,Existence of national screening program for breast cancer,ZMB,2015,,,Yes
NCD_CCS_breastcancerscreening,Existence of national screening program for breast cancer,SOM,2017,,,No
NCD_CCS_breastcancerscreening,Existence of national screening program for breast cancer,PRY,2019,,,No
NCD_CCS_breastcancerscreening,Existence of national screening program for breast cancer,ISR,2021,,,Yes
NCD_CCS_breastcancerscreening,Existence of national screening program for breast cancer,GRC,2017,,,Yes
NCD_CCS_breastcancerscreening,Existence of national screening program for breast cancer,HTI,2021,,,Yes
NCD_CCS_breastcancerscreening,Existence of national screening program for breast cancer,BRA,2019,,,Yes
NCD_CCS_breastcancerscreening,Existence of national screening program for breast cancer,MLT,2017,,,Yes
NCD_CCS_breastcancerscreening,Existence of national screening program for breast cancer,PAN,2021,,,Yes
NCD_CCS_breastcancerscreening,Existence of national screening program for breast cancer,ZAF,2021,,,Yes
NCD_CCS_breastcancerscreening,Existence of national screening program for breast cancer,MYS,2015,,,Yes
NCD_CCS_breastcancerscreening,Existence of national screening program for breast cancer,RWA,2017,,,Yes
NCD_CCS_breastcancerscreening,Existence of national screening program for breast cancer,OMN,2021,,,Yes
NCD_CCS_breastcancerscreening,Existence of national screening program for breast cancer,PNG,2017,,,No
NCD_CCS_breastcancerscreening,Existence of national screening program for breast cancer,STP,2017,,,No
NCD_CCS_breastcancerscreening,Existence of national screening program for breast cancer,BTN,2015,,,Yes
NCD_CCS_breastcancerscreening,Existence of national screening program for breast cancer,GAB,2021,,,Yes
NCD_CCS_breastcancerscreening,Existence of national screening program for breast cancer,LAO,2015,,,No
NCD_CCS_breastcancerscreening,Existence of national screening program for breast cancer,ARE,2015,,,Yes
NCD_CCS_breastcancerscreening,Existence of national screening program for breast cancer,NGA,2015,,,Yes
NCD_CCS_breastcancerscreening,Existence of national screening program for breast cancer,QAT,2015,,,Yes
NCD_CCS_BreastCancer,General availability of breast cancer screening (by palpation or mammogram) at the primary health care level,TKM,2013,,,Yes
NCD_CCS_BreastCancer,General availability of breast cancer screening (by palpation or mammogram) at the primary health care level,LBN,2013,,,Yes
NCD_CCS_BreastCancer,General availability of breast cancer screening (by palpation or mammogram) at the primary health care level,BHR,2013,,,Yes
NCD_CCS_BreastCancer,General availability of breast cancer screening (by palpation or mammogram) at the primary health care level,SMR,2013,,,Yes
NCD_CCS_BreastCancer,General availability of breast cancer screening (by palpation or mammogram) at the primary health care level,JAM,2013,,,Yes
NCD_CCS_BreastCancer,General availability of breast cancer screening (by palpation or mammogram) at the primary health care level,PLW,2013,,,Yes
NCD_CCS_BreastCancer,General availability of breast cancer screening (by palpation or mammogram) at the primary health care level,LUX,2013,,,Yes
NCD_CCS_BreastCancer,General availability of breast cancer screening (by palpation or mammogram) at the primary health care level,BGD,2013,,,No
NCD_CCS_BreastCancer,General availability of breast cancer screening (by palpation or mammogram) at the primary health care level,FSM,2013,,,Yes
NCD_CCS_BreastCancer,General availability of breast cancer screening (by palpation or mammogram) at the primary health care level,FIN,2013,,,Yes
NCD_CCS_BreastCancer,General availability of breast cancer screening (by palpation or mammogram) at the primary health care level,BEL,2013,,,Yes
NCD_CCS_BreastCancer,General availability of breast cancer screening (by palpation or mammogram) at the primary health care level,ERI,2013,,,No
NCD_CCS_BreastCancer,General availability of breast cancer screening (by palpation or mammogram) at the primary health care level,SRB,2013,,,Yes
NCD_CCS_BreastCancer,General availability of breast cancer screening (by palpation or mammogram) at the primary health care level,CYP,2013,,,Yes
NCD_CCS_BreastCancer,General availability of breast cancer screening (by palpation or mammogram) at the primary health care level,AUS,2013,,,Yes
NCD_CCS_BreastCancer,General availability of breast cancer screening (by palpation or mammogram) at the primary health care level,ISR,2013,,,Yes
NCD_CCS_BreastCancer,General availability of breast cancer screening (by palpation or mammogram) at the primary health care level,PAN,2013,,,Yes
NCD_CCS_BreastCancer,General availability of breast cancer screening (by palpation or mammogram) at the primary health care level,GEO,2013,,,No
NCD_CCS_BreastCancer,General availability of breast cancer screening (by palpation or mammogram) at the primary health care level,MOZ,2013,,,Yes
NCD_CCS_BreastCancer,General availability of breast cancer screening (by palpation or mammogram) at the primary health care level,KWT,2013,,,Yes
NCD_CCS_BreastCancer,General availability of breast cancer screening (by palpation or mammogram) at the primary health care level,GRC,2013,,,Yes
NCD_CCS_BreastCancer,General availability of breast cancer screening (by palpation or mammogram) at the primary health care level,SDN,2013,,,Don't know
NCD_CCS_BreastCancer,General availability of breast cancer screening (by palpation or mammogram) at the primary health care level,PHL,2013,,,Yes
NCD_CCS_BreastCancer,General availability of breast cancer screening (by palpation or mammogram) at the primary health care level,SYR,2013,,,Yes
NCD_CCS_BreastCancer,General availability of breast cancer screening (by palpation or mammogram) at the primary health care level,ROU,2013,,,Yes
NCD_CCS_BreastCancer,General availability of breast cancer screening (by palpation or mammogram) at the primary health care level,MEX,2013,,,Yes
NCD_CCS_BreastCancer,General availability of breast cancer screening (by palpation or mammogram) at the primary health care level,HUN,2013,,,No
NCD_CCS_BreastCancer,General availability of breast cancer screening (by palpation or mammogram) at the primary health care level,VCT,2013,,,No data received
NCD_CCS_BreastCancer,General availability of breast cancer screening (by palpation or mammogram) at the primary health care level,AGO,2013,,,No data received
NCD_CCS_BreastCancer,General availability of breast cancer screening (by palpation or mammogram) at the primary health care level,ATG,2013,,,Yes
NCD_CCS_BreastCancer,General availability of breast cancer screening (by palpation or mammogram) at the primary health care level,TUN,2013,,,Yes
NCD_CCS_BreastCancer,General availability of breast cancer screening (by palpation or mammogram) at the primary health care level,MNG,2013,,,Yes
NCD_CCS_BreastCancer,General availability of breast cancer screening (by palpation or mammogram) at the primary health care level,CPV,2013,,,No data received
NCD_CCS_BreastCancer,General availability of breast cancer screening (by palpation or mammogram) at the primary health care level,ARM,2013,,,Yes
NCD_CCS_BreastCancer,General availability of breast cancer screening (by palpation or mammogram) at the primary health care level,SEN,2013,,,Yes
NCD_CCS_BreastCancer,General availability of breast cancer screening (by palpation or mammogram) at the primary health care level,PAK,2013,,,No
NCD_CCS_BreastCancer,General availability of breast cancer screening (by palpation or mammogram) at the primary health care level,BHS,2013,,,Yes
NCD_CCS_BreastCancer,General availability of breast cancer screening (by palpation or mammogram) at the primary health care level,MWI,2013,,,No
NCD_CCS_BreastCancer,General availability of breast cancer screening (by palpation or mammogram) at the primary health care level,KEN,2013,,,Yes
NCD_CCS_BreastCancer,General availability of breast cancer screening (by palpation or mammogram) at the primary health care level,SLV,2013,,,Yes
NCD_CCS_BreastCancer,General availability of breast cancer screening (by palpation or mammogram) at the primary health care level,UKR,2013,,,Yes
NCD_CCS_BreastCancer,General availability of breast cancer screening (by palpation or mammogram) at the primary health care level,KAZ,2013,,,Yes
NCD_CCS_BreastCancer,General availability of breast cancer screening (by palpation or mammogram) at the primary health care level,NOR,2013,,,Yes
NCD_CCS_BreastCancer,General availability of breast cancer screening (by palpation or mammogram) at the primary health care level,BOL,2013,,,Yes
NCD_CCS_BreastCancer,General availability of breast cancer screening (by palpation or mammogram) at the primary health care level,TUV,2013,,,Yes
NCD_CCS_BreastCancer,General availability of breast cancer screening (by palpation or mammogram) at the primary health care level,TLS,2013,,,No data received
NCD_CCS_BreastCancer,General availability of breast cancer screening (by palpation or mammogram) at the primary health care level,MMR,2013,,,Yes
NCD_CCS_BreastCancer,General availability of breast cancer screening (by palpation or mammogram) at the primary health care level,AND,2013,,,Yes
NCD_CCS_BreastCancer,General availability of breast cancer screening (by palpation or mammogram) at the primary health care level,MDA,2013,,,Yes
NCD_CCS_BreastCancer,General availability of breast cancer screening (by palpation or mammogram) at the primary health care level,AFG,2013,,,Yes
NCD_CCS_BreastCancer,General availability of breast cancer screening (by palpation or mammogram) at the primary health care level,ITA,2013,,,Yes
NCD_CCS_BreastCancer,General availability of breast cancer screening (by palpation or mammogram) at the primary health care level,IND,2013,,,Yes
NCD_CCS_BreastCancer,General availability of breast cancer screening (by palpation or mammogram) at the primary health care level,NIC,2013,,,Yes
NCD_CCS_BreastCancer,General availability of breast cancer screening (by palpation or mammogram) at the primary health care level,IDN,2013,,,No
NCD_CCS_BreastCancer,General availability of breast cancer screening (by palpation or mammogram) at the primary health care level,DNK,2013,,,Yes
NCD_CCS_BreastCancer,General availability of breast cancer screening (by palpation or mammogram) at the primary health care level,ARG,2013,,,Yes
NCD_CCS_BreastCancer,General availability of breast cancer screening (by palpation or mammogram) at the primary health care level,UZB,2013,,,Yes
NCD_CCS_BreastCancer,General availability of breast cancer screening (by palpation or mammogram) at the primary health care level,BDI,2013,,,No
NCD_CCS_BreastCancer,General availability of breast cancer screening (by palpation or mammogram) at the primary health care level,AZE,2013,,,Yes
NCD_CCS_BreastCancer,General availability of breast cancer screening (by palpation or mammogram) at the primary health care level,DJI,2013,,,Yes
NCD_CCS_BreastCancer,General availability of breast cancer screening (by palpation or mammogram) at the primary health care level,CZE,2013,,,Yes
NCD_CCS_BreastCancer,General availability of breast cancer screening (by palpation or mammogram) at the primary health care level,TUR,2013,,,Yes
NCD_CCS_BreastCancer,General availability of breast cancer screening (by palpation or mammogram) at the primary health care level,SLE,2013,,,No data received
NCD_CCS_BreastCancer,General availability of breast cancer screening (by palpation or mammogram) at the primary health care level,ZMB,2013,,,No
NCD_CCS_BreastCancer,General availability of breast cancer screening (by palpation or mammogram) at the primary health care level,YEM,2013,,,Yes
NCD_CCS_BreastCancer,General availability of breast cancer screening (by palpation or mammogram) at the primary health care level,MLI,2013,,,Yes
NCD_CCS_BreastCancer,General availability of breast cancer screening (by palpation or mammogram) at the primary health care level,NGA,2013,,,No
NCD_CCS_BreastCancer,General availability of breast cancer screening (by palpation or mammogram) at the primary health care level,COK,2013,,,Yes
NCD_CCS_BreastCancer,General availability of breast cancer screening (by palpation or mammogram) at the primary health care level,PER,2013,,,No
NCD_CCS_BreastCancer,General availability of breast cancer screening (by palpation or mammogram) at the primary health care level,BLR,2013,,,No data received
NCD_CCS_BreastCancer,General availability of breast cancer screening (by palpation or mammogram) at the primary health care level,MRT,2013,,,No
NCD_CCS_BreastCancer,General availability of breast cancer screening (by palpation or mammogram) at the primary health care level,RUS,2013,,,Yes
NCD_CCS_BreastCancer,General availability of breast cancer screening (by palpation or mammogram) at the primary health care level,SYC,2013,,,Yes
NCD_CCS_BreastCancer,General availability of breast cancer screening (by palpation or mammogram) at the primary health care level,CAN,2013,,,Yes
NCD_CCS_BreastCancer,General availability of breast cancer screening (by palpation or mammogram) at the primary health care level,JPN,2013,,,Yes
NCD_CCS_BreastCancer,General availability of breast cancer screening (by palpation or mammogram) at the primary health care level,EST,2013,,,Yes
NCD_CCS_BreastCancer,General availability of breast cancer screening (by palpation or mammogram) at the primary health care level,MYS,2013,,,Yes
NCD_CCS_BreastCancer,General availability of breast cancer screening (by palpation or mammogram) at the primary health care level,TZA,2013,,,No data received
NCD_CCS_BreastCancer,General availability of breast cancer screening (by palpation or mammogram) at the primary health care level,ZAF,2013,,,No data received
NCD_CCS_BreastCancer,General availability of breast cancer screening (by palpation or mammogram) at the primary health care level,COG,2013,,,Yes
NCD_CCS_BreastCancer,General availability of breast cancer screening (by palpation or mammogram) at the primary health care level,AUT,2013,,,Yes
NCD_CCS_BreastCancer,General availability of breast cancer screening (by palpation or mammogram) at the primary health care level,MNE,2013,,,Yes
NCD_CCS_BreastCancer,General availability of breast cancer screening (by palpation or mammogram) at the primary health care level,PRT,2013,,,Yes
NCD_CCS_BreastCancer,General availability of breast cancer screening (by palpation or mammogram) at the primary health care level,MCO,2013,,,Yes
NCD_CCS_BreastCancer,General availability of breast cancer screening (by palpation or mammogram) at the primary health care level,COL,2013,,,Yes
NCD_CCS_BreastCancer,General availability of breast cancer screening (by palpation or mammogram) at the primary health care level,SAU,2013,,,Yes
NCD_CCS_BreastCancer,General availability of breast cancer screening (by palpation or mammogram) at the primary health care level,IRL,2013,,,Yes
NCD_CCS_BreastCancer,General availability of breast cancer screening (by palpation or mammogram) at the primary health care level,COM,2013,,,Yes
NCD_CCS_BreastCancer,General availability of breast cancer screening (by palpation or mammogram) at the primary health care level,MAR,2013,,,Yes
NCD_CCS_BreastCancer,General availability of breast cancer screening (by palpation or mammogram) at the primary health care level,BRN,2013,,,Yes
NCD_CCS_BreastCancer,General availability of breast cancer screening (by palpation or mammogram) at the primary health care level,GMB,2013,,,Yes
NCD_CCS_BreastCancer,General availability of breast cancer screening (by palpation or mammogram) at the primary health care level,CHL,2013,,,Yes
NCD_CCS_BreastCancer,General availability of breast cancer screening (by palpation or mammogram) at the primary health care level,POL,2013,,,Yes
NCD_CCS_BreastCancer,General availability of breast cancer screening (by palpation or mammogram) at the primary health care level,ESP,2013,,,Yes
NCD_CCS_BreastCancer,General availability of breast cancer screening (by palpation or mammogram) at the primary health care level,CHN,2013,,,Yes
NCD_CCS_BreastCancer,General availability of breast cancer screening (by palpation or mammogram) at the primary health care level,ISL,2013,,,Yes
NCD_CCS_BreastCancer,General availability of breast cancer screening (by palpation or mammogram) at the primary health care level,UGA,2013,,,No
NCD_CCS_BreastCancer,General availability of breast cancer screening (by palpation or mammogram) at the primary health care level,PNG,2013,,,Yes
NCD_CCS_BreastCancer,General availability of breast cancer screening (by palpation or mammogram) at the primary health care level,SVK,2013,,,Yes
NCD_CCS_BreastCancer,General availability of breast cancer screening (by palpation or mammogram) at the primary health care level,FRA,2013,,,Yes
NCD_CCS_BreastCancer,General availability of breast cancer screening (by palpation or mammogram) at the primary health care level,SSD,2013,,,No data received
NCD_CCS_BreastCancer,General availability of breast cancer screening (by palpation or mammogram) at the primary health care level,DZA,2013,,,Yes
NCD_CCS_BreastCancer,General availability of breast cancer screening (by palpation or mammogram) at the primary health care level,NZL,2013,,,Yes
NCD_CCS_BreastCancer,General availability of breast cancer screening (by palpation or mammogram) at the primary health care level,TON,2013,,,No
NCD_CCS_BreastCancer,General availability of breast cancer screening (by palpation or mammogram) at the primary health care level,ARE,2013,,,Yes
NCD_CCS_BreastCancer,General availability of breast cancer screening (by palpation or mammogram) at the primary health care level,NIU,2013,,,Yes
NCD_CCS_BreastCancer,General availability of breast cancer screening (by palpation or mammogram) at the primary health care level,OMN,2013,,,Yes
NCD_CCS_BreastCancer,General availability of breast cancer screening (by palpation or mammogram) at the primary health care level,GBR,2013,,,No
NCD_CCS_BreastCancer,General availability of breast cancer screening (by palpation or mammogram) at the primary health care level,BRA,2013,,,Yes
NCD_CCS_BreastCancer,General availability of breast cancer screening (by palpation or mammogram) at the primary health care level,GIN,2013,,,No
NCD_CCS_BreastCancer,General availability of breast cancer screening (by palpation or mammogram) at the primary health care level,PRY,2013,,,Yes
NCD_CCS_BreastCancer,General availability of breast cancer screening (by palpation or mammogram) at the primary health care level,TGO,2013,,,No
NCD_CCS_BreastCancer,General availability of breast cancer screening (by palpation or mammogram) at the primary health care level,GRD,2013,,,Yes
NCD_CCS_BreastCancer,General availability of breast cancer screening (by palpation or mammogram) at the primary health care level,USA,2013,,,Yes
NCD_CCS_BreastCancer,General availability of breast cancer screening (by palpation or mammogram) at the primary health care level,IRN,2013,,,Yes
NCD_CCS_BreastCancer,General availability of breast cancer screening (by palpation or mammogram) at the primary health care level,THA,2013,,,Yes
NCD_CCS_BreastCancer,General availability of breast cancer screening (by palpation or mammogram) at the primary health care level,QAT,2013,,,Yes
NCD_CCS_BreastCancer,General availability of breast cancer screening (by palpation or mammogram) at the primary health care level,BTN,2013,,,Yes
NCD_CCS_BreastCancer,General availability of breast cancer screening (by palpation or mammogram) at the primary health care level,MLT,2013,,,Yes
NCD_CCS_BreastCancer,General availability of breast cancer screening (by palpation or mammogram) at the primary health care level,KOR,2013,,,Yes
NCD_CCS_BreastCancer,General availability of breast cancer screening (by palpation or mammogram) at the primary health care level,BIH,2013,,,No data received
NCD_CCS_BreastCancer,General availability of breast cancer screening (by palpation or mammogram) at the primary health care level,GHA,2013,,,No
NCD_CCS_BreastCancer,General availability of breast cancer screening (by palpation or mammogram) at the primary health care level,URY,2013,,,Yes
NCD_CCS_BreastCancer,General availability of breast cancer screening (by palpation or mammogram) at the primary health care level,ECU,2013,,,Yes
NCD_CCS_BreastCancer,General availability of breast cancer screening (by palpation or mammogram) at the primary health care level,SWE,2013,,,Yes
NCD_CCS_BreastCancer,General availability of breast cancer screening (by palpation or mammogram) at the primary health care level,LSO,2013,,,No
NCD_CCS_BreastCancer,General availability of breast cancer screening (by palpation or mammogram) at the primary health care level,SUR,2013,,,Yes
NCD_CCS_BreastCancer,General availability of breast cancer screening (by palpation or mammogram) at the primary health care level,NRU,2013,,,Yes
NCD_CCS_BreastCancer,General availability of breast cancer screening (by palpation or mammogram) at the primary health care level,CIV,2013,,,No
NCD_CCS_BreastCancer,General availability of breast cancer screening (by palpation or mammogram) at the primary health care level,KHM,2013,,,Yes
NCD_CCS_BreastCancer,General availability of breast cancer screening (by palpation or mammogram) at the primary health care level,TJK,2013,,,No response
NCD_CCS_BreastCancer,General availability of breast cancer screening (by palpation or mammogram) at the primary health care level,CHE,2013,,,Yes
NCD_CCS_BreastCancer,General availability of breast cancer screening (by palpation or mammogram) at the primary health care level,LBY,2013,,,No
NCD_CCS_BreastCancer,General availability of breast cancer screening (by palpation or mammogram) at the primary health care level,MDV,2013,,,No
NCD_CCS_BreastCancer,General availability of breast cancer screening (by palpation or mammogram) at the primary health care level,DOM,2013,,,Yes
NCD_CCS_BreastCancer,General availability of breast cancer screening (by palpation or mammogram) at the primary health care level,KIR,2013,,,Yes
NCD_CCS_BreastCancer,General availability of breast cancer screening (by palpation or mammogram) at the primary health care level,LAO,2013,,,Yes
NCD_CCS_BreastCancer,General availability of breast cancer screening (by palpation or mammogram) at the primary health care level,HTI,2013,,,No data received
NCD_CCS_BreastCancer,General availability of breast cancer screening (by palpation or mammogram) at the primary health care level,NAM,2013,,,Yes
NCD_CCS_BreastCancer,General availability of breast cancer screening (by palpation or mammogram) at the primary health care level,GUY,2013,,,No data received
NCD_CCS_BreastCancer,General availability of breast cancer screening (by palpation or mammogram) at the primary health care level,LKA,2013,,,Yes
NCD_CCS_BreastCancer,General availability of breast cancer screening (by palpation or mammogram) at the primary health care level,VUT,2013,,,Yes
NCD_CCS_BreastCancer,General availability of breast cancer screening (by palpation or mammogram) at the primary health care level,NPL,2013,,,No
NCD_CCS_BreastCancer,General availability of breast cancer screening (by palpation or mammogram) at the primary health care level,CRI,2013,,,Yes
NCD_CCS_BreastCancer,General availability of breast cancer screening (by palpation or mammogram) at the primary health care level,KNA,2013,,,Yes
NCD_CCS_BreastCancer,General availability of breast cancer screening (by palpation or mammogram) at the primary health care level,DEU,2013,,,Yes
NCD_CCS_BreastCancer,General availability of breast cancer screening (by palpation or mammogram) at the primary health care level,ALB,2013,,,Yes
NCD_CCS_BreastCancer,General availability of breast cancer screening (by palpation or mammogram) at the primary health care level,SVN,2013,,,Yes
NCD_CCS_BreastCancer,General availability of breast cancer screening (by palpation or mammogram) at the primary health care level,GNQ,2013,,,Yes
NCD_CCS_BreastCancer,General availability of breast cancer screening (by palpation or mammogram) at the primary health care level,TTO,2013,,,Yes
NCD_CCS_BreastCancer,General availability of breast cancer screening (by palpation or mammogram) at the primary health care level,MDG,2013,,,No
NCD_CCS_BreastCancer,General availability of breast cancer screening (by palpation or mammogram) at the primary health care level,KGZ,2013,,,No
NCD_CCS_BreastCancer,General availability of breast cancer screening (by palpation or mammogram) at the primary health care level,NER,2013,,,Yes
NCD_CCS_BreastCancer,General availability of breast cancer screening (by palpation or mammogram) at the primary health care level,LBR,2013,,,Yes
NCD_CCS_BreastCancer,General availability of breast cancer screening (by palpation or mammogram) at the primary health care level,MUS,2013,,,No data received
NCD_CCS_BreastCancer,General availability of breast cancer screening (by palpation or mammogram) at the primary health care level,EGY,2013,,,Yes
NCD_CCS_BreastCancer,General availability of breast cancer screening (by palpation or mammogram) at the primary health care level,LCA,2013,,,Yes
NCD_CCS_BreastCancer,General availability of breast cancer screening (by palpation or mammogram) at the primary health care level,BFA,2013,,,Yes
NCD_CCS_BreastCancer,General availability of breast cancer screening (by palpation or mammogram) at the primary health care level,TCD,2013,,,No data received
NCD_CCS_BreastCancer,General availability of breast cancer screening (by palpation or mammogram) at the primary health care level,ETH,2013,,,No data received
NCD_CCS_BreastCancer,General availability of breast cancer screening (by palpation or mammogram) at the primary health care level,BLZ,2013,,,Yes
NCD_CCS_BreastCancer,General availability of breast cancer screening (by palpation or mammogram) at the primary health care level,STP,2013,,,Yes
NCD_CCS_BreastCancer,General availability of breast cancer screening (by palpation or mammogram) at the primary health care level,LTU,2013,,,Yes
NCD_CCS_BreastCancer,General availability of breast cancer screening (by palpation or mammogram) at the primary health care level,SLB,2013,,,Yes
NCD_CCS_BreastCancer,General availability of breast cancer screening (by palpation or mammogram) at the primary health care level,PRK,2013,,,Yes
NCD_CCS_BreastCancer,General availability of breast cancer screening (by palpation or mammogram) at the primary health care level,WSM,2013,,,Yes
NCD_CCS_BreastCancer,General availability of breast cancer screening (by palpation or mammogram) at the primary health care level,RWA,2013,,,No
NCD_CCS_BreastCancer,General availability of breast cancer screening (by palpation or mammogram) at the primary health care level,VNM,2013,,,No
NCD_CCS_BreastCancer,General availability of breast cancer screening (by palpation or mammogram) at the primary health care level,SWZ,2013,,,Yes
NCD_CCS_BreastCancer,General availability of breast cancer screening (by palpation or mammogram) at the primary health care level,SGP,2013,,,Yes
NCD_CCS_BreastCancer,General availability of breast cancer screening (by palpation or mammogram) at the primary health care level,ZWE,2013,,,Yes
NCD_CCS_BreastCancer,General availability of breast cancer screening (by palpation or mammogram) at the primary health care level,GTM,2013,,,Yes
NCD_CCS_BreastCancer,General availability of breast cancer screening (by palpation or mammogram) at the primary health care level,CAF,2013,,,Yes
NCD_CCS_BreastCancer,General availability of breast cancer screening (by palpation or mammogram) at the primary health care level,SOM,2013,,,Yes
NCD_CCS_BreastCancer,General availability of breast cancer screening (by palpation or mammogram) at the primary health care level,FJI,2013,,,Yes
NCD_CCS_BreastCancer,General availability of breast cancer screening (by palpation or mammogram) at the primary health care level,HRV,2013,,,Yes
NCD_CCS_BreastCancer,General availability of breast cancer screening (by palpation or mammogram) at the primary health care level,CMR,2013,,,Yes
NCD_CCS_BreastCancer,General availability of breast cancer screening (by palpation or mammogram) at the primary health care level,COD,2013,,,No data received
NCD_CCS_BreastCancer,General availability of breast cancer screening (by palpation or mammogram) at the primary health care level,DMA,2013,,,Yes
NCD_CCS_BreastCancer,General availability of breast cancer screening (by palpation or mammogram) at the primary health care level,LVA,2013,,,Yes
NCD_CCS_BreastCancer,General availability of breast cancer screening (by palpation or mammogram) at the primary health care level,VEN,2013,,,Yes
NCD_CCS_BreastCancer,General availability of breast cancer screening (by palpation or mammogram) at the primary health care level,MHL,2013,,,Yes
NCD_CCS_BreastCancer,General availability of breast cancer screening (by palpation or mammogram) at the primary health care level,IRQ,2013,,,Yes
NCD_CCS_BreastCancer,General availability of breast cancer screening (by palpation or mammogram) at the primary health care level,BEN,2013,,,Yes
NCD_CCS_BreastCancer,General availability of breast cancer screening (by palpation or mammogram) at the primary health care level,GNB,2013,,,Yes
NCD_CCS_BreastCancer,General availability of breast cancer screening (by palpation or mammogram) at the primary health care level,NLD,2013,,,Yes
NCD_CCS_BreastCancer,General availability of breast cancer screening (by palpation or mammogram) at the primary health care level,BGR,2013,,,Yes
NCD_CCS_BreastCancer,General availability of breast cancer screening (by palpation or mammogram) at the primary health care level,JOR,2013,,,Yes
NCD_CCS_BreastCancer,General availability of breast cancer screening (by palpation or mammogram) at the primary health care level,GAB,2013,,,Yes
NCD_CCS_BreastCancer,General availability of breast cancer screening (by palpation or mammogram) at the primary health care level,BRB,2013,,,Yes
NCD_CCS_BreastCancer,General availability of breast cancer screening (by palpation or mammogram) at the primary health care level,MKD,2013,,,Yes
NCD_CCS_BreastCancer,General availability of breast cancer screening (by palpation or mammogram) at the primary health care level,CUB,2013,,,Yes
NCD_CCS_BreastCancer,General availability of breast cancer screening (by palpation or mammogram) at the primary health care level,BWA,2013,,,Yes
NCD_CCS_BreastCancer,General availability of breast cancer screening (by palpation or mammogram) at the primary health care level,HND,2013,,,Yes
CANCERSURVIVAL_BREASTCANCER,"Cancer survival for those diagnosed with breast cancer, 5-year net survival (%)",GLOBAL,2021,,77.76879279,77.8 [76.4-79.2]
CANCERSURVIVAL_BREASTCANCER,"Cancer survival for those diagnosed with breast cancer, 5-year net survival (%)",AFR,2021,,39.05413857,39.1 [34.1-44.7]
CANCERSURVIVAL_BREASTCANCER,"Cancer survival for those diagnosed with breast cancer, 5-year net survival (%)",AMR,2021,,88.50922368,88.5 [86.7-90.1]
CANCERSURVIVAL_BREASTCANCER,"Cancer survival for those diagnosed with breast cancer, 5-year net survival (%)",EMR,2021,,61.03396463,61.0 [51.4-69.8]
CANCERSURVIVAL_BREASTCANCER,"Cancer survival for those diagnosed with breast cancer, 5-year net survival (%)",EUR,2021,,84.00947831,84.0 [82.8-85.1]
CANCERSURVIVAL_BREASTCANCER,"Cancer survival for those diagnosed with breast cancer, 5-year net survival (%)",SEAR,2021,,66.32036332,66.3 [57.7-73.7]
CANCERSURVIVAL_BREASTCANCER,"Cancer survival for those diagnosed with breast cancer, 5-year net survival (%)",WPR,2021,,81.14852777,81.1 [78.6-83.5]
CANCERSURVIVAL_BREASTCANCER,"Cancer survival for those diagnosed with breast cancer, 5-year net survival (%)",WB_HI,2021,,87.29668359,87.3 [86.3-88.1]
CANCERSURVIVAL_BREASTCANCER,"Cancer survival for those diagnosed with breast cancer, 5-year net survival (%)",WB_LI,2021,,41.86248905,41.9 [35.1-49.7]
CANCERSURVIVAL_BREASTCANCER,"Cancer survival for those diagnosed with breast cancer, 5-year net survival (%)",WB_LMI,2021,,60.09502419,60.1 [54.3-65.4]
CANCERSURVIVAL_BREASTCANCER,"Cancer survival for those diagnosed with breast cancer, 5-year net survival (%)",WB_UMI,2021,,78.65519569,78.7 [76.5-80.5]
CANCERSURVIVAL_BREASTCANCER,"Cancer survival for those diagnosed with breast cancer, 5-year net survival (%)",AFG,2021,,42.30850812,42.3 [23.6-63.9]
CANCERSURVIVAL_BREASTCANCER,"Cancer survival for those diagnosed with breast cancer, 5-year net survival (%)",AGO,2021,,44.88629888,44.9 [26.5-64.2]
CANCERSURVIVAL_BREASTCANCER,"Cancer survival for those diagnosed with breast cancer, 5-year net survival (%)",ALB,2021,,79.06301943,79.1 [63.5-89.2]
CANCERSURVIVAL_BREASTCANCER,"Cancer survival for those diagnosed with breast cancer, 5-year net survival (%)",AND,2021,,90.6637517,90.7 [81.4-95.3]
CANCERSURVIVAL_BREASTCANCER,"Cancer survival for those diagnosed with breast cancer, 5-year net survival (%)",ARE,2021,,80.70764482,80.7 [63.0-90.1]
CANCERSURVIVAL_BREASTCANCER,"Cancer survival for those diagnosed with breast cancer, 5-year net survival (%)",ARG,2021,,84.90048682,84.9 [80.7-88.3]
CANCERSURVIVAL_BREASTCANCER,"Cancer survival for those diagnosed with breast cancer, 5-year net survival (%)",ARM,2021,,77.11521037,77.1 [60.4-88.3]
CANCERSURVIVAL_BREASTCANCER,"Cancer survival for those diagnosed with breast cancer, 5-year net survival (%)",ATG,2021,,88.15763891,88.2 [76.3-94.5]
CANCERSURVIVAL_BREASTCANCER,"Cancer survival for those diagnosed with breast cancer, 5-year net survival (%)",AUS,2021,,90.82940235,90.8 [88.6-92.7]
CANCERSURVIVAL_BREASTCANCER,"Cancer survival for those diagnosed with breast cancer, 5-year net survival (%)",AUT,2021,,86.86912929,86.9 [83.9-89.4]
CANCERSURVIVAL_BREASTCANCER,"Cancer survival for those diagnosed with breast cancer, 5-year net survival (%)",AZE,2021,,74.26738238,74.3 [57.9-86.1]
CANCERSURVIVAL_BREASTCANCER,"Cancer survival for those diagnosed with breast cancer, 5-year net survival (%)",BDI,2021,,31.49462945,31.5 [17.0-51.4]
CANCERSURVIVAL_BREASTCANCER,"Cancer survival for those diagnosed with breast cancer, 5-year net survival (%)",BEL,2021,,91.5,91.5 [91.0-92.0]
CANCERSURVIVAL_BREASTCANCER,"Cancer survival for those diagnosed with breast cancer, 5-year net survival (%)",BEN,2021,,33.26685833,33.3 [17.8-53.3]
CANCERSURVIVAL_BREASTCANCER,"Cancer survival for those diagnosed with breast cancer, 5-year net survival (%)",BFA,2021,,36.24874125,36.2 [19.5-55.7]
CANCERSURVIVAL_BREASTCANCER,"Cancer survival for those diagnosed with breast cancer, 5-year net survival (%)",BGD,2021,,60.34129685,60.3 [36.8-77.1]
CANCERSURVIVAL_BREASTCANCER,"Cancer survival for those diagnosed with breast cancer, 5-year net survival (%)",BGR,2021,,80.13499718,80.1 [75.6-83.9]
CANCERSURVIVAL_BREASTCANCER,"Cancer survival for those diagnosed with breast cancer, 5-year net survival (%)",BHR,2021,,73.7091211,73.7 [61.4-83.1]
CANCERSURVIVAL_BREASTCANCER,"Cancer survival for those diagnosed with breast cancer, 5-year net survival (%)",BHS,2021,,84.04565986,84.0 [69.5-92.1]
CANCERSURVIVAL_BREASTCANCER,"Cancer survival for those diagnosed with breast cancer, 5-year net survival (%)",BIH,2021,,82.40599065,82.4 [68.5-90.5]
CANCERSURVIVAL_BREASTCANCER,"Cancer survival for those diagnosed with breast cancer, 5-year net survival (%)",BLR,2021,,79.65582092,79.7 [63.8-88.8]
CANCERSURVIVAL_BREASTCANCER,"Cancer survival for those diagnosed with breast cancer, 5-year net survival (%)",BLZ,2021,,62.21901145,62.2 [40.0-79.6]
CANCERSURVIVAL_BREASTCANCER,"Cancer survival for those diagnosed with breast cancer, 5-year net survival (%)",BOL,2021,,75.83287411,75.8 [58.7-87.1]
CANCERSURVIVAL_BREASTCANCER,"Cancer survival for those diagnosed with breast cancer, 5-year net survival (%)",BRA,2021,,90.33687392,90.3 [85.6-94.0]
CANCERSURVIVAL_BREASTCANCER,"Cancer survival for those diagnosed with breast cancer, 5-year net survival (%)",BRB,2021,,86.95349138,87.0 [73.4-93.4]
CANCERSURVIVAL_BREASTCANCER,"Cancer survival for those diagnosed with breast cancer, 5-year net survival (%)",BRN,2021,,80.43241973,80.4 [64.7-90.0]
CANCERSURVIVAL_BREASTCANCER,"Cancer survival for those diagnosed with breast cancer, 5-year net survival (%)",BTN,2021,,45.34669148,45.3 [24.5-67.6]
CANCERSURVIVAL_BREASTCANCER,"Cancer survival for those diagnosed with breast cancer, 5-year net survival (%)",BWA,2021,,60.04219927,60.0 [40.3-76.9]
CANCERSURVIVAL_BREASTCANCER,"Cancer survival for those diagnosed with breast cancer, 5-year net survival (%)",CAF,2021,,24.63566349,24.6 [12.2-44.5]
CANCERSURVIVAL_BREASTCANCER,"Cancer survival for those diagnosed with breast cancer, 5-year net survival (%)",CAN,2021,,89.2797787,89.3 [86.8-91.3]
CANCERSURVIVAL_BREASTCANCER,"Cancer survival for those diagnosed with breast cancer, 5-year net survival (%)",CHE,2021,,88.91975533,88.9 [87.3-90.3]
CANCERSURVIVAL_BREASTCANCER,"Cancer survival for those diagnosed with breast cancer, 5-year net survival (%)",CHL,2021,,80.66290988,80.7 [75.5-84.7]
CANCERSURVIVAL_BREASTCANCER,"Cancer survival for those diagnosed with breast cancer, 5-year net survival (%)",CHN,2021,,80.45935679,80.5 [77.2-83.1]
CANCERSURVIVAL_BREASTCANCER,"Cancer survival for those diagnosed with breast cancer, 5-year net survival (%)",CIV,2021,,36.75927709,36.8 [20.2-55.6]
CANCERSURVIVAL_BREASTCANCER,"Cancer survival for those diagnosed with breast cancer, 5-year net survival (%)",CMR,2021,,44.45792307,44.5 [26.8-64.3]
CANCERSURVIVAL_BREASTCANCER,"Cancer survival for those diagnosed with breast cancer, 5-year net survival (%)",COD,2021,,32.30720186,32.3 [17.2-52.2]
CANCERSURVIVAL_BREASTCANCER,"Cancer survival for those diagnosed with breast cancer, 5-year net survival (%)",COG,2021,,38.40587107,38.4 [21.5-59.2]
CANCERSURVIVAL_BREASTCANCER,"Cancer survival for those diagnosed with breast cancer, 5-year net survival (%)",COK,2021,,59.6301298,59.6 [37.4-79.3]
CANCERSURVIVAL_BREASTCANCER,"Cancer survival for those diagnosed with breast cancer, 5-year net survival (%)",COL,2021,,83.28493259,83.3 [76.2-88.6]
CANCERSURVIVAL_BREASTCANCER,"Cancer survival for those diagnosed with breast cancer, 5-year net survival (%)",COM,2021,,37.62066252,37.6 [20.3-59.4]
CANCERSURVIVAL_BREASTCANCER,"Cancer survival for those diagnosed with breast cancer, 5-year net survival (%)",CPV,2021,,50.4740379,50.5 [28.9-72.4]
CANCERSURVIVAL_BREASTCANCER,"Cancer survival for those diagnosed with breast cancer, 5-year net survival (%)",CRI,2021,,86.8406652,86.8 [82.7-90.1]
CANCERSURVIVAL_BREASTCANCER,"Cancer survival for those diagnosed with breast cancer, 5-year net survival (%)",CUB,2021,,78.20681047,78.2 [73.5-82.2]
CANCERSURVIVAL_BREASTCANCER,"Cancer survival for those diagnosed with breast cancer, 5-year net survival (%)",CYP,2021,,91.82932211,91.8 [86.6-95.5]
CANCERSURVIVAL_BREASTCANCER,"Cancer survival for those diagnosed with breast cancer, 5-year net survival (%)",CZE,2021,,83.44124244,83.4 [79.9-86.4]
CANCERSURVIVAL_BREASTCANCER,"Cancer survival for those diagnosed with breast cancer, 5-year net survival (%)",DEU,2021,,87.62265367,87.6 [85.0-89.9]
CANCERSURVIVAL_BREASTCANCER,"Cancer survival for those diagnosed with breast cancer, 5-year net survival (%)",DJI,2021,,35.95573894,36.0 [19.7-57.5]
CANCERSURVIVAL_BREASTCANCER,"Cancer survival for those diagnosed with breast cancer, 5-year net survival (%)",DMA,2021,,63.35916318,63.4 [41.7-81.5]
CANCERSURVIVAL_BREASTCANCER,"Cancer survival for those diagnosed with breast cancer, 5-year net survival (%)",DNK,2021,,91.03313181,91.0 [89.8-92.2]
CANCERSURVIVAL_BREASTCANCER,"Cancer survival for those diagnosed with breast cancer, 5-year net survival (%)",DOM,2021,,82.70155723,82.7 [68.0-91.0]
CANCERSURVIVAL_BREASTCANCER,"Cancer survival for those diagnosed with breast cancer, 5-year net survival (%)",DZA,2021,,45.82748016,45.8 [33.1-57.6]
CANCERSURVIVAL_BREASTCANCER,"Cancer survival for those diagnosed with breast cancer, 5-year net survival (%)",ECU,2021,,80.55474388,80.6 [75.2-84.9]
CANCERSURVIVAL_BREASTCANCER,"Cancer survival for those diagnosed with breast cancer, 5-year net survival (%)",EGY,2021,,65.11955133,65.1 [45.9-80.5]
CANCERSURVIVAL_BREASTCANCER,"Cancer survival for those diagnosed with breast cancer, 5-year net survival (%)",ERI,2021,,37.13909223,37.1 [19.4-57.9]
CANCERSURVIVAL_BREASTCANCER,"Cancer survival for those diagnosed with breast cancer, 5-year net survival (%)",ESP,2021,,87.60723046,87.6 [84.7-90.1]
CANCERSURVIVAL_BREASTCANCER,"Cancer survival for those diagnosed with breast cancer, 5-year net survival (%)",EST,2021,,82.07174405,82.1 [77.5-85.8]
CANCERSURVIVAL_BREASTCANCER,"Cancer survival for those diagnosed with breast cancer, 5-year net survival (%)",ETH,2021,,43.32932565,43.3 [24.7-62.7]
CANCERSURVIVAL_BREASTCANCER,"Cancer survival for those diagnosed with breast cancer, 5-year net survival (%)",FIN,2021,,91.41995247,91.4 [90.2-92.5]
CANCERSURVIVAL_BREASTCANCER,"Cancer survival for those diagnosed with breast cancer, 5-year net survival (%)",FJI,2021,,48.39719341,48.4 [29.1-68.5]
CANCERSURVIVAL_BREASTCANCER,"Cancer survival for those diagnosed with breast cancer, 5-year net survival (%)",FRA,2021,,88.41396714,88.4 [85.5-90.8]
CANCERSURVIVAL_BREASTCANCER,"Cancer survival for those diagnosed with breast cancer, 5-year net survival (%)",FSM,2021,,43.3597828,43.4 [24.7-64.1]
CANCERSURVIVAL_BREASTCANCER,"Cancer survival for those diagnosed with breast cancer, 5-year net survival (%)",GAB,2021,,62.61243452,62.6 [41.8-78.4]
CANCERSURVIVAL_BREASTCANCER,"Cancer survival for those diagnosed with breast cancer, 5-year net survival (%)",GBR,2021,,87.83596938,87.8 [84.9-90.1]
CANCERSURVIVAL_BREASTCANCER,"Cancer survival for those diagnosed with breast cancer, 5-year net survival (%)",GEO,2021,,78.43069305,78.4 [61.4-88.8]
CANCERSURVIVAL_BREASTCANCER,"Cancer survival for those diagnosed with breast cancer, 5-year net survival (%)",GHA,2021,,48.97678619,49.0 [29.6-68.3]
CANCERSURVIVAL_BREASTCANCER,"Cancer survival for those diagnosed with breast cancer, 5-year net survival (%)",GIN,2021,,30.70385576,30.7 [16.4-49.7]
CANCERSURVIVAL_BREASTCANCER,"Cancer survival for those diagnosed with breast cancer, 5-year net survival (%)",GMB,2021,,35.40541292,35.4 [18.8-56.3]
CANCERSURVIVAL_BREASTCANCER,"Cancer survival for those diagnosed with breast cancer, 5-year net survival (%)",GNB,2021,,31.00006694,31.0 [16.0-51.1]
CANCERSURVIVAL_BREASTCANCER,"Cancer survival for those diagnosed with breast cancer, 5-year net survival (%)",GNQ,2021,,51.15436286,51.2 [32.5-70.4]
CANCERSURVIVAL_BREASTCANCER,"Cancer survival for those diagnosed with breast cancer, 5-year net survival (%)",GRC,2021,,88.05256983,88.1 [77.8-93.7]
CANCERSURVIVAL_BREASTCANCER,"Cancer survival for those diagnosed with breast cancer, 5-year net survival (%)",GRD,2021,,62.98096779,63.0 [40.9-80.4]
CANCERSURVIVAL_BREASTCANCER,"Cancer survival for those diagnosed with breast cancer, 5-year net survival (%)",GTM,2021,,77.29431413,77.3 [61.0-88.0]
CANCERSURVIVAL_BREASTCANCER,"Cancer survival for those diagnosed with breast cancer, 5-year net survival (%)",GUY,2021,,64.55314658,64.6 [57.5-71.2]
CANCERSURVIVAL_BREASTCANCER,"Cancer survival for those diagnosed with breast cancer, 5-year net survival (%)",HND,2021,,78.49255243,78.5 [62.6-88.7]
CANCERSURVIVAL_BREASTCANCER,"Cancer survival for those diagnosed with breast cancer, 5-year net survival (%)",HRV,2021,,79.31095387,79.3 [74.8-83.3]
CANCERSURVIVAL_BREASTCANCER,"Cancer survival for those diagnosed with breast cancer, 5-year net survival (%)",HTI,2021,,52.81351255,52.8 [33.0-72.8]
CANCERSURVIVAL_BREASTCANCER,"Cancer survival for those diagnosed with breast cancer, 5-year net survival (%)",HUN,2021,,82.5,82.5 [81.3-83.7]
CANCERSURVIVAL_BREASTCANCER,"Cancer survival for those diagnosed with breast cancer, 5-year net survival (%)",IDN,2021,,73.60078574,73.6 [60.0-84.8]
CANCERSURVIVAL_BREASTCANCER,"Cancer survival for those diagnosed with breast cancer, 5-year net survival (%)",IND,2021,,65.73753477,65.7 [53.9-75.5]
CANCERSURVIVAL_BREASTCANCER,"Cancer survival for those diagnosed with breast cancer, 5-year net survival (%)",IRL,2021,,87.3,87.3 [85.4-89.0]
CANCERSURVIVAL_BREASTCANCER,"Cancer survival for those diagnosed with breast cancer, 5-year net survival (%)",IRN,2021,,54.17331282,54.2 [38.7-68.7]
CANCERSURVIVAL_BREASTCANCER,"Cancer survival for those diagnosed with breast cancer, 5-year net survival (%)",IRQ,2021,,61.47299457,61.5 [41.1-78.1]
CANCERSURVIVAL_BREASTCANCER,"Cancer survival for those diagnosed with breast cancer, 5-year net survival (%)",ISL,2021,,89.24388079,89.2 [86.9-91.1]
CANCERSURVIVAL_BREASTCANCER,"Cancer survival for those diagnosed with breast cancer, 5-year net survival (%)",ISR,2021,,90.4265914,90.4 [87.8-92.4]
CANCERSURVIVAL_BREASTCANCER,"Cancer survival for those diagnosed with breast cancer, 5-year net survival (%)",ITA,2021,,86.80283027,86.8 [83.7-89.4]
CANCERSURVIVAL_BREASTCANCER,"Cancer survival for those diagnosed with breast cancer, 5-year net survival (%)",JAM,2021,,81.45119163,81.5 [66.2-90.8]
CANCERSURVIVAL_BREASTCANCER,"Cancer survival for those diagnosed with breast cancer, 5-year net survival (%)",JOR,2021,,72.68647632,72.7 [54.2-85.4]
CANCERSURVIVAL_BREASTCANCER,"Cancer survival for those diagnosed with breast cancer, 5-year net survival (%)",JPN,2021,,91.65048289,91.7 [89.5-93.4]
CANCERSURVIVAL_BREASTCANCER,"Cancer survival for those diagnosed with breast cancer, 5-year net survival (%)",KAZ,2021,,82.9,82.9 [80.1-86.0]
CANCERSURVIVAL_BREASTCANCER,"Cancer survival for those diagnosed with breast cancer, 5-year net survival (%)",KEN,2021,,43.42620165,43.4 [24.7-63.4]
CANCERSURVIVAL_BREASTCANCER,"Cancer survival for those diagnosed with breast cancer, 5-year net survival (%)",KGZ,2021,,66.46252978,66.5 [48.2-80.6]
CANCERSURVIVAL_BREASTCANCER,"Cancer survival for those diagnosed with breast cancer, 5-year net survival (%)",KHM,2021,,64.49774761,64.5 [43.8-79.2]
CANCERSURVIVAL_BREASTCANCER,"Cancer survival for those diagnosed with breast cancer, 5-year net survival (%)",KIR,2021,,43.65998299,43.7 [24.9-64.3]
CANCERSURVIVAL_BREASTCANCER,"Cancer survival for those diagnosed with breast cancer, 5-year net survival (%)",KNA,2021,,62.94693088,62.9 [40.9-80.5]
CANCERSURVIVAL_BREASTCANCER,"Cancer survival for those diagnosed with breast cancer, 5-year net survival (%)",KOR,2021,,88.63168664,88.6 [85.9-90.9]
CANCERSURVIVAL_BREASTCANCER,"Cancer survival for those diagnosed with breast cancer, 5-year net survival (%)",KWT,2021,,77.2965213,77.3 [69.0-84.0]
CANCERSURVIVAL_BREASTCANCER,"Cancer survival for those diagnosed with breast cancer, 5-year net survival (%)",LAO,2021,,59.65469079,59.7 [39.3-76.2]
CANCERSURVIVAL_BREASTCANCER,"Cancer survival for those diagnosed with breast cancer, 5-year net survival (%)",LBN,2021,,77.55700554,77.6 [61.7-88.0]
CANCERSURVIVAL_BREASTCANCER,"Cancer survival for those diagnosed with breast cancer, 5-year net survival (%)",LBR,2021,,35.1358095,35.1 [18.8-57.1]
CANCERSURVIVAL_BREASTCANCER,"Cancer survival for those diagnosed with breast cancer, 5-year net survival (%)",LBY,2021,,69.51667437,69.5 [52.1-82.8]
CANCERSURVIVAL_BREASTCANCER,"Cancer survival for those diagnosed with breast cancer, 5-year net survival (%)",LCA,2021,,63.68264112,63.7 [42.0-81.4]
CANCERSURVIVAL_BREASTCANCER,"Cancer survival for those diagnosed with breast cancer, 5-year net survival (%)",LKA,2021,,77.14516125,77.1 [59.9-88.1]
CANCERSURVIVAL_BREASTCANCER,"Cancer survival for those diagnosed with breast cancer, 5-year net survival (%)",LSO,2021,,26.59789388,26.6 [13.2-48.2]
CANCERSURVIVAL_BREASTCANCER,"Cancer survival for those diagnosed with breast cancer, 5-year net survival (%)",LTU,2021,,77.6591784,77.7 [72.5-81.9]
CANCERSURVIVAL_BREASTCANCER,"Cancer survival for those diagnosed with breast cancer, 5-year net survival (%)",LUX,2021,,87.66913678,87.7 [76.3-93.9]
CANCERSURVIVAL_BREASTCANCER,"Cancer survival for those diagnosed with breast cancer, 5-year net survival (%)",LVA,2021,,86.65173699,86.7 [83.1-89.5]
CANCERSURVIVAL_BREASTCANCER,"Cancer survival for those diagnosed with breast cancer, 5-year net survival (%)",MAR,2021,,66.4506288,66.5 [46.5-81.5]
CANCERSURVIVAL_BREASTCANCER,"Cancer survival for those diagnosed with breast cancer, 5-year net survival (%)",MCO,2021,,93.99713723,94.0 [86.9-97.1]
CANCERSURVIVAL_BREASTCANCER,"Cancer survival for those diagnosed with breast cancer, 5-year net survival (%)",MDA,2021,,70.22787402,70.2 [52.1-83.6]
CANCERSURVIVAL_BREASTCANCER,"Cancer survival for those diagnosed with breast cancer, 5-year net survival (%)",MDG,2021,,43.50179251,43.5 [25.4-63.3]
CANCERSURVIVAL_BREASTCANCER,"Cancer survival for those diagnosed with breast cancer, 5-year net survival (%)",MDV,2021,,77.51986674,77.5 [60.5-88.6]
CANCERSURVIVAL_BREASTCANCER,"Cancer survival for those diagnosed with breast cancer, 5-year net survival (%)",MEX,2021,,81.23895685,81.2 [66.3-90.4]
CANCERSURVIVAL_BREASTCANCER,"Cancer survival for those diagnosed with breast cancer, 5-year net survival (%)",MHL,2021,,48.68316332,48.7 [27.7-71.0]
CANCERSURVIVAL_BREASTCANCER,"Cancer survival for those diagnosed with breast cancer, 5-year net survival (%)",MKD,2021,,78.81174098,78.8 [63.3-88.3]
CANCERSURVIVAL_BREASTCANCER,"Cancer survival for those diagnosed with breast cancer, 5-year net survival (%)",MLI,2021,,41.16155168,41.2 [23.9-60.0]
CANCERSURVIVAL_BREASTCANCER,"Cancer survival for those diagnosed with breast cancer, 5-year net survival (%)",MLT,2021,,89.27491619,89.3 [85.2-92.5]
CANCERSURVIVAL_BREASTCANCER,"Cancer survival for those diagnosed with breast cancer, 5-year net survival (%)",MMR,2021,,62.84313989,62.8 [40.8-78.8]
CANCERSURVIVAL_BREASTCANCER,"Cancer survival for those diagnosed with breast cancer, 5-year net survival (%)",MNE,2021,,82.67783303,82.7 [68.6-90.6]
CANCERSURVIVAL_BREASTCANCER,"Cancer survival for those diagnosed with breast cancer, 5-year net survival (%)",MNG,2021,,78.59581392,78.6 [68.4-86.4]
CANCERSURVIVAL_BREASTCANCER,"Cancer survival for those diagnosed with breast cancer, 5-year net survival (%)",MOZ,2021,,38.16147879,38.2 [21.1-57.7]
CANCERSURVIVAL_BREASTCANCER,"Cancer survival for those diagnosed with breast cancer, 5-year net survival (%)",MRT,2021,,59.51988063,59.5 [40.0-76.7]
CANCERSURVIVAL_BREASTCANCER,"Cancer survival for those diagnosed with breast cancer, 5-year net survival (%)",MUS,2021,,84.48666436,84.5 [75.2-91.0]
CANCERSURVIVAL_BREASTCANCER,"Cancer survival for those diagnosed with breast cancer, 5-year net survival (%)",MWI,2021,,41.57545908,41.6 [21.7-62.4]
CANCERSURVIVAL_BREASTCANCER,"Cancer survival for those diagnosed with breast cancer, 5-year net survival (%)",MYS,2021,,71.70621082,71.7 [60.4-80.2]
CANCERSURVIVAL_BREASTCANCER,"Cancer survival for those diagnosed with breast cancer, 5-year net survival (%)",NAM,2021,,53.5373597,53.5 [45.3-61.1]
CANCERSURVIVAL_BREASTCANCER,"Cancer survival for those diagnosed with breast cancer, 5-year net survival (%)",NER,2021,,39.58514796,39.6 [22.4-59.6]
CANCERSURVIVAL_BREASTCANCER,"Cancer survival for those diagnosed with breast cancer, 5-year net survival (%)",NGA,2021,,27.70215071,27.7 [22.1-34.1]
CANCERSURVIVAL_BREASTCANCER,"Cancer survival for those diagnosed with breast cancer, 5-year net survival (%)",NIC,2021,,79.19675771,79.2 [64.4-89.7]
CANCERSURVIVAL_BREASTCANCER,"Cancer survival for those diagnosed with breast cancer, 5-year net survival (%)",NIU,2021,,54.70452904,54.7 [31.9-77.2]
CANCERSURVIVAL_BREASTCANCER,"Cancer survival for those diagnosed with breast cancer, 5-year net survival (%)",NLD,2021,,88.77748676,88.8 [86.2-90.9]
CANCERSURVIVAL_BREASTCANCER,"Cancer survival for those diagnosed with breast cancer, 5-year net survival (%)",NOR,2021,,91.0161796,91.0 [89.8-92.2]
CANCERSURVIVAL_BREASTCANCER,"Cancer survival for those diagnosed with breast cancer, 5-year net survival (%)",NPL,2021,,61.59897054,61.6 [41.1-79.0]
CANCERSURVIVAL_BREASTCANCER,"Cancer survival for those diagnosed with breast cancer, 5-year net survival (%)",NRU,2021,,42.21459951,42.2 [23.3-63.6]
CANCERSURVIVAL_BREASTCANCER,"Cancer survival for those diagnosed with breast cancer, 5-year net survival (%)",NZL,2021,,89.11087451,89.1 [86.3-91.4]
CANCERSURVIVAL_BREASTCANCER,"Cancer survival for those diagnosed with breast cancer, 5-year net survival (%)",OMN,2021,,73.58605281,73.6 [56.9-85.3]
CANCERSURVIVAL_BREASTCANCER,"Cancer survival for those diagnosed with breast cancer, 5-year net survival (%)",PAK,2021,,59.01662404,59.0 [37.9-77.0]
CANCERSURVIVAL_BREASTCANCER,"Cancer survival for those diagnosed with breast cancer, 5-year net survival (%)",PAN,2021,,86.38664857,86.4 [73.6-93.4]
CANCERSURVIVAL_BREASTCANCER,"Cancer survival for those diagnosed with breast cancer, 5-year net survival (%)",PER,2021,,85.79920414,85.8 [81.2-89.7]
CANCERSURVIVAL_BREASTCANCER,"Cancer survival for those diagnosed with breast cancer, 5-year net survival (%)",PHL,2021,,69.49272671,69.5 [50.4-83.4]
CANCERSURVIVAL_BREASTCANCER,"Cancer survival for those diagnosed with breast cancer, 5-year net survival (%)",PLW,2021,,53.07458497,53.1 [31.2-74.0]
CANCERSURVIVAL_BREASTCANCER,"Cancer survival for those diagnosed with breast cancer, 5-year net survival (%)",PNG,2021,,63.02212291,63.0 [43.8-79.1]
CANCERSURVIVAL_BREASTCANCER,"Cancer survival for those diagnosed with breast cancer, 5-year net survival (%)",POL,2021,,79.31340303,79.3 [75.3-83.0]
CANCERSURVIVAL_BREASTCANCER,"Cancer survival for those diagnosed with breast cancer, 5-year net survival (%)",PRK,2021,,66.94343342,66.9 [46.9-81.3]
CANCERSURVIVAL_BREASTCANCER,"Cancer survival for those diagnosed with breast cancer, 5-year net survival (%)",PRT,2021,,90.06418664,90.1 [87.4-92.3]
CANCERSURVIVAL_BREASTCANCER,"Cancer survival for those diagnosed with breast cancer, 5-year net survival (%)",PRY,2021,,79.43168391,79.4 [64.4-89.6]
CANCERSURVIVAL_BREASTCANCER,"Cancer survival for those diagnosed with breast cancer, 5-year net survival (%)",QAT,2021,,82.6889747,82.7 [68.3-91.2]
CANCERSURVIVAL_BREASTCANCER,"Cancer survival for those diagnosed with breast cancer, 5-year net survival (%)",ROU,2021,,79.70135255,79.7 [72.5-85.5]
CANCERSURVIVAL_BREASTCANCER,"Cancer survival for those diagnosed with breast cancer, 5-year net survival (%)",RUS,2021,,71.77878349,71.8 [65.5-77.2]
CANCERSURVIVAL_BREASTCANCER,"Cancer survival for those diagnosed with breast cancer, 5-year net survival (%)",RWA,2021,,48.3972504,48.4 [30.7-67.2]
CANCERSURVIVAL_BREASTCANCER,"Cancer survival for those diagnosed with breast cancer, 5-year net survival (%)",SAU,2021,,69.95736759,70.0 [50.7-83.2]
CANCERSURVIVAL_BREASTCANCER,"Cancer survival for those diagnosed with breast cancer, 5-year net survival (%)",SDN,2021,,49.71593961,49.7 [30.8-68.8]
CANCERSURVIVAL_BREASTCANCER,"Cancer survival for those diagnosed with breast cancer, 5-year net survival (%)",SEN,2021,,52.63027346,52.6 [33.1-70.5]
CANCERSURVIVAL_BREASTCANCER,"Cancer survival for those diagnosed with breast cancer, 5-year net survival (%)",SGP,2021,,83.5,83.5 [81.2-85.6]
CANCERSURVIVAL_BREASTCANCER,"Cancer survival for those diagnosed with breast cancer, 5-year net survival (%)",SLB,2021,,49.40581496,49.4 [29.3-69.1]
CANCERSURVIVAL_BREASTCANCER,"Cancer survival for those diagnosed with breast cancer, 5-year net survival (%)",SLE,2021,,33.74842098,33.7 [17.4-53.5]
CANCERSURVIVAL_BREASTCANCER,"Cancer survival for those diagnosed with breast cancer, 5-year net survival (%)",SLV,2021,,81.26889503,81.3 [65.7-90.2]
CANCERSURVIVAL_BREASTCANCER,"Cancer survival for those diagnosed with breast cancer, 5-year net survival (%)",SMR,2021,,67.09717899,67.1 [42.8-84.2]
CANCERSURVIVAL_BREASTCANCER,"Cancer survival for those diagnosed with breast cancer, 5-year net survival (%)",SOM,2021,,29.8852309,29.9 [15.4-48.9]
CANCERSURVIVAL_BREASTCANCER,"Cancer survival for those diagnosed with breast cancer, 5-year net survival (%)",SRB,2021,,79.77720445,79.8 [64.8-89.0]
CANCERSURVIVAL_BREASTCANCER,"Cancer survival for those diagnosed with breast cancer, 5-year net survival (%)",SSD,2021,,38.56448219,38.6 [20.8-58.3]
CANCERSURVIVAL_BREASTCANCER,"Cancer survival for those diagnosed with breast cancer, 5-year net survival (%)",STP,2021,,39.60912471,39.6 [21.8-63.3]
CANCERSURVIVAL_BREASTCANCER,"Cancer survival for those diagnosed with breast cancer, 5-year net survival (%)",SUR,2021,,84.0092518,84.0 [69.8-91.9]
CANCERSURVIVAL_BREASTCANCER,"Cancer survival for those diagnosed with breast cancer, 5-year net survival (%)",SVK,2021,,77.03968856,77.0 [70.8-81.8]
CANCERSURVIVAL_BREASTCANCER,"Cancer survival for those diagnosed with breast cancer, 5-year net survival (%)",SVN,2021,,86.3,86.3 [84.9-87.7]
CANCERSURVIVAL_BREASTCANCER,"Cancer survival for those diagnosed with breast cancer, 5-year net survival (%)",SWE,2021,,92.52408583,92.5 [91.5-93.5]
CANCERSURVIVAL_BREASTCANCER,"Cancer survival for those diagnosed with breast cancer, 5-year net survival (%)",SWZ,2021,,30.57803269,30.6 [15.6-52.6]
CANCERSURVIVAL_BREASTCANCER,"Cancer survival for those diagnosed with breast cancer, 5-year net survival (%)",SYC,2021,,56.93285353,56.9 [34.4-76.2]
CANCERSURVIVAL_BREASTCANCER,"Cancer survival for those diagnosed with breast cancer, 5-year net survival (%)",SYR,2021,,61.36438293,61.4 [40.3-77.0]
CANCERSURVIVAL_BREASTCANCER,"Cancer survival for those diagnosed with breast cancer, 5-year net survival (%)",TCD,2021,,32.05807143,32.1 [17.5-52.6]
CANCERSURVIVAL_BREASTCANCER,"Cancer survival for those diagnosed with breast cancer, 5-year net survival (%)",TGO,2021,,42.29162558,42.3 [25.2-63.1]
CANCERSURVIVAL_BREASTCANCER,"Cancer survival for those diagnosed with breast cancer, 5-year net survival (%)",THA,2021,,77.55010452,77.6 [67.8-84.7]
CANCERSURVIVAL_BREASTCANCER,"Cancer survival for those diagnosed with breast cancer, 5-year net survival (%)",TJK,2021,,63.29348232,63.3 [43.5-78.5]
CANCERSURVIVAL_BREASTCANCER,"Cancer survival for those diagnosed with breast cancer, 5-year net survival (%)",TKM,2021,,73.40181954,73.4 [54.7-86.0]
CANCERSURVIVAL_BREASTCANCER,"Cancer survival for those diagnosed with breast cancer, 5-year net survival (%)",TLS,2021,,48.41221805,48.4 [28.8-68.5]
CANCERSURVIVAL_BREASTCANCER,"Cancer survival for those diagnosed with breast cancer, 5-year net survival (%)",TON,2021,,49.22782895,49.2 [28.5-69.8]
CANCERSURVIVAL_BREASTCANCER,"Cancer survival for those diagnosed with breast cancer, 5-year net survival (%)",TTO,2021,,85.29981719,85.3 [72.3-92.8]
CANCERSURVIVAL_BREASTCANCER,"Cancer survival for those diagnosed with breast cancer, 5-year net survival (%)",TUN,2021,,73.49158785,73.5 [55.2-85.6]
CANCERSURVIVAL_BREASTCANCER,"Cancer survival for those diagnosed with breast cancer, 5-year net survival (%)",TUR,2021,,84.45048045,84.5 [80.6-87.6]
CANCERSURVIVAL_BREASTCANCER,"Cancer survival for those diagnosed with breast cancer, 5-year net survival (%)",TUV,2021,,49.0297678,49.0 [28.9-70.2]
CANCERSURVIVAL_BREASTCANCER,"Cancer survival for those diagnosed with breast cancer, 5-year net survival (%)",TZA,2021,,46.55080745,46.6 [27.9-66.2]
CANCERSURVIVAL_BREASTCANCER,"Cancer survival for those diagnosed with breast cancer, 5-year net survival (%)",UGA,2021,,37.57659078,37.6 [30.5-45.1]
CANCERSURVIVAL_BREASTCANCER,"Cancer survival for those diagnosed with breast cancer, 5-year net survival (%)",UKR,2021,,77.19316177,77.2 [60.6-87.9]
CANCERSURVIVAL_BREASTCANCER,"Cancer survival for those diagnosed with breast cancer, 5-year net survival (%)",URY,2021,,83.84935526,83.8 [70.2-91.7]
CANCERSURVIVAL_BREASTCANCER,"Cancer survival for those diagnosed with breast cancer, 5-year net survival (%)",USA,2021,,90.93611353,90.9 [88.6-92.7]
CANCERSURVIVAL_BREASTCANCER,"Cancer survival for those diagnosed with breast cancer, 5-year net survival (%)",UZB,2021,,67.60455257,67.6 [48.9-81.2]
CANCERSURVIVAL_BREASTCANCER,"Cancer survival for those diagnosed with breast cancer, 5-year net survival (%)",VCT,2021,,60.84489848,60.8 [38.7-80.3]
CANCERSURVIVAL_BREASTCANCER,"Cancer survival for those diagnosed with breast cancer, 5-year net survival (%)",VEN,2021,,82.90524268,82.9 [68.3-91.2]
CANCERSURVIVAL_BREASTCANCER,"Cancer survival for those diagnosed with breast cancer, 5-year net survival (%)",VNM,2021,,76.62883997,76.6 [58.0-87.5]
CANCERSURVIVAL_BREASTCANCER,"Cancer survival for those diagnosed with breast cancer, 5-year net survival (%)",VUT,2021,,45.98413922,46.0 [25.6-66.6]
CANCERSURVIVAL_BREASTCANCER,"Cancer survival for those diagnosed with breast cancer, 5-year net survival (%)",WSM,2021,,52.1267499,52.1 [32.0-73.2]
CANCERSURVIVAL_BREASTCANCER,"Cancer survival for those diagnosed with breast cancer, 5-year net survival (%)",YEM,2021,,45.19281416,45.2 [26.9-64.3]
CANCERSURVIVAL_BREASTCANCER,"Cancer survival for those diagnosed with breast cancer, 5-year net survival (%)",ZAF,2021,,54.35626345,54.4 [47.0-61.3]
CANCERSURVIVAL_BREASTCANCER,"Cancer survival for those diagnosed with breast cancer, 5-year net survival (%)",ZMB,2021,,44.75134884,44.8 [36.0-53.6]
CANCERSURVIVAL_BREASTCANCER,"Cancer survival for those diagnosed with breast cancer, 5-year net survival (%)",ZWE,2021,,47.17728222,47.2 [28.4-66.4]
